{
    "Abigail": {
        "Normal Moves": {
            "Standing LP": {
                "moveCommand": "",
                "startUpFrames": "5",
                "activeFrames": "3",
                "recoveryFrames": "10",
                "framesOnHit": "4",
                "framesOnBlock": "3",
                "vTriggerCancelHit": "8",
                "vTriggerCancelBlock": "7",
                "moveProperties": "High",
                "moveType": "Normal Moves"
            },
            "Standing MP": {
                "moveCommand": "",
                "startUpFrames": "9",
                "activeFrames": "3",
                "recoveryFrames": "18",
                "framesOnHit": "7",
                "framesOnBlock": "5",
                "vTriggerCancelHit": "21",
                "vTriggerCancelBlock": "19",
                "moveProperties": "High",
                "moveType": "Normal Moves"
            },
            "Standing HP": {
                "moveCommand": "",
                "startUpFrames": "20",
                "activeFrames": "4",
                "recoveryFrames": "25",
                "framesOnHit": "0",
                "framesOnBlock": "-3",
                "vTriggerCancelHit": "25",
                "vTriggerCancelBlock": "22",
                "moveProperties": "High",
                "moveType": "Normal Moves"
            },
            "Standing LK": {
                "moveCommand": "",
                "startUpFrames": "6",
                "activeFrames": "3",
                "recoveryFrames": "12",
                "framesOnHit": "4",
                "framesOnBlock": "3",
                "vTriggerCancelHit": "11",
                "vTriggerCancelBlock": "10",
                "moveProperties": "High",
                "moveType": "Normal Moves"
            },
            "Standing MK": {
                "moveCommand": "",
                "startUpFrames": "11",
                "activeFrames": "3",
                "recoveryFrames": "18",
                "framesOnHit": "2",
                "framesOnBlock": "0",
                "vTriggerCancelHit": "16",
                "vTriggerCancelBlock": "14",
                "moveProperties": "High",
                "moveType": "Normal Moves"
            },
            "Standing HK": {
                "moveCommand": "",
                "startUpFrames": "18",
                "activeFrames": "4",
                "recoveryFrames": "29",
                "framesOnHit": "D",
                "framesOnBlock": "-8",
                "vTriggerCancelHit": "Ｄ",
                "vTriggerCancelBlock": "18",
                "moveProperties": "High",
                "moveType": "Normal Moves"
            },
            "Crouching LP": {
                "moveCommand": "",
                "startUpFrames": "6",
                "activeFrames": "3",
                "recoveryFrames": "12",
                "framesOnHit": "2",
                "framesOnBlock": "1",
                "vTriggerCancelHit": "8",
                "vTriggerCancelBlock": "7",
                "moveProperties": "High",
                "moveType": "Normal Moves"
            },
            "Crouching MP": {
                "moveCommand": "",
                "startUpFrames": "13",
                "activeFrames": "4",
                "recoveryFrames": "18",
                "framesOnHit": "3",
                "framesOnBlock": "-2",
                "vTriggerCancelHit": "17",
                "vTriggerCancelBlock": "12",
                "moveProperties": "High",
                "moveType": "Normal Moves"
            },
            "Crouching HP": {
                "moveCommand": "",
                "startUpFrames": "11",
                "activeFrames": "5",
                "recoveryFrames": "35",
                "framesOnHit": "-13",
                "framesOnBlock": "-18",
                "vTriggerCancelHit": "20",
                "vTriggerCancelBlock": "15",
                "moveProperties": "High",
                "moveType": "Normal Moves"
            },
            "Crouching LK": {
                "moveCommand": "",
                "startUpFrames": "4",
                "activeFrames": "2",
                "recoveryFrames": "12",
                "framesOnHit": "5",
                "framesOnBlock": "2",
                "vTriggerCancelHit": "11",
                "vTriggerCancelBlock": "8",
                "moveProperties": "Low",
                "moveType": "Normal Moves"
            },
            "Crouching MK": {
                "moveCommand": "",
                "startUpFrames": "12",
                "activeFrames": "2",
                "recoveryFrames": "21",
                "framesOnHit": "0",
                "framesOnBlock": "-3",
                "vTriggerCancelHit": "16",
                "vTriggerCancelBlock": "13",
                "moveProperties": "Low",
                "moveType": "Normal Moves"
            },
            "Crouching HK": {
                "moveCommand": "",
                "startUpFrames": "16",
                "activeFrames": "6",
                "recoveryFrames": "32",
                "framesOnHit": "D",
                "framesOnBlock": "-14",
                "vTriggerCancelHit": "25",
                "vTriggerCancelBlock": "16",
                "moveProperties": "High/Low",
                "moveType": "Normal Moves"
            },
            "Jumping LP": {
                "moveCommand": "",
                "startUpFrames": "5",
                "activeFrames": "5",
                "recoveryFrames": "",
                "framesOnHit": "",
                "framesOnBlock": "",
                "vTriggerCancelHit": "",
                "vTriggerCancelBlock": "",
                "moveProperties": "Mid",
                "moveType": "Normal Moves"
            },
            "Jumping MP": {
                "moveCommand": "",
                "startUpFrames": "14",
                "activeFrames": "5",
                "recoveryFrames": "",
                "framesOnHit": "",
                "framesOnBlock": "",
                "vTriggerCancelHit": "",
                "vTriggerCancelBlock": "",
                "moveProperties": "Mid",
                "moveType": "Normal Moves"
            },
            "Jumping HP": {
                "moveCommand": "",
                "startUpFrames": "12",
                "activeFrames": "6",
                "recoveryFrames": "",
                "framesOnHit": "",
                "framesOnBlock": "",
                "vTriggerCancelHit": "",
                "vTriggerCancelBlock": "",
                "moveProperties": "Mid",
                "moveType": "Normal Moves"
            },
            "Jumping LK": {
                "moveCommand": "",
                "startUpFrames": "4",
                "activeFrames": "5",
                "recoveryFrames": "",
                "framesOnHit": "",
                "framesOnBlock": "",
                "vTriggerCancelHit": "",
                "vTriggerCancelBlock": "",
                "moveProperties": "Mid",
                "moveType": "Normal Moves"
            },
            "Jumping MK": {
                "moveCommand": "",
                "startUpFrames": "10",
                "activeFrames": "5",
                "recoveryFrames": "",
                "framesOnHit": "",
                "framesOnBlock": "",
                "vTriggerCancelHit": "",
                "vTriggerCancelBlock": "",
                "moveProperties": "Mid",
                "moveType": "Normal Moves"
            },
            "Diagonal Jumping HK": {
                "moveCommand": "",
                "startUpFrames": "14",
                "activeFrames": "5",
                "recoveryFrames": "",
                "framesOnHit": "",
                "framesOnBlock": "",
                "vTriggerCancelHit": "",
                "vTriggerCancelBlock": "",
                "moveProperties": "Mid",
                "moveType": "Normal Moves"
            },
            "V-Standing HP": {
                "moveCommand": "",
                "startUpFrames": "20",
                "activeFrames": "4",
                "recoveryFrames": "25",
                "framesOnHit": "0",
                "framesOnBlock": "-3",
                "vTriggerCancelHit": "",
                "vTriggerCancelBlock": "",
                "moveProperties": "High",
                "moveType": "Normal Moves"
            },
            "V-Standing HP Level  2": {
                "moveCommand": "",
                "startUpFrames": "30",
                "activeFrames": "4",
                "recoveryFrames": "25",
                "framesOnHit": "(crumple)",
                "framesOnBlock": "-3",
                "vTriggerCancelHit": "",
                "vTriggerCancelBlock": "",
                "moveProperties": "High",
                "moveType": "Normal Moves"
            },
            "V-Standing HP Level  3": {
                "moveCommand": "",
                "startUpFrames": "45",
                "activeFrames": "4",
                "recoveryFrames": "25",
                "framesOnHit": "(crumple)",
                "framesOnBlock": "GB",
                "vTriggerCancelHit": "",
                "vTriggerCancelBlock": "",
                "moveProperties": "High",
                "moveType": "Normal Moves"
            },
            "V-Crouching HP": {
                "moveCommand": "",
                "startUpFrames": "11",
                "activeFrames": "5",
                "recoveryFrames": "35",
                "framesOnHit": "-13",
                "framesOnBlock": "-18",
                "vTriggerCancelHit": "",
                "vTriggerCancelBlock": "",
                "moveProperties": "High",
                "moveType": "Normal Moves"
            },
            "V-Crouching HP Level  2": {
                "moveCommand": "",
                "startUpFrames": "21",
                "activeFrames": "5",
                "recoveryFrames": "35",
                "framesOnHit": "D",
                "framesOnBlock": "-18",
                "vTriggerCancelHit": "",
                "vTriggerCancelBlock": "",
                "moveProperties": "High",
                "moveType": "Normal Moves"
            },
            "V-Crouching HP Level  3": {
                "moveCommand": "",
                "startUpFrames": "40",
                "activeFrames": "5",
                "recoveryFrames": "35",
                "framesOnHit": "D",
                "framesOnBlock": "GB",
                "vTriggerCancelHit": "",
                "vTriggerCancelBlock": "",
                "moveProperties": "High",
                "moveType": "Normal Moves"
            },
            "Jumping HK": {
                "moveCommand": "",
                "startUpFrames": "14",
                "activeFrames": "5",
                "recoveryFrames": "",
                "framesOnHit": "",
                "framesOnBlock": "",
                "vTriggerCancelHit": "",
                "vTriggerCancelBlock": "",
                "moveProperties": "Mid",
                "moveType": "Normal Moves"
            }
        },
        "Special Moves": {
            "Abi Hammer": {
                "moveCommand": "Forward Strong",
                "startUpFrames": "21",
                "activeFrames": "3",
                "recoveryFrames": "23",
                "framesOnHit": "3",
                "framesOnBlock": "-8",
                "vTriggerCancelHit": "",
                "vTriggerCancelBlock": "",
                "moveProperties": "Mid",
                "moveType": "Special Moves"
            },
            "Abi Lift": {
                "moveCommand": "Forward Fierce",
                "startUpFrames": "10",
                "activeFrames": "5",
                "recoveryFrames": "18",
                "framesOnHit": "4",
                "framesOnBlock": "1",
                "vTriggerCancelHit": "20",
                "vTriggerCancelBlock": "17",
                "moveProperties": "High",
                "moveType": "Special Moves"
            },
            "Abi Blaster": {
                "moveCommand": "Back Fierce",
                "startUpFrames": "7",
                "activeFrames": "2",
                "recoveryFrames": "35",
                "framesOnHit": "-3",
                "framesOnBlock": "-6",
                "vTriggerCancelHit": "22",
                "vTriggerCancelBlock": "19",
                "moveProperties": "High",
                "moveType": "Special Moves"
            },
            "Abi Scissor": {
                "moveCommand": "",
                "startUpFrames": "13",
                "activeFrames": "2",
                "recoveryFrames": "30",
                "framesOnHit": "D",
                "framesOnBlock": "-14",
                "vTriggerCancelHit": "D",
                "vTriggerCancelBlock": "11",
                "moveProperties": "Low",
                "moveType": "Special Moves"
            },
            "Vroom Vroom": {
                "moveCommand": "",
                "startUpFrames": "3",
                "activeFrames": "2",
                "recoveryFrames": "11",
                "framesOnHit": "4",
                "framesOnBlock": "3",
                "vTriggerCancelHit": "6",
                "vTriggerCancelBlock": "5",
                "moveProperties": "High",
                "moveType": "Special Moves"
            },
            "Bang Bang": {
                "moveCommand": "",
                "startUpFrames": "4",
                "activeFrames": "3",
                "recoveryFrames": "9",
                "framesOnHit": "4",
                "framesOnBlock": "3",
                "vTriggerCancelHit": "5",
                "vTriggerCancelBlock": "4",
                "moveProperties": "High",
                "moveType": "Special Moves"
            },
            "Abi Twist": {
                "moveCommand": "",
                "startUpFrames": "17",
                "activeFrames": "2",
                "recoveryFrames": "28",
                "framesOnHit": "D",
                "framesOnBlock": "-9",
                "vTriggerCancelHit": "D",
                "vTriggerCancelBlock": "14",
                "moveProperties": "High",
                "moveType": "Special Moves"
            },
            "V-Abi Lift": {
                "moveCommand": "Forward Fierce",
                "startUpFrames": "10",
                "activeFrames": "5",
                "recoveryFrames": "18",
                "framesOnHit": "4",
                "framesOnBlock": "1",
                "vTriggerCancelHit": "",
                "vTriggerCancelBlock": "",
                "moveProperties": "High",
                "moveType": "Special Moves"
            },
            "V-Abi Blaster": {
                "moveCommand": "Back Fierce",
                "startUpFrames": "7",
                "activeFrames": "2",
                "recoveryFrames": "35",
                "framesOnHit": "-3",
                "framesOnBlock": "-6",
                "vTriggerCancelHit": "",
                "vTriggerCancelBlock": "",
                "moveProperties": "High",
                "moveType": "Special Moves"
            },
            "V-Abi Twist": {
                "moveCommand": "",
                "startUpFrames": "17",
                "activeFrames": "2",
                "recoveryFrames": "28",
                "framesOnHit": "D",
                "framesOnBlock": "-9",
                "vTriggerCancelHit": "",
                "vTriggerCancelBlock": "",
                "moveProperties": "High",
                "moveType": "Special Moves"
            },
            "L Abigail Punch": {
                "moveCommand": "",
                "startUpFrames": "14",
                "activeFrames": "2",
                "recoveryFrames": "31",
                "framesOnHit": "D",
                "framesOnBlock": "-12",
                "vTriggerCancelHit": "",
                "vTriggerCancelBlock": "",
                "moveProperties": "High",
                "moveType": "Special Moves"
            },
            "L Abigail Punch Rapid Button Press": {
                "moveCommand": "",
                "startUpFrames": "",
                "activeFrames": "",
                "recoveryFrames": "",
                "framesOnHit": "",
                "framesOnBlock": "",
                "vTriggerCancelHit": "",
                "vTriggerCancelBlock": "",
                "moveProperties": "High",
                "moveType": "Special Moves"
            },
            "M Abigail Punch": {
                "moveCommand": "",
                "startUpFrames": "20",
                "activeFrames": "2",
                "recoveryFrames": "31",
                "framesOnHit": "D",
                "framesOnBlock": "-19",
                "vTriggerCancelHit": "",
                "vTriggerCancelBlock": "",
                "moveProperties": "High",
                "moveType": "Special Moves"
            },
            "M Abigail Punch Rapid Button Press": {
                "moveCommand": "",
                "startUpFrames": "",
                "activeFrames": "",
                "recoveryFrames": "",
                "framesOnHit": "",
                "framesOnBlock": "",
                "vTriggerCancelHit": "",
                "vTriggerCancelBlock": "",
                "moveProperties": "High",
                "moveType": "Special Moves"
            },
            "H Abigail Punch": {
                "moveCommand": "",
                "startUpFrames": "16",
                "activeFrames": "2",
                "recoveryFrames": "31",
                "framesOnHit": "D",
                "framesOnBlock": "-16",
                "vTriggerCancelHit": "",
                "vTriggerCancelBlock": "",
                "moveProperties": "High",
                "moveType": "Special Moves"
            },
            "H Abigail Punch Rapid Button Press": {
                "moveCommand": "",
                "startUpFrames": "",
                "activeFrames": "",
                "recoveryFrames": "",
                "framesOnHit": "",
                "framesOnBlock": "",
                "vTriggerCancelHit": "",
                "vTriggerCancelBlock": "",
                "moveProperties": "High",
                "moveType": "Special Moves"
            },
            "EX Abigail Punch": {
                "moveCommand": "",
                "startUpFrames": "14",
                "activeFrames": "2",
                "recoveryFrames": "38",
                "framesOnHit": "D",
                "framesOnBlock": "-23",
                "vTriggerCancelHit": "",
                "vTriggerCancelBlock": "",
                "moveProperties": "High",
                "moveType": "Special Moves"
            },
            "EX Abigail Punch Rapid Button Press": {
                "moveCommand": "",
                "startUpFrames": "",
                "activeFrames": "",
                "recoveryFrames": "",
                "framesOnHit": "",
                "framesOnBlock": "",
                "vTriggerCancelHit": "",
                "vTriggerCancelBlock": "",
                "moveProperties": "High",
                "moveType": "Special Moves"
            },
            "L Giant Flip": {
                "moveCommand": "",
                "startUpFrames": "23",
                "activeFrames": "7",
                "recoveryFrames": "22",
                "framesOnHit": "D",
                "framesOnBlock": "0",
                "vTriggerCancelHit": "",
                "vTriggerCancelBlock": "",
                "moveProperties": "High",
                "moveType": "Special Moves"
            },
            "M Giant Flip": {
                "moveCommand": "",
                "startUpFrames": "33",
                "activeFrames": "6",
                "recoveryFrames": "22",
                "framesOnHit": "D",
                "framesOnBlock": "1",
                "vTriggerCancelHit": "",
                "vTriggerCancelBlock": "",
                "moveProperties": "High",
                "moveType": "Special Moves"
            },
            "H Giant Flip": {
                "moveCommand": "",
                "startUpFrames": "36",
                "activeFrames": "6",
                "recoveryFrames": "23",
                "framesOnHit": "D",
                "framesOnBlock": "2",
                "vTriggerCancelHit": "",
                "vTriggerCancelBlock": "",
                "moveProperties": "High",
                "moveType": "Special Moves"
            },
            "EX Giant Flip": {
                "moveCommand": "",
                "startUpFrames": "9",
                "activeFrames": "8",
                "recoveryFrames": "24",
                "framesOnHit": "D",
                "framesOnBlock": "-2",
                "vTriggerCancelHit": "",
                "vTriggerCancelBlock": "",
                "moveProperties": "High",
                "moveType": "Special Moves"
            },
            "EX Giant Flip Rapid Button Press": {
                "moveCommand": "",
                "startUpFrames": "30",
                "activeFrames": "6",
                "recoveryFrames": "26",
                "framesOnHit": "D",
                "framesOnBlock": "-8",
                "vTriggerCancelHit": "",
                "vTriggerCancelBlock": "",
                "moveProperties": "High",
                "moveType": "Special Moves"
            },
            "L Abigail Smash": {
                "moveCommand": "",
                "startUpFrames": "6",
                "activeFrames": "2",
                "recoveryFrames": "60",
                "framesOnHit": "D",
                "framesOnBlock": "",
                "vTriggerCancelHit": "",
                "vTriggerCancelBlock": "",
                "moveProperties": "Throw",
                "moveType": "Special Moves"
            },
            "M Abigail Smash": {
                "moveCommand": "",
                "startUpFrames": "6",
                "activeFrames": "2",
                "recoveryFrames": "60",
                "framesOnHit": "D",
                "framesOnBlock": "",
                "vTriggerCancelHit": "",
                "vTriggerCancelBlock": "",
                "moveProperties": "Throw",
                "moveType": "Special Moves"
            },
            "H Abigail Smash": {
                "moveCommand": "",
                "startUpFrames": "6",
                "activeFrames": "2",
                "recoveryFrames": "60",
                "framesOnHit": "D",
                "framesOnBlock": "",
                "vTriggerCancelHit": "",
                "vTriggerCancelBlock": "",
                "moveProperties": "Throw",
                "moveType": "Special Moves"
            },
            "EX Abigail Smash": {
                "moveCommand": "",
                "startUpFrames": "6",
                "activeFrames": "2",
                "recoveryFrames": "60",
                "framesOnHit": "D",
                "framesOnBlock": "",
                "vTriggerCancelHit": "",
                "vTriggerCancelBlock": "",
                "moveProperties": "Throw",
                "moveType": "Special Moves"
            },
            "Nitro Charge": {
                "moveCommand": "",
                "startUpFrames": "124  total frames",
                "activeFrames": "",
                "recoveryFrames": "",
                "framesOnHit": "",
                "framesOnBlock": "",
                "vTriggerCancelHit": "",
                "vTriggerCancelBlock": "",
                "moveProperties": "",
                "moveType": "Special Moves"
            },
            "Nitro Blitz": {
                "moveCommand": "",
                "startUpFrames": "100  total frames",
                "activeFrames": "",
                "recoveryFrames": "",
                "framesOnHit": "",
                "framesOnBlock": "",
                "vTriggerCancelHit": "",
                "vTriggerCancelBlock": "",
                "moveProperties": "",
                "moveType": "Special Moves"
            },
            "Dynamite Punch": {
                "moveCommand": "",
                "startUpFrames": "15",
                "activeFrames": "3",
                "recoveryFrames": "29",
                "framesOnHit": "D",
                "framesOnBlock": "-9",
                "vTriggerCancelHit": "",
                "vTriggerCancelBlock": "",
                "moveProperties": "High",
                "moveType": "Special Moves"
            },
            "Avalanche Press": {
                "moveCommand": "",
                "startUpFrames": "23",
                "activeFrames": "7",
                "recoveryFrames": "32",
                "framesOnHit": "D",
                "framesOnBlock": "-12",
                "vTriggerCancelHit": "",
                "vTriggerCancelBlock": "",
                "moveProperties": "Mid",
                "moveType": "Special Moves"
            },
            "Bay Area Sunrise": {
                "moveCommand": "",
                "startUpFrames": "8",
                "activeFrames": "2",
                "recoveryFrames": "60",
                "framesOnHit": "D",
                "framesOnBlock": "",
                "vTriggerCancelHit": "",
                "vTriggerCancelBlock": "",
                "moveProperties": "Throw",
                "moveType": "Special Moves"
            },
            "Hungabee High": {
                "moveCommand": "",
                "startUpFrames": "3",
                "activeFrames": "10",
                "recoveryFrames": "36",
                "framesOnHit": "",
                "framesOnBlock": "",
                "vTriggerCancelHit": "",
                "vTriggerCancelBlock": "",
                "moveProperties": "",
                "moveType": "Special Moves"
            },
            "Hungabee Low": {
                "moveCommand": "",
                "startUpFrames": "3",
                "activeFrames": "10",
                "recoveryFrames": "36",
                "framesOnHit": "",
                "framesOnBlock": "",
                "vTriggerCancelHit": "",
                "vTriggerCancelBlock": "",
                "moveProperties": "",
                "moveType": "Special Moves"
            },
            "Hungabee (upon successful parry)": {
                "moveCommand": "",
                "startUpFrames": "4",
                "activeFrames": "8",
                "recoveryFrames": "20",
                "framesOnHit": "22",
                "framesOnBlock": "-6",
                "vTriggerCancelHit": "",
                "vTriggerCancelBlock": "",
                "moveProperties": "High",
                "moveType": "Special Moves"
            },
            "Drop Back": {
                "moveCommand": "",
                "startUpFrames": "37  total frames",
                "activeFrames": "",
                "recoveryFrames": "",
                "framesOnHit": "",
                "framesOnBlock": "",
                "vTriggerCancelHit": "",
                "vTriggerCancelBlock": "",
                "moveProperties": "",
                "moveType": "Special Moves"
            },
            "EX Nitro Charge": {
                "moveCommand": "",
                "startUpFrames": "39",
                "activeFrames": "8",
                "recoveryFrames": "",
                "framesOnHit": "",
                "framesOnBlock": "",
                "vTriggerCancelHit": "",
                "vTriggerCancelBlock": "",
                "moveProperties": "High",
                "moveType": "Special Moves"
            },
            "EX Dynamite Punch": {
                "moveCommand": "",
                "startUpFrames": "15",
                "activeFrames": "3",
                "recoveryFrames": "29",
                "framesOnHit": "(crumple)",
                "framesOnBlock": "-9",
                "vTriggerCancelHit": "",
                "vTriggerCancelBlock": "",
                "moveProperties": "High",
                "moveType": "Special Moves"
            },
            "EX Avalanche Press": {
                "moveCommand": "",
                "startUpFrames": "21",
                "activeFrames": "7",
                "recoveryFrames": "34",
                "framesOnHit": "D",
                "framesOnBlock": "-11",
                "vTriggerCancelHit": "",
                "vTriggerCancelBlock": "",
                "moveProperties": "Mid",
                "moveType": "Special Moves"
            },
            "EX Bay Area Sunrise": {
                "moveCommand": "",
                "startUpFrames": "8",
                "activeFrames": "2",
                "recoveryFrames": "60",
                "framesOnHit": "D",
                "framesOnBlock": "",
                "vTriggerCancelHit": "",
                "vTriggerCancelBlock": "",
                "moveProperties": "Throw",
                "moveType": "Special Moves"
            },
            "EX Hungabee": {
                "moveCommand": "",
                "startUpFrames": "2",
                "activeFrames": "10",
                "recoveryFrames": "36",
                "framesOnHit": "",
                "framesOnBlock": "",
                "vTriggerCancelHit": "",
                "vTriggerCancelBlock": "",
                "moveProperties": "",
                "moveType": "Special Moves"
            },
            "EX Hungabee (upon successful parry)": {
                "moveCommand": "",
                "startUpFrames": "4",
                "activeFrames": "8",
                "recoveryFrames": "20",
                "framesOnHit": "27",
                "framesOnBlock": "-6",
                "vTriggerCancelHit": "",
                "vTriggerCancelBlock": "",
                "moveProperties": "High",
                "moveType": "Special Moves"
            },
            "V-EX Nitro Charge": {
                "moveCommand": "",
                "startUpFrames": "39",
                "activeFrames": "8",
                "recoveryFrames": "",
                "framesOnHit": "",
                "framesOnBlock": "",
                "vTriggerCancelHit": "",
                "vTriggerCancelBlock": "",
                "moveProperties": "High",
                "moveType": "Special Moves"
            },
            "EXAbigail Punch": {
                "moveCommand": "",
                "startUpFrames": "14",
                "activeFrames": "2",
                "recoveryFrames": "38",
                "framesOnHit": "D",
                "framesOnBlock": "-23",
                "vTriggerCancelHit": "D",
                "vTriggerCancelBlock": "10",
                "moveProperties": "High",
                "moveType": "Special Moves"
            },
            "EXAbigail Punch Rapid Button Press": {
                "moveCommand": "",
                "startUpFrames": "",
                "activeFrames": "",
                "recoveryFrames": "",
                "framesOnHit": "",
                "framesOnBlock": "",
                "vTriggerCancelHit": "",
                "vTriggerCancelBlock": "",
                "moveProperties": "High",
                "moveType": "Special Moves"
            },
            "EXGiant Flip": {
                "moveCommand": "",
                "startUpFrames": "9",
                "activeFrames": "8",
                "recoveryFrames": "24",
                "framesOnHit": "D",
                "framesOnBlock": "-2",
                "vTriggerCancelHit": "",
                "vTriggerCancelBlock": "",
                "moveProperties": "High",
                "moveType": "Special Moves"
            },
            "EXGiant Flip Rapid Button Press": {
                "moveCommand": "",
                "startUpFrames": "30",
                "activeFrames": "6",
                "recoveryFrames": "26",
                "framesOnHit": "D",
                "framesOnBlock": "-8",
                "vTriggerCancelHit": "",
                "vTriggerCancelBlock": "",
                "moveProperties": "High",
                "moveType": "Special Moves"
            },
            "EXAbigail Smash": {
                "moveCommand": "",
                "startUpFrames": "6",
                "activeFrames": "2",
                "recoveryFrames": "60",
                "framesOnHit": "D",
                "framesOnBlock": "",
                "vTriggerCancelHit": "",
                "vTriggerCancelBlock": "",
                "moveProperties": "Throw",
                "moveType": "Special Moves"
            },
            "EX Hungabee ": {
                "moveCommand": "",
                "startUpFrames": "2",
                "activeFrames": "10",
                "recoveryFrames": "36",
                "framesOnHit": "",
                "framesOnBlock": "",
                "vTriggerCancelHit": "",
                "vTriggerCancelBlock": "",
                "moveProperties": "",
                "moveType": "Special Moves"
            },
            "V-Metro Crash": {
                "moveCommand": "",
                "startUpFrames": "24",
                "activeFrames": "10",
                "recoveryFrames": "28",
                "framesOnHit": "D",
                "framesOnBlock": "-2",
                "vTriggerCancelHit": "",
                "vTriggerCancelBlock": "",
                "moveProperties": "High",
                "moveType": "Special Moves"
            },
            "V-Metro Crash Level  2": {
                "moveCommand": "",
                "startUpFrames": "42",
                "activeFrames": "13",
                "recoveryFrames": "27",
                "framesOnHit": "D",
                "framesOnBlock": "5",
                "vTriggerCancelHit": "",
                "vTriggerCancelBlock": "",
                "moveProperties": "High",
                "moveType": "Special Moves"
            },
            "V-Metro Crash Level  3": {
                "moveCommand": "",
                "startUpFrames": "67",
                "activeFrames": "16",
                "recoveryFrames": "41",
                "framesOnHit": "D",
                "framesOnBlock": "GB",
                "vTriggerCancelHit": "",
                "vTriggerCancelBlock": "",
                "moveProperties": "High",
                "moveType": "Special Moves"
            }
        },
        "Critical Art": {
            "Abigail Special": {
                "moveCommand": "",
                "startUpFrames": "1+3",
                "activeFrames": "4",
                "recoveryFrames": "118",
                "framesOnHit": "D",
                "framesOnBlock": "-95",
                "vTriggerCancelHit": "",
                "vTriggerCancelBlock": "",
                "moveProperties": "High",
                "moveType": "Critical Art"
            }
        },
        "V-System": {
            "[VS1] Hungabee High": {
                "moveCommand": "",
                "startUpFrames": "3",
                "activeFrames": "10",
                "recoveryFrames": "36",
                "framesOnHit": "",
                "framesOnBlock": "",
                "vTriggerCancelHit": "",
                "vTriggerCancelBlock": "",
                "moveProperties": "",
                "moveType": "V-System"
            },
            "[VS1] Hungabee Low": {
                "moveCommand": "",
                "startUpFrames": "3",
                "activeFrames": "10",
                "recoveryFrames": "36",
                "framesOnHit": "",
                "framesOnBlock": "",
                "vTriggerCancelHit": "",
                "vTriggerCancelBlock": "",
                "moveProperties": "",
                "moveType": "V-System"
            },
            "[VS1] Hungabee (upon successful parry)": {
                "moveCommand": "",
                "startUpFrames": "4",
                "activeFrames": "8",
                "recoveryFrames": "20",
                "framesOnHit": "22",
                "framesOnBlock": "-6",
                "vTriggerCancelHit": "",
                "vTriggerCancelBlock": "",
                "moveProperties": "High",
                "moveType": "V-System"
            },
            "[VS2] C'mon Spare Tire": {
                "moveCommand": "",
                "startUpFrames": "29",
                "activeFrames": "",
                "recoveryFrames": "76 total frames",
                "framesOnHit": "",
                "framesOnBlock": "",
                "vTriggerCancelHit": "",
                "vTriggerCancelBlock": "",
                "moveProperties": "High",
                "moveType": "V-System"
            },
            "Max Power": {
                "moveCommand": "",
                "startUpFrames": "1",
                "activeFrames": "",
                "recoveryFrames": "5",
                "framesOnHit": "",
                "framesOnBlock": "",
                "vTriggerCancelHit": "",
                "vTriggerCancelBlock": "",
                "moveProperties": "",
                "moveType": "V-System"
            },
            "Ontario Drop": {
                "moveCommand": "",
                "startUpFrames": "17",
                "activeFrames": "2",
                "recoveryFrames": "24",
                "framesOnHit": "D",
                "framesOnBlock": "-2",
                "vTriggerCancelHit": "",
                "vTriggerCancelBlock": "",
                "moveProperties": "High",
                "moveType": "V-System"
            },
            "Hybrid Charge": {
                "moveCommand": "",
                "startUpFrames": "1",
                "activeFrames": "",
                "recoveryFrames": "5",
                "framesOnHit": "",
                "framesOnBlock": "",
                "vTriggerCancelHit": "",
                "vTriggerCancelBlock": "",
                "moveProperties": "",
                "moveType": "V-System"
            }
        },
        "Normal Throws": {
            "Red Leaf": {
                "moveCommand": "",
                "startUpFrames": "5",
                "activeFrames": "3",
                "recoveryFrames": "17",
                "framesOnHit": "D",
                "framesOnBlock": "",
                "vTriggerCancelHit": "",
                "vTriggerCancelBlock": "",
                "moveProperties": "Throw",
                "moveType": "Normal Throws"
            },
            "Hit & Run": {
                "moveCommand": "",
                "startUpFrames": "5",
                "activeFrames": "3",
                "recoveryFrames": "17",
                "framesOnHit": "D",
                "framesOnBlock": "",
                "vTriggerCancelHit": "",
                "vTriggerCancelBlock": "",
                "moveProperties": "Throw",
                "moveType": "Normal Throws"
            }
        }
    }
}
