{
  "Akuma": {
    "Fireball": "Gohadoken",
    "DP": "Goshoryuken",
    "Tatsu": "Tatsumaki Zankukyaku",
    "Red Fireball": "Sekia Goshoha",
    "Normal Moves": {
      "Standing LP": {
        "moveCommand": "",
        "startUpFrames": "3",
        "activeFrames": "2",
        "recoveryFrames": "7",
        "framesOnHit": "4",
        "framesOnBlock": "2",
        "vTriggerCancelHit": "6",
        "vTriggerCancelBlock": "4",
        "moveProperties": "High",
        "moveType": "Normal Moves"
      },
      "Standing MP": {
        "moveCommand": "",
        "startUpFrames": "7",
        "activeFrames": "3",
        "recoveryFrames": "14",
        "framesOnHit": "3",
        "framesOnBlock": "1",
        "vTriggerCancelHit": "10",
        "vTriggerCancelBlock": "8",
        "moveProperties": "High",
        "moveType": "Normal Moves"
      },
      "Standing HP": {
        "moveCommand": "",
        "startUpFrames": "8",
        "activeFrames": "3",
        "recoveryFrames": "19",
        "framesOnHit": "2",
        "framesOnBlock": "-5",
        "vTriggerCancelHit": "17",
        "vTriggerCancelBlock": "15",
        "moveProperties": "High",
        "moveType": "Normal Moves"
      },
      "Standing LK": {
        "moveCommand": "",
        "startUpFrames": "4",
        "activeFrames": "3",
        "recoveryFrames": "10",
        "framesOnHit": "2",
        "framesOnBlock": "1",
        "vTriggerCancelHit": "8",
        "vTriggerCancelBlock": "7",
        "moveProperties": "High",
        "moveType": "Normal Moves"
      },
      "Standing MK": {
        "moveCommand": "",
        "startUpFrames": "5",
        "activeFrames": "2",
        "recoveryFrames": "18",
        "framesOnHit": "4",
        "framesOnBlock": "-4",
        "vTriggerCancelHit": "10",
        "vTriggerCancelBlock": "2",
        "moveProperties": "High",
        "moveType": "Normal Moves"
      },
      "Standing HK": {
        "moveCommand": "",
        "startUpFrames": "11",
        "activeFrames": "2",
        "recoveryFrames": "22",
        "framesOnHit": "3",
        "framesOnBlock": "-2",
        "vTriggerCancelHit": "12",
        "vTriggerCancelBlock": "7",
        "moveProperties": "High",
        "moveType": "Normal Moves"
      },
      "Crouching LP": {
        "moveCommand": "",
        "startUpFrames": "4",
        "activeFrames": "2",
        "recoveryFrames": "6",
        "framesOnHit": "4",
        "framesOnBlock": "2",
        "vTriggerCancelHit": "5",
        "vTriggerCancelBlock": "3",
        "moveProperties": "High",
        "moveType": "Normal Moves"
      },
      "Crouching MP": {
        "moveCommand": "",
        "startUpFrames": "6",
        "activeFrames": "3",
        "recoveryFrames": "12",
        "framesOnHit": "5",
        "framesOnBlock": "3",
        "vTriggerCancelHit": "7",
        "vTriggerCancelBlock": "5",
        "moveProperties": "High",
        "moveType": "Normal Moves"
      },
      "Crouching HP": {
        "moveCommand": "",
        "startUpFrames": "10",
        "activeFrames": "4",
        "recoveryFrames": "20",
        "framesOnHit": "8",
        "framesOnBlock": "3",
        "vTriggerCancelHit": "18",
        "vTriggerCancelBlock": "13",
        "moveProperties": "High",
        "moveType": "Normal Moves"
      },
      "Crouching LK": {
        "moveCommand": "",
        "startUpFrames": "4",
        "activeFrames": "2",
        "recoveryFrames": "7",
        "framesOnHit": "2",
        "framesOnBlock": "1",
        "vTriggerCancelHit": "4",
        "vTriggerCancelBlock": "3",
        "moveProperties": "Low",
        "moveType": "Normal Moves"
      },
      "Crouching MK": {
        "moveCommand": "",
        "startUpFrames": "6",
        "activeFrames": "2",
        "recoveryFrames": "14",
        "framesOnHit": "3",
        "framesOnBlock": "-1",
        "vTriggerCancelHit": "9",
        "vTriggerCancelBlock": "5",
        "moveProperties": "Low",
        "moveType": "Normal Moves"
      },
      "Crouching HK": {
        "moveCommand": "",
        "startUpFrames": "7",
        "activeFrames": "2",
        "recoveryFrames": "27",
        "framesOnHit": "D",
        "framesOnBlock": "-15",
        "vTriggerCancelHit": "D",
        "vTriggerCancelBlock": "14",
        "moveProperties": "Low",
        "moveType": "Normal Moves"
      },
      "Jumping LP": {
        "moveCommand": "",
        "startUpFrames": "3",
        "activeFrames": "6",
        "recoveryFrames": "",
        "framesOnHit": "",
        "framesOnBlock": "",
        "vTriggerCancelHit": "",
        "vTriggerCancelBlock": "",
        "moveProperties": "Mid",
        "moveType": "Normal Moves"
      },
      "Jumping MP": {
        "moveCommand": "",
        "startUpFrames": "7",
        "activeFrames": "5",
        "recoveryFrames": "",
        "framesOnHit": "",
        "framesOnBlock": "",
        "vTriggerCancelHit": "",
        "vTriggerCancelBlock": "",
        "moveProperties": "Mid",
        "moveType": "Normal Moves"
      },
      "Jumping HP": {
        "moveCommand": "",
        "startUpFrames": "8",
        "activeFrames": "5",
        "recoveryFrames": "",
        "framesOnHit": "",
        "framesOnBlock": "",
        "vTriggerCancelHit": "",
        "vTriggerCancelBlock": "",
        "moveProperties": "Mid",
        "moveType": "Normal Moves"
      },
      "Jumping LK": {
        "moveCommand": "",
        "startUpFrames": "4",
        "activeFrames": "6",
        "recoveryFrames": "",
        "framesOnHit": "",
        "framesOnBlock": "",
        "vTriggerCancelHit": "",
        "vTriggerCancelBlock": "",
        "moveProperties": "Mid",
        "moveType": "Normal Moves"
      },
      "Jumping MK": {
        "moveCommand": "",
        "startUpFrames": "7",
        "activeFrames": "4",
        "recoveryFrames": "",
        "framesOnHit": "",
        "framesOnBlock": "",
        "vTriggerCancelHit": "",
        "vTriggerCancelBlock": "",
        "moveProperties": "Mid",
        "moveType": "Normal Moves"
      },
      "Jumping HK": {
        "moveCommand": "",
        "startUpFrames": "8",
        "activeFrames": "4",
        "recoveryFrames": "",
        "framesOnHit": "",
        "framesOnBlock": "",
        "vTriggerCancelHit": "",
        "vTriggerCancelBlock": "",
        "moveProperties": "Mid",
        "moveType": "Normal Moves"
      }
    },
    "Special Moves": {
      "Tenmakujinkyaku": {
        "moveCommand": "",
        "startUpFrames": "16",
        "activeFrames": "Until landing",
        "recoveryFrames": "6 frame(s) after landing",
        "framesOnHit": "2",
        "framesOnBlock": "-4",
        "vTriggerCancelHit": "",
        "vTriggerCancelBlock": "",
        "moveProperties": "High",
        "moveType": "Special Moves"
      },
      "Zugaihasatsu": {
        "moveCommand": "Forward Strong",
        "startUpFrames": "23",
        "activeFrames": "3",
        "recoveryFrames": "21",
        "framesOnHit": "0",
        "framesOnBlock": "-7",
        "vTriggerCancelHit": "",
        "vTriggerCancelBlock": "",
        "moveProperties": "Mid",
        "moveType": "Special Moves"
      },
      "Tenha": {
        "moveCommand": "Back Fierce",
        "startUpFrames": "6",
        "activeFrames": "7",
        "recoveryFrames": "21",
        "framesOnHit": "D",
        "framesOnBlock": "-10",
        "vTriggerCancelHit": "21/D",
        "vTriggerCancelBlock": "15/10",
        "moveProperties": "High",
        "moveType": "Special Moves"
      },
      "Sekiseiken": {
        "moveCommand": "Forward Fierce",
        "startUpFrames": "32",
        "activeFrames": "7",
        "recoveryFrames": "16",
        "framesOnHit": "5",
        "framesOnBlock": "-2",
        "vTriggerCancelHit": "14",
        "vTriggerCancelBlock": "7",
        "moveProperties": "High",
        "moveType": "Special Moves"
      },
      "Kongoken": {
        "moveCommand": "",
        "startUpFrames": "18",
        "activeFrames": "8",
        "recoveryFrames": "22",
        "framesOnHit": "D",
        "framesOnBlock": "-12",
        "vTriggerCancelHit": "D",
        "vTriggerCancelBlock": "11",
        "moveProperties": "High",
        "moveType": "Special Moves"
      },
      "Kikokurenzan": {
        "moveCommand": "",
        "startUpFrames": "15",
        "activeFrames": "2",
        "recoveryFrames": "16",
        "framesOnHit": "7",
        "framesOnBlock": "0",
        "vTriggerCancelHit": "14",
        "vTriggerCancelBlock": "7",
        "moveProperties": "High",
        "moveType": "Special Moves"
      },
      "L Gohadoken": {
        "moveCommand": "",
        "startUpFrames": "14",
        "activeFrames": "52",
        "recoveryFrames": "48 total frames",
        "framesOnHit": "D",
        "framesOnBlock": "-6",
        "vTriggerCancelHit": "D",
        "vTriggerCancelBlock": "17",
        "moveProperties": "High",
        "moveType": "Special Moves"
      },
      "M Gohadoken": {
        "moveCommand": "",
        "startUpFrames": "14",
        "activeFrames": "42",
        "recoveryFrames": "48 total frames",
        "framesOnHit": "D",
        "framesOnBlock": "-6",
        "vTriggerCancelHit": "D",
        "vTriggerCancelBlock": "17",
        "moveProperties": "High",
        "moveType": "Special Moves"
      },
      "H Gohadoken": {
        "moveCommand": "",
        "startUpFrames": "14",
        "activeFrames": "30",
        "recoveryFrames": "48 total frames",
        "framesOnHit": "D",
        "framesOnBlock": "-6",
        "vTriggerCancelHit": "D",
        "vTriggerCancelBlock": "17",
        "moveProperties": "High",
        "moveType": "Special Moves"
      },
      "EX Gohadoken": {
        "moveCommand": "",
        "startUpFrames": "11",
        "activeFrames": "",
        "recoveryFrames": "46 total frames",
        "framesOnHit": "D",
        "framesOnBlock": "1",
        "vTriggerCancelHit": "D",
        "vTriggerCancelBlock": "29",
        "moveProperties": "High",
        "moveType": "Special Moves"
      },
      "L Sekia Goshoha": {
        "moveCommand": "",
        "startUpFrames": "18",
        "activeFrames": "",
        "recoveryFrames": "55 total frames",
        "framesOnHit": "D",
        "framesOnBlock": "-6",
        "vTriggerCancelHit": "D",
        "vTriggerCancelBlock": "24",
        "moveProperties": "High",
        "moveType": "Special Moves"
      },
      "M Sekia Goshoha": {
        "moveCommand": "",
        "startUpFrames": "23",
        "activeFrames": "",
        "recoveryFrames": "61 total frames",
        "framesOnHit": "D",
        "framesOnBlock": "-4",
        "vTriggerCancelHit": "D",
        "vTriggerCancelBlock": "27",
        "moveProperties": "High",
        "moveType": "Special Moves"
      },
      "H Sekia Goshoha": {
        "moveCommand": "",
        "startUpFrames": "25",
        "activeFrames": "",
        "recoveryFrames": "67 total frames",
        "framesOnHit": "D",
        "framesOnBlock": "-4",
        "vTriggerCancelHit": "D",
        "vTriggerCancelBlock": "31",
        "moveProperties": "High",
        "moveType": "Special Moves"
      },
      "EX Sekia Goshoha": {
        "moveCommand": "",
        "startUpFrames": "21",
        "activeFrames": "",
        "recoveryFrames": "69 total frames",
        "framesOnHit": "D",
        "framesOnBlock": "8",
        "vTriggerCancelHit": "D",
        "vTriggerCancelBlock": "50",
        "moveProperties": "High",
        "moveType": "Special Moves"
      },
      "Zanku Hadoken": {
        "moveCommand": "",
        "startUpFrames": "11",
        "activeFrames": "",
        "recoveryFrames": "11 frame(s) after landing(*9 frame(s) after landing)",
        "framesOnHit": "",
        "framesOnBlock": "",
        "vTriggerCancelHit": "",
        "vTriggerCancelBlock": "",
        "moveProperties": "High",
        "moveType": "Special Moves"
      },
      "EX Zanku Hadoken (On release hit)": {
        "moveCommand": "",
        "startUpFrames": "5",
        "activeFrames": "",
        "recoveryFrames": "4 frame(s) after landing",
        "framesOnHit": "D",
        "framesOnBlock": "",
        "vTriggerCancelHit": "",
        "vTriggerCancelBlock": "",
        "moveProperties": "High",
        "moveType": "Special Moves"
      },
      "EX Zanku Hadoken (Projectile)": {
        "moveCommand": "",
        "startUpFrames": "38",
        "activeFrames": "",
        "recoveryFrames": "4 frame(s) after landing",
        "framesOnHit": "D",
        "framesOnBlock": "",
        "vTriggerCancelHit": "",
        "vTriggerCancelBlock": "",
        "moveProperties": "High",
        "moveType": "Special Moves"
      },
      "L Goshoryuken": {
        "moveCommand": "",
        "startUpFrames": "3",
        "activeFrames": "12",
        "recoveryFrames": "19+15 frame(s) after landing",
        "framesOnHit": "D",
        "framesOnBlock": "-28",
        "vTriggerCancelHit": "D",
        "vTriggerCancelBlock": "-5",
        "moveProperties": "High",
        "moveType": "Special Moves"
      },
      "M Goshoryuken": {
        "moveCommand": "",
        "startUpFrames": "4",
        "activeFrames": "11",
        "recoveryFrames": "26+15 frame(s) after landing",
        "framesOnHit": "D",
        "framesOnBlock": "-30",
        "vTriggerCancelHit": "D",
        "vTriggerCancelBlock": "-5",
        "moveProperties": "High",
        "moveType": "Special Moves"
      },
      "H Goshoryuken": {
        "moveCommand": "",
        "startUpFrames": "4",
        "activeFrames": "11",
        "recoveryFrames": "29+15 frame(s) after landing",
        "framesOnHit": "D",
        "framesOnBlock": "-33",
        "vTriggerCancelHit": "D",
        "vTriggerCancelBlock": "-5",
        "moveProperties": "High",
        "moveType": "Special Moves"
      },
      "EX Goshoryuken": {
        "moveCommand": "",
        "startUpFrames": "3",
        "activeFrames": "32",
        "recoveryFrames": "32+15 frame(s) after landing",
        "framesOnHit": "D",
        "framesOnBlock": "-44",
        "vTriggerCancelHit": "D",
        "vTriggerCancelBlock": "-6",
        "moveProperties": "High",
        "moveType": "Special Moves"
      },
      "L Tatsumaki Zankukyaku": {
        "moveCommand": "",
        "startUpFrames": "11",
        "activeFrames": "2",
        "recoveryFrames": "14+10 frame(s) after landing(*14+7 frame(s) after landing)",
        "framesOnHit": "D",
        "framesOnBlock": "-11",
        "vTriggerCancelHit": "",
        "vTriggerCancelBlock": "",
        "moveProperties": "High",
        "moveType": "Special Moves"
      },
      "M Tatsumaki Zankukyaku": {
        "moveCommand": "",
        "startUpFrames": "4",
        "activeFrames": "6",
        "recoveryFrames": "11+12 frame(s) after landing",
        "framesOnHit": "D",
        "framesOnBlock": "-7",
        "vTriggerCancelHit": "D",
        "vTriggerCancelBlock": "13",
        "moveProperties": "High",
        "moveType": "Special Moves"
      },
      "H Tatsumaki Zankukyaku": {
        "moveCommand": "",
        "startUpFrames": "4",
        "activeFrames": "9",
        "recoveryFrames": "20+10 frame(s) after landing(*20+6 frame(s) after landing)",
        "framesOnHit": "D",
        "framesOnBlock": "-39",
        "vTriggerCancelHit": "D",
        "vTriggerCancelBlock": "13",
        "moveProperties": "High",
        "moveType": "Special Moves"
      },
      "EX Tatsumaki Zankukyaku": {
        "moveCommand": "",
        "startUpFrames": "10",
        "activeFrames": "11",
        "recoveryFrames": "11+15 frame(s) after landing",
        "framesOnHit": "D",
        "framesOnBlock": "-19",
        "vTriggerCancelHit": "",
        "vTriggerCancelBlock": "",
        "moveProperties": "High",
        "moveType": "Special Moves"
      },
      "Airborne Tatsumaki Zankukyaku": {
        "moveCommand": "",
        "startUpFrames": "7",
        "activeFrames": "6",
        "recoveryFrames": "15 frame(s) after landing",
        "framesOnHit": "D",
        "framesOnBlock": "",
        "vTriggerCancelHit": "",
        "vTriggerCancelBlock": "",
        "moveProperties": "High",
        "moveType": "Special Moves"
      },
      "EX Airborne Tatsumaki Zankukyaku": {
        "moveCommand": "",
        "startUpFrames": "8",
        "activeFrames": "10",
        "recoveryFrames": "9 frame(s) after landing",
        "framesOnHit": "D",
        "framesOnBlock": "",
        "vTriggerCancelHit": "",
        "vTriggerCancelBlock": "",
        "moveProperties": "High",
        "moveType": "Special Moves"
      },
      "Ashura Senku (Forward)": {
        "moveCommand": "",
        "startUpFrames": "",
        "activeFrames": "",
        "recoveryFrames": "61 total frames",
        "framesOnHit": "",
        "framesOnBlock": "",
        "vTriggerCancelHit": "",
        "vTriggerCancelBlock": "",
        "moveProperties": "",
        "moveType": "Special Moves"
      },
      "Ashura Senku (Back)": {
        "moveCommand": "",
        "startUpFrames": "",
        "activeFrames": "",
        "recoveryFrames": "61 total frames",
        "framesOnHit": "",
        "framesOnBlock": "",
        "vTriggerCancelHit": "",
        "vTriggerCancelBlock": "",
        "moveProperties": "",
        "moveType": "Special Moves"
      },
      "L Hyakkishu": {
        "moveCommand": "",
        "startUpFrames": "",
        "activeFrames": "",
        "recoveryFrames": "40 total frames",
        "framesOnHit": "",
        "framesOnBlock": "",
        "vTriggerCancelHit": "",
        "vTriggerCancelBlock": "",
        "moveProperties": "",
        "moveType": "Special Moves"
      },
      "M Hyakkishu": {
        "moveCommand": "",
        "startUpFrames": "",
        "activeFrames": "",
        "recoveryFrames": "41 total frames",
        "framesOnHit": "",
        "framesOnBlock": "",
        "vTriggerCancelHit": "",
        "vTriggerCancelBlock": "",
        "moveProperties": "",
        "moveType": "Special Moves"
      },
      "H Hyakkishu": {
        "moveCommand": "",
        "startUpFrames": "",
        "activeFrames": "",
        "recoveryFrames": "42 total frames",
        "framesOnHit": "",
        "framesOnBlock": "",
        "vTriggerCancelHit": "",
        "vTriggerCancelBlock": "",
        "moveProperties": "",
        "moveType": "Special Moves"
      },
      "Hyakki Gozan": {
        "moveCommand": "",
        "startUpFrames": "6",
        "activeFrames": "8",
        "recoveryFrames": "14",
        "framesOnHit": "D",
        "framesOnBlock": "-2",
        "vTriggerCancelHit": "",
        "vTriggerCancelBlock": "",
        "moveProperties": "Low",
        "moveType": "Special Moves"
      },
      "Hyakki Gosho": {
        "moveCommand": "",
        "startUpFrames": "8",
        "activeFrames": "4",
        "recoveryFrames": "6 frame(s) after landing",
        "framesOnHit": "D",
        "framesOnBlock": "",
        "vTriggerCancelHit": "",
        "vTriggerCancelBlock": "",
        "moveProperties": "Mid",
        "moveType": "Special Moves"
      },
      "Hyakki Gojin": {
        "moveCommand": "",
        "startUpFrames": "22",
        "activeFrames": "Until landing",
        "recoveryFrames": "10(*14)",
        "framesOnHit": "",
        "framesOnBlock": "",
        "vTriggerCancelHit": "",
        "vTriggerCancelBlock": "",
        "moveProperties": "High",
        "moveType": "Special Moves"
      },
      "Hyakki Gosai": {
        "moveCommand": "",
        "startUpFrames": "7",
        "activeFrames": "5",
        "recoveryFrames": "26 frame(s) after landing",
        "framesOnHit": "D",
        "framesOnBlock": "",
        "vTriggerCancelHit": "",
        "vTriggerCancelBlock": "",
        "moveProperties": "Throw",
        "moveType": "Special Moves"
      },
      "EX Hyakkishu": {
        "moveCommand": "",
        "startUpFrames": "6",
        "activeFrames": "10",
        "recoveryFrames": "23",
        "framesOnHit": "D",
        "framesOnBlock": "",
        "vTriggerCancelHit": "",
        "vTriggerCancelBlock": "",
        "moveProperties": "High",
        "moveType": "Special Moves"
      },
      "EX Hyakki Gozan": {
        "moveCommand": "",
        "startUpFrames": "6",
        "activeFrames": "8",
        "recoveryFrames": "12",
        "framesOnHit": "D",
        "framesOnBlock": "-2",
        "vTriggerCancelHit": "",
        "vTriggerCancelBlock": "",
        "moveProperties": "Low",
        "moveType": "Special Moves"
      },
      "EX Hyakki Gosho": {
        "moveCommand": "",
        "startUpFrames": "8",
        "activeFrames": "8",
        "recoveryFrames": "6 frame(s) after landing",
        "framesOnHit": "D",
        "framesOnBlock": "",
        "vTriggerCancelHit": "",
        "vTriggerCancelBlock": "",
        "moveProperties": "Mid",
        "moveType": "Special Moves"
      },
      "EX Hyakki Gojin": {
        "moveCommand": "",
        "startUpFrames": "19",
        "activeFrames": "Until landing",
        "recoveryFrames": "10(*14)",
        "framesOnHit": "",
        "framesOnBlock": "",
        "vTriggerCancelHit": "",
        "vTriggerCancelBlock": "",
        "moveProperties": "High",
        "moveType": "Special Moves"
      },
      "EX Hyakki Gosai": {
        "moveCommand": "",
        "startUpFrames": "7",
        "activeFrames": "3",
        "recoveryFrames": "26 frame(s) after landing",
        "framesOnHit": "D",
        "framesOnBlock": "",
        "vTriggerCancelHit": "",
        "vTriggerCancelBlock": "",
        "moveProperties": "Throw",
        "moveType": "Special Moves"
      },
      "Hyakki Gozanku (On startup hit)": {
        "moveCommand": "",
        "startUpFrames": "5",
        "activeFrames": "",
        "recoveryFrames": "4 frame(s) after landing",
        "framesOnHit": "D",
        "framesOnBlock": "",
        "vTriggerCancelHit": "",
        "vTriggerCancelBlock": "",
        "moveProperties": "High",
        "moveType": "Special Moves"
      },
      "Hyakki Gozanku (Projectile)": {
        "moveCommand": "",
        "startUpFrames": "38",
        "activeFrames": "",
        "recoveryFrames": "4 frame(s) after landing",
        "framesOnHit": "D",
        "framesOnBlock": "",
        "vTriggerCancelHit": "",
        "vTriggerCancelBlock": "",
        "moveProperties": "High",
        "moveType": "Special Moves"
      },
      "Hyakki Gorasen": {
        "moveCommand": "",
        "startUpFrames": "8",
        "activeFrames": "10",
        "recoveryFrames": "9 frame(s) after landing",
        "framesOnHit": "D",
        "framesOnBlock": "",
        "vTriggerCancelHit": "",
        "vTriggerCancelBlock": "",
        "moveProperties": "High",
        "moveType": "Special Moves"
      },
      "V-Gohadoken": {
        "moveCommand": "",
        "startUpFrames": "11",
        "activeFrames": "",
        "recoveryFrames": "46 total frames",
        "framesOnHit": "D",
        "framesOnBlock": "1",
        "vTriggerCancelHit": "",
        "vTriggerCancelBlock": "",
        "moveProperties": "High",
        "moveType": "Special Moves"
      },
      "V-Sekia Goshoha": {
        "moveCommand": "",
        "startUpFrames": "21",
        "activeFrames": "",
        "recoveryFrames": "69 total frames",
        "framesOnHit": "D",
        "framesOnBlock": "8",
        "vTriggerCancelHit": "",
        "vTriggerCancelBlock": "",
        "moveProperties": "High",
        "moveType": "Special Moves"
      },
      "V-EX Zanku Hadoken (On release hit)": {
        "moveCommand": "",
        "startUpFrames": "5",
        "activeFrames": "",
        "recoveryFrames": "4 frame(s) after landing",
        "framesOnHit": "D",
        "framesOnBlock": "",
        "vTriggerCancelHit": "",
        "vTriggerCancelBlock": "",
        "moveProperties": "High",
        "moveType": "Special Moves"
      },
      "V-Zanku Hadoken (Projectile)": {
        "moveCommand": "",
        "startUpFrames": "38",
        "activeFrames": "",
        "recoveryFrames": "4 frame(s) after landing",
        "framesOnHit": "D",
        "framesOnBlock": "",
        "vTriggerCancelHit": "",
        "vTriggerCancelBlock": "",
        "moveProperties": "High",
        "moveType": "Special Moves"
      },
      "V-Goshoryuken": {
        "moveCommand": "",
        "startUpFrames": "3",
        "activeFrames": "32",
        "recoveryFrames": "32+15 frame(s) after landing",
        "framesOnHit": "D",
        "framesOnBlock": "-44",
        "vTriggerCancelHit": "",
        "vTriggerCancelBlock": "",
        "moveProperties": "High",
        "moveType": "Special Moves"
      },
      "V-Tatsumaki Zankukyaku": {
        "moveCommand": "",
        "startUpFrames": "10",
        "activeFrames": "11",
        "recoveryFrames": "11+15 frame(s) after landing",
        "framesOnHit": "D",
        "framesOnBlock": "-19",
        "vTriggerCancelHit": "",
        "vTriggerCancelBlock": "",
        "moveProperties": "High",
        "moveType": "Special Moves"
      },
      "V-Airborne Tatsumaki Zankukyaku": {
        "moveCommand": "",
        "startUpFrames": "8",
        "activeFrames": "10",
        "recoveryFrames": "9 frame(s) after landing",
        "framesOnHit": "D",
        "framesOnBlock": "",
        "vTriggerCancelHit": "",
        "vTriggerCancelBlock": "",
        "moveProperties": "High",
        "moveType": "Special Moves"
      },
      "V-Hyakkishu": {
        "moveCommand": "",
        "startUpFrames": "6",
        "activeFrames": "10",
        "recoveryFrames": "",
        "framesOnHit": "D",
        "framesOnBlock": "",
        "vTriggerCancelHit": "",
        "vTriggerCancelBlock": "",
        "moveProperties": "High",
        "moveType": "Special Moves"
      },
      "V-Hyakki Gozan": {
        "moveCommand": "",
        "startUpFrames": "6",
        "activeFrames": "8",
        "recoveryFrames": "12",
        "framesOnHit": "D",
        "framesOnBlock": "-2",
        "vTriggerCancelHit": "",
        "vTriggerCancelBlock": "",
        "moveProperties": "Low",
        "moveType": "Special Moves"
      },
      "V-Hyakki Gosho": {
        "moveCommand": "",
        "startUpFrames": "8",
        "activeFrames": "8",
        "recoveryFrames": "6 frame(s) after landing",
        "framesOnHit": "D",
        "framesOnBlock": "",
        "vTriggerCancelHit": "",
        "vTriggerCancelBlock": "",
        "moveProperties": "Mid",
        "moveType": "Special Moves"
      },
      "V-Hyakki Gojin": {
        "moveCommand": "",
        "startUpFrames": "19",
        "activeFrames": "Until landing",
        "recoveryFrames": "6 frame(s) after landing(*14 frame(s) after landing)",
        "framesOnHit": "",
        "framesOnBlock": "",
        "vTriggerCancelHit": "",
        "vTriggerCancelBlock": "",
        "moveProperties": "High",
        "moveType": "Special Moves"
      },
      "V-Hyakki Gosai": {
        "moveCommand": "",
        "startUpFrames": "7",
        "activeFrames": "3",
        "recoveryFrames": "26 frame(s) after landing",
        "framesOnHit": "D",
        "framesOnBlock": "",
        "vTriggerCancelHit": "",
        "vTriggerCancelBlock": "",
        "moveProperties": "Throw",
        "moveType": "Special Moves"
      },
      "V-Hyakki Gozanku (On startup hit)": {
        "moveCommand": "",
        "startUpFrames": "5",
        "activeFrames": "",
        "recoveryFrames": "4 frame(s) after landing",
        "framesOnHit": "D",
        "framesOnBlock": "",
        "vTriggerCancelHit": "",
        "vTriggerCancelBlock": "",
        "moveProperties": "High",
        "moveType": "Special Moves"
      },
      "V-Hyakki Gozanku (Projectile)": {
        "moveCommand": "",
        "startUpFrames": "38",
        "activeFrames": "",
        "recoveryFrames": "4 frame(s) after landing",
        "framesOnHit": "D",
        "framesOnBlock": "",
        "vTriggerCancelHit": "",
        "vTriggerCancelBlock": "",
        "moveProperties": "High",
        "moveType": "Special Moves"
      },
      "V-Hyakki Gorasen": {
        "moveCommand": "",
        "startUpFrames": "8",
        "activeFrames": "10",
        "recoveryFrames": "9 frame(s) after landing",
        "framesOnHit": "D",
        "framesOnBlock": "",
        "vTriggerCancelHit": "",
        "vTriggerCancelBlock": "",
        "moveProperties": "High",
        "moveType": "Special Moves"
      },
      "V-Ashura Senku (Back)": {
        "moveCommand": "",
        "startUpFrames": "",
        "activeFrames": "",
        "recoveryFrames": "49 total frames",
        "framesOnHit": "",
        "framesOnBlock": "",
        "vTriggerCancelHit": "",
        "vTriggerCancelBlock": "",
        "moveProperties": "",
        "moveType": "Special Moves"
      },
      "V-Gohadoken": {
        "moveCommand": "",
        "startUpFrames": "11",
        "activeFrames": "",
        "recoveryFrames": "46 total frames",
        "framesOnHit": "D",
        "framesOnBlock": "1",
        "vTriggerCancelHit": "",
        "vTriggerCancelBlock": "",
        "moveProperties": "High",
        "moveType": "Special Moves"
      },
      "V-Zanku Hadoken": {
        "moveCommand": "",
        "startUpFrames": "9",
        "activeFrames": "",
        "recoveryFrames": "4 frame(s) after landing",
        "framesOnHit": "",
        "framesOnBlock": "",
        "vTriggerCancelHit": "",
        "vTriggerCancelBlock": "",
        "moveProperties": "High",
        "moveType": "Special Moves"
      },
      "V-L Goshoryuken": {
        "moveCommand": "",
        "startUpFrames": "3",
        "activeFrames": "11",
        "recoveryFrames": "31+15 frame(s) after landing",
        "framesOnHit": "D",
        "framesOnBlock": "-36",
        "vTriggerCancelHit": "",
        "vTriggerCancelBlock": "",
        "moveProperties": "High",
        "moveType": "Special Moves"
      },
      "V-M Goshoryuken": {
        "moveCommand": "",
        "startUpFrames": "4",
        "activeFrames": "11",
        "recoveryFrames": "31+15 frame(s) after landing",
        "framesOnHit": "D",
        "framesOnBlock": "-36",
        "vTriggerCancelHit": "",
        "vTriggerCancelBlock": "",
        "moveProperties": "High",
        "moveType": "Special Moves"
      },
      "V-H Goshoryuken": {
        "moveCommand": "",
        "startUpFrames": "5",
        "activeFrames": "11",
        "recoveryFrames": "31+15 frame(s) after landing",
        "framesOnHit": "D",
        "framesOnBlock": "-36",
        "vTriggerCancelHit": "",
        "vTriggerCancelBlock": "",
        "moveProperties": "High",
        "moveType": "Special Moves"
      }
    },
    "Critical Art": {
      "Sekia Kuretsuha": {
        "moveCommand": "",
        "startUpFrames": "8",
        "activeFrames": "21",
        "recoveryFrames": "46",
        "framesOnHit": "D",
        "framesOnBlock": "-30",
        "vTriggerCancelHit": "",
        "vTriggerCancelBlock": "",
        "moveProperties": "High",
        "moveType": "Critical Art"
      },
      "V-Shun Goku Satsu": {
        "moveCommand": "",
        "startUpFrames": "1+0",
        "activeFrames": "28",
        "recoveryFrames": "39",
        "framesOnHit": "D",
        "framesOnBlock": "",
        "vTriggerCancelHit": "",
        "vTriggerCancelBlock": "",
        "moveProperties": "Throw",
        "moveType": "Critical Art"
      }
    },
    "V-System": {
      "[VS1] Rakan": {
        "moveCommand": "",
        "startUpFrames": "3",
        "activeFrames": "12",
        "recoveryFrames": "29",
        "framesOnHit": "",
        "framesOnBlock": "",
        "vTriggerCancelHit": "",
        "vTriggerCancelBlock": "",
        "moveProperties": "",
        "moveType": "V-System"
      },
      "[VS1] Rakan Gosho": {
        "moveCommand": "",
        "startUpFrames": "5",
        "activeFrames": "4",
        "recoveryFrames": "26",
        "framesOnHit": "D",
        "framesOnBlock": "-10",
        "vTriggerCancelHit": "D",
        "vTriggerCancelBlock": "13",
        "moveProperties": "High",
        "moveType": "V-System"
      },
      "[VS1] Rakan Gokyaku": {
        "moveCommand": "",
        "startUpFrames": "11",
        "activeFrames": "4",
        "recoveryFrames": "26",
        "framesOnHit": "D",
        "framesOnBlock": "-13",
        "vTriggerCancelHit": "D",
        "vTriggerCancelBlock": "10",
        "moveProperties": "High",
        "moveType": "V-System"
      },
      "[VS2] Kiai": {
        "moveCommand": "",
        "startUpFrames": "17 (*123) (*217)",
        "activeFrames": "3(*12)(*26)",
        "recoveryFrames": "41(*231)",
        "framesOnHit": "D",
        "framesOnBlock": "-13",
        "vTriggerCancelHit": "D",
        "vTriggerCancelBlock": "14",
        "moveProperties": "High",
        "moveType": "V-System"
      },
      "[VS2] Sekia Goshoha": {
        "moveCommand": "",
        "startUpFrames": "18",
        "activeFrames": "",
        "recoveryFrames": "55 total frames",
        "framesOnHit": "D",
        "framesOnBlock": "-6",
        "vTriggerCancelHit": "D",
        "vTriggerCancelBlock": "24",
        "moveProperties": "High",
        "moveType": "V-System"
      },
      "[VS2] Sekia Goshoha (Strengthened Version)": {
        "moveCommand": "",
        "startUpFrames": "13",
        "activeFrames": "",
        "recoveryFrames": "50 total frames",
        "framesOnHit": "D",
        "framesOnBlock": "-4",
        "vTriggerCancelHit": "D",
        "vTriggerCancelBlock": "17",
        "moveProperties": "High",
        "moveType": "V-System"
      },
      "[VS2] EX Sekia Goshoha": {
        "moveCommand": "",
        "startUpFrames": "21",
        "activeFrames": "",
        "recoveryFrames": "69 total frames",
        "framesOnHit": "D",
        "framesOnBlock": "8",
        "vTriggerCancelHit": "D",
        "vTriggerCancelBlock": "49",
        "moveProperties": "High",
        "moveType": "V-System"
      },
      "[VS2] EX Sekia Goshohav(Strengthened Version)": {
        "moveCommand": "",
        "startUpFrames": "13",
        "activeFrames": "",
        "recoveryFrames": "55 total frames",
        "framesOnHit": "D",
        "framesOnBlock": "11",
        "vTriggerCancelHit": "D",
        "vTriggerCancelBlock": "37",
        "moveProperties": "High",
        "moveType": "V-System"
      },
      "Shiretsu Hasshi": {
        "moveCommand": "",
        "startUpFrames": "1",
        "activeFrames": "",
        "recoveryFrames": "5",
        "framesOnHit": "",
        "framesOnBlock": "",
        "vTriggerCancelHit": "",
        "vTriggerCancelBlock": "",
        "moveProperties": "",
        "moveType": "V-System"
      },
      "Gosenkyaku": {
        "moveCommand": "",
        "startUpFrames": "17",
        "activeFrames": "2",
        "recoveryFrames": "24(*32)",
        "framesOnHit": "D",
        "framesOnBlock": "-2",
        "vTriggerCancelHit": "",
        "vTriggerCancelBlock": "",
        "moveProperties": "High",
        "moveType": "V-System"
      },
      "[VS2] EX Sekia Goshoha (Strengthened Version)": {
        "moveCommand": "",
        "startUpFrames": "13",
        "activeFrames": "",
        "recoveryFrames": "55 total frames",
        "framesOnHit": "D",
        "framesOnBlock": "11",
        "vTriggerCancelHit": "D",
        "vTriggerCancelBlock": "37",
        "moveProperties": "High",
        "moveType": "V-System"
      },
      "Dohatsu Shoten": {
        "moveCommand": "",
        "startUpFrames": "1",
        "activeFrames": "",
        "recoveryFrames": "5",
        "framesOnHit": "",
        "framesOnBlock": "",
        "vTriggerCancelHit": "",
        "vTriggerCancelBlock": "",
        "moveProperties": "",
        "moveType": "V-System"
      }
    },
    "Normal Throws": {
      "Goshoha": {
        "moveCommand": "",
        "startUpFrames": "5",
        "activeFrames": "3",
        "recoveryFrames": "17",
        "framesOnHit": "D",
        "framesOnBlock": "",
        "vTriggerCancelHit": "",
        "vTriggerCancelBlock": "",
        "moveProperties": "Throw",
        "moveType": "Normal Throws"
      },
      "Shuretsuzan": {
        "moveCommand": "",
        "startUpFrames": "5",
        "activeFrames": "3",
        "recoveryFrames": "17",
        "framesOnHit": "D",
        "framesOnBlock": "",
        "vTriggerCancelHit": "",
        "vTriggerCancelBlock": "",
        "moveProperties": "Throw",
        "moveType": "Normal Throws"
      }
    }
  }
}
