{
  "Balrog": {
    "Normal Moves": {
      "Standing LP": {
        "moveCommand": "",
        "startUpFrames": "4",
        "activeFrames": "2",
        "recoveryFrames": "7",
        "framesOnHit": "5",
        "framesOnBlock": "3",
        "vTriggerCancelHit": "4",
        "vTriggerCancelBlock": "2",
        "moveProperties": "High",
        "moveType": "Normal Moves"
      },
      "Standing MP": {
        "moveCommand": "",
        "startUpFrames": "5",
        "activeFrames": "4",
        "recoveryFrames": "13",
        "framesOnHit": "2",
        "framesOnBlock": "0",
        "vTriggerCancelHit": "11",
        "vTriggerCancelBlock": "9",
        "moveProperties": "High",
        "moveType": "Normal Moves"
      },
      "Standing HP": {
        "moveCommand": "",
        "startUpFrames": "12",
        "activeFrames": "2",
        "recoveryFrames": "19",
        "framesOnHit": "0",
        "framesOnBlock": "-3",
        "vTriggerCancelHit": "7",
        "vTriggerCancelBlock": "4",
        "moveProperties": "High",
        "moveType": "Normal Moves"
      },
      "Standing LK": {
        "moveCommand": "",
        "startUpFrames": "3",
        "activeFrames": "2",
        "recoveryFrames": "8",
        "framesOnHit": "2",
        "framesOnBlock": "1",
        "vTriggerCancelHit": "4",
        "vTriggerCancelBlock": "3",
        "moveProperties": "High",
        "moveType": "Normal Moves"
      },
      "Standing MK": {
        "moveCommand": "",
        "startUpFrames": "6",
        "activeFrames": "3",
        "recoveryFrames": "12",
        "framesOnHit": "5",
        "framesOnBlock": "2",
        "vTriggerCancelHit": "12",
        "vTriggerCancelBlock": "9",
        "moveProperties": "High",
        "moveType": "Normal Moves"
      },
      "Standing HK": {
        "moveCommand": "",
        "startUpFrames": "9",
        "activeFrames": "3",
        "recoveryFrames": "18",
        "framesOnHit": "7",
        "framesOnBlock": "3",
        "vTriggerCancelHit": "15",
        "vTriggerCancelBlock": "11",
        "moveProperties": "High",
        "moveType": "Normal Moves"
      },
      "Crouching LP": {
        "moveCommand": "",
        "startUpFrames": "4",
        "activeFrames": "3",
        "recoveryFrames": "7",
        "framesOnHit": "4",
        "framesOnBlock": "3",
        "vTriggerCancelHit": "5",
        "vTriggerCancelBlock": "4",
        "moveProperties": "High",
        "moveType": "Normal Moves"
      },
      "Crouching MP": {
        "moveCommand": "",
        "startUpFrames": "6",
        "activeFrames": "3",
        "recoveryFrames": "12",
        "framesOnHit": "4",
        "framesOnBlock": "2",
        "vTriggerCancelHit": "11",
        "vTriggerCancelBlock": "9",
        "moveProperties": "High",
        "moveType": "Normal Moves"
      },
      "Crouching HP": {
        "moveCommand": "",
        "startUpFrames": "8",
        "activeFrames": "5",
        "recoveryFrames": "22",
        "framesOnHit": "-1",
        "framesOnBlock": "-5",
        "vTriggerCancelHit": "11",
        "vTriggerCancelBlock": "7",
        "moveProperties": "High",
        "moveType": "Normal Moves"
      },
      "Crouching LK": {
        "moveCommand": "",
        "startUpFrames": "4",
        "activeFrames": "3",
        "recoveryFrames": "8",
        "framesOnHit": "4",
        "framesOnBlock": "1",
        "vTriggerCancelHit": "7",
        "vTriggerCancelBlock": "4",
        "moveProperties": "Low",
        "moveType": "Normal Moves"
      },
      "Crouching MK": {
        "moveCommand": "",
        "startUpFrames": "7",
        "activeFrames": "2",
        "recoveryFrames": "17",
        "framesOnHit": "2",
        "framesOnBlock": "-2",
        "vTriggerCancelHit": "13",
        "vTriggerCancelBlock": "9",
        "moveProperties": "Low",
        "moveType": "Normal Moves"
      },
      "Crouching HK": {
        "moveCommand": "",
        "startUpFrames": "8",
        "activeFrames": "2",
        "recoveryFrames": "26",
        "framesOnHit": "D",
        "framesOnBlock": "-14",
        "vTriggerCancelHit": "D",
        "vTriggerCancelBlock": "6",
        "moveProperties": "Low",
        "moveType": "Normal Moves"
      },
      "Jumping LP": {
        "moveCommand": "",
        "startUpFrames": "4",
        "activeFrames": "6",
        "recoveryFrames": "",
        "framesOnHit": "",
        "framesOnBlock": "",
        "vTriggerCancelHit": "",
        "vTriggerCancelBlock": "",
        "moveProperties": "Mid",
        "moveType": "Normal Moves"
      },
      "Jumping MP": {
        "moveCommand": "",
        "startUpFrames": "5",
        "activeFrames": "3",
        "recoveryFrames": "",
        "framesOnHit": "",
        "framesOnBlock": "",
        "vTriggerCancelHit": "",
        "vTriggerCancelBlock": "",
        "moveProperties": "Mid",
        "moveType": "Normal Moves"
      },
      "Jumping HP": {
        "moveCommand": "",
        "startUpFrames": "7",
        "activeFrames": "4",
        "recoveryFrames": "",
        "framesOnHit": "",
        "framesOnBlock": "",
        "vTriggerCancelHit": "",
        "vTriggerCancelBlock": "",
        "moveProperties": "Mid",
        "moveType": "Normal Moves"
      },
      "Jumping LK": {
        "moveCommand": "",
        "startUpFrames": "3",
        "activeFrames": "5",
        "recoveryFrames": "",
        "framesOnHit": "",
        "framesOnBlock": "",
        "vTriggerCancelHit": "",
        "vTriggerCancelBlock": "",
        "moveProperties": "Mid",
        "moveType": "Normal Moves"
      },
      "Jumping MK": {
        "moveCommand": "",
        "startUpFrames": "6",
        "activeFrames": "5",
        "recoveryFrames": "",
        "framesOnHit": "",
        "framesOnBlock": "",
        "vTriggerCancelHit": "",
        "vTriggerCancelBlock": "",
        "moveProperties": "Mid",
        "moveType": "Normal Moves"
      },
      "Jumping HK": {
        "moveCommand": "",
        "startUpFrames": "9",
        "activeFrames": "4",
        "recoveryFrames": "",
        "framesOnHit": "",
        "framesOnBlock": "",
        "vTriggerCancelHit": "",
        "vTriggerCancelBlock": "",
        "moveProperties": "Mid",
        "moveType": "Normal Moves"
      }
    },
    "Special Moves": {
      "Hard Smasher 2": {
        "moveCommand": "",
        "startUpFrames": "6",
        "activeFrames": "4",
        "recoveryFrames": "20",
        "framesOnHit": "D",
        "framesOnBlock": "-8",
        "vTriggerCancelHit": "D",
        "vTriggerCancelBlock": "7",
        "moveProperties": "High",
        "moveType": "Special Moves"
      },
      "Hard Smasher 3": {
        "moveCommand": "",
        "startUpFrames": "",
        "activeFrames": "",
        "recoveryFrames": "31 total frames",
        "framesOnHit": "",
        "framesOnBlock": "",
        "vTriggerCancelHit": "",
        "vTriggerCancelBlock": "",
        "moveProperties": "",
        "moveType": "Special Moves"
      },
      "Hard Smasher (4)": {
        "moveCommand": "",
        "startUpFrames": "21",
        "activeFrames": "2",
        "recoveryFrames": "23",
        "framesOnHit": "D",
        "framesOnBlock": "-8",
        "vTriggerCancelHit": "D",
        "vTriggerCancelBlock": "9",
        "moveProperties": "High",
        "moveType": "Special Moves"
      },
      "Hard Pressure (4)": {
        "moveCommand": "",
        "startUpFrames": "26",
        "activeFrames": "3",
        "recoveryFrames": "21",
        "framesOnHit": "D",
        "framesOnBlock": "-8",
        "vTriggerCancelHit": "D",
        "vTriggerCancelBlock": "8",
        "moveProperties": "Mid",
        "moveType": "Special Moves"
      },
      "OTB": {
        "moveCommand": "",
        "startUpFrames": "",
        "activeFrames": "",
        "recoveryFrames": "50 total frames",
        "framesOnHit": "",
        "framesOnBlock": "",
        "vTriggerCancelHit": "",
        "vTriggerCancelBlock": "",
        "moveProperties": "",
        "moveType": "Special Moves"
      },
      "Under Impact 2": {
        "moveCommand": "",
        "startUpFrames": "6",
        "activeFrames": "3",
        "recoveryFrames": "16",
        "framesOnHit": "1",
        "framesOnBlock": "-7",
        "vTriggerCancelHit": "12",
        "vTriggerCancelBlock": "4",
        "moveProperties": "High",
        "moveType": "Special Moves"
      },
      "Under Impact 3": {
        "moveCommand": "",
        "startUpFrames": "9",
        "activeFrames": "2",
        "recoveryFrames": "21",
        "framesOnHit": "D",
        "framesOnBlock": "-8",
        "vTriggerCancelHit": "D",
        "vTriggerCancelBlock": "7",
        "moveProperties": "High",
        "moveType": "Special Moves"
      },
      "Stomping Combo 2": {
        "moveCommand": "",
        "startUpFrames": "9",
        "activeFrames": "2",
        "recoveryFrames": "20",
        "framesOnHit": "2",
        "framesOnBlock": "-7",
        "vTriggerCancelHit": "7",
        "vTriggerCancelBlock": "-2",
        "moveProperties": "Low",
        "moveType": "Special Moves"
      },
      "L Dash Straight": {
        "moveCommand": "",
        "startUpFrames": "12 (*10)",
        "activeFrames": "4",
        "recoveryFrames": "22",
        "framesOnHit": "2",
        "framesOnBlock": "-4",
        "vTriggerCancelHit": "5",
        "vTriggerCancelBlock": "-1",
        "moveProperties": "High",
        "moveType": "Special Moves"
      },
      "M Dash Straight": {
        "moveCommand": "",
        "startUpFrames": "16 (*12)",
        "activeFrames": "4",
        "recoveryFrames": "22",
        "framesOnHit": "3",
        "framesOnBlock": "-6",
        "vTriggerCancelHit": "6",
        "vTriggerCancelBlock": "-3",
        "moveProperties": "High",
        "moveType": "Special Moves"
      },
      "H Dash Straight": {
        "moveCommand": "",
        "startUpFrames": "25 (*19)",
        "activeFrames": "4",
        "recoveryFrames": "22",
        "framesOnHit": "2",
        "framesOnBlock": "-7",
        "vTriggerCancelHit": "6",
        "vTriggerCancelBlock": "-3",
        "moveProperties": "High",
        "moveType": "Special Moves"
      },
      "L Dash Straight V-Skill 2 Version": {
        "moveCommand": "",
        "startUpFrames": "12 (*10)",
        "activeFrames": "4",
        "recoveryFrames": "22",
        "framesOnHit": "D",
        "framesOnBlock": "2",
        "vTriggerCancelHit": "D",
        "vTriggerCancelBlock": "5",
        "moveProperties": "High",
        "moveType": "Special Moves"
      },
      "M Dash Straight V-Skill 2 Version": {
        "moveCommand": "",
        "startUpFrames": "16 (*12)",
        "activeFrames": "4",
        "recoveryFrames": "22",
        "framesOnHit": "D",
        "framesOnBlock": "2",
        "vTriggerCancelHit": "D",
        "vTriggerCancelBlock": "5",
        "moveProperties": "High",
        "moveType": "Special Moves"
      },
      "H Dash Straight V-Skill 2 Version": {
        "moveCommand": "",
        "startUpFrames": "25 (*19)",
        "activeFrames": "4",
        "recoveryFrames": "22",
        "framesOnHit": "D",
        "framesOnBlock": "2",
        "vTriggerCancelHit": "D",
        "vTriggerCancelBlock": "6",
        "moveProperties": "High",
        "moveType": "Special Moves"
      },
      "EX Dash Straight": {
        "moveCommand": "",
        "startUpFrames": "22 (*9)",
        "activeFrames": "6",
        "recoveryFrames": "29",
        "framesOnHit": "D",
        "framesOnBlock": "1",
        "vTriggerCancelHit": "8/D",
        "vTriggerCancelBlock": "4",
        "moveProperties": "High",
        "moveType": "Special Moves"
      },
      "EX Dash Straight V-Skill 2 Version": {
        "moveCommand": "",
        "startUpFrames": "22 (*9)",
        "activeFrames": "6",
        "recoveryFrames": "29",
        "framesOnHit": "D",
        "framesOnBlock": "4",
        "vTriggerCancelHit": "10/D",
        "vTriggerCancelBlock": "5",
        "moveProperties": "High",
        "moveType": "Special Moves"
      },
      "V-Charging Buffalo 1": {
        "moveCommand": "",
        "startUpFrames": "12",
        "activeFrames": "6",
        "recoveryFrames": "17",
        "framesOnHit": "2",
        "framesOnBlock": "-2",
        "vTriggerCancelHit": "",
        "vTriggerCancelBlock": "",
        "moveProperties": "High",
        "moveType": "Special Moves"
      },
      "V-Charging Buffalo 2": {
        "moveCommand": "",
        "startUpFrames": "12",
        "activeFrames": "6",
        "recoveryFrames": "16",
        "framesOnHit": "2",
        "framesOnBlock": "-2",
        "vTriggerCancelHit": "",
        "vTriggerCancelBlock": "",
        "moveProperties": "High",
        "moveType": "Special Moves"
      },
      "V-Charging Buffalo 3": {
        "moveCommand": "",
        "startUpFrames": "12",
        "activeFrames": "6",
        "recoveryFrames": "15",
        "framesOnHit": "2",
        "framesOnBlock": "-2",
        "vTriggerCancelHit": "",
        "vTriggerCancelBlock": "",
        "moveProperties": "High",
        "moveType": "Special Moves"
      },
      "V-Charging Buffalo (4)": {
        "moveCommand": "",
        "startUpFrames": "17",
        "activeFrames": "6",
        "recoveryFrames": "29",
        "framesOnHit": "D",
        "framesOnBlock": "-13",
        "vTriggerCancelHit": "",
        "vTriggerCancelBlock": "",
        "moveProperties": "High",
        "moveType": "Special Moves"
      },
      "V-EX Charging Buffalo": {
        "moveCommand": "",
        "startUpFrames": "11",
        "activeFrames": "6",
        "recoveryFrames": "18",
        "framesOnHit": "D",
        "framesOnBlock": "-2",
        "vTriggerCancelHit": "",
        "vTriggerCancelBlock": "",
        "moveProperties": "High",
        "moveType": "Special Moves"
      },
      "V-Charging Buffalo V-Skill 2 Version 1": {
        "moveCommand": "",
        "startUpFrames": "12",
        "activeFrames": "6",
        "recoveryFrames": "17",
        "framesOnHit": "D",
        "framesOnBlock": "0",
        "vTriggerCancelHit": "",
        "vTriggerCancelBlock": "",
        "moveProperties": "High",
        "moveType": "Special Moves"
      },
      "V-Charging Buffalo V-Skill 2 Version 2": {
        "moveCommand": "",
        "startUpFrames": "12",
        "activeFrames": "6",
        "recoveryFrames": "16",
        "framesOnHit": "D",
        "framesOnBlock": "1",
        "vTriggerCancelHit": "",
        "vTriggerCancelBlock": "",
        "moveProperties": "High",
        "moveType": "Special Moves"
      },
      "V-Charging Buffalo V-Skill 2 Version 3": {
        "moveCommand": "",
        "startUpFrames": "12",
        "activeFrames": "6",
        "recoveryFrames": "15",
        "framesOnHit": "D",
        "framesOnBlock": "2",
        "vTriggerCancelHit": "",
        "vTriggerCancelBlock": "",
        "moveProperties": "High",
        "moveType": "Special Moves"
      },
      "V-Charging Buffalo V-Skill 2 Version (4)": {
        "moveCommand": "",
        "startUpFrames": "17",
        "activeFrames": "6",
        "recoveryFrames": "29",
        "framesOnHit": "D",
        "framesOnBlock": "-12",
        "vTriggerCancelHit": "",
        "vTriggerCancelBlock": "",
        "moveProperties": "High",
        "moveType": "Special Moves"
      },
      "V-EX Charging Buffalo V-Skill 2 Version 1": {
        "moveCommand": "",
        "startUpFrames": "11",
        "activeFrames": "6",
        "recoveryFrames": "18",
        "framesOnHit": "D",
        "framesOnBlock": "-1",
        "vTriggerCancelHit": "",
        "vTriggerCancelBlock": "",
        "moveProperties": "High",
        "moveType": "Special Moves"
      },
      "V-EX Charging Buffalo V-Skill 2 Version 2": {
        "moveCommand": "",
        "startUpFrames": "11",
        "activeFrames": "6",
        "recoveryFrames": "18",
        "framesOnHit": "D",
        "framesOnBlock": "-1",
        "vTriggerCancelHit": "",
        "vTriggerCancelBlock": "",
        "moveProperties": "High",
        "moveType": "Special Moves"
      },
      "L Dash Grand Blow": {
        "moveCommand": "",
        "startUpFrames": "17",
        "activeFrames": "2",
        "recoveryFrames": "26",
        "framesOnHit": "D",
        "framesOnBlock": "-7",
        "vTriggerCancelHit": "D",
        "vTriggerCancelBlock": "3",
        "moveProperties": "Low",
        "moveType": "Special Moves"
      },
      "M Dash Grand Blow": {
        "moveCommand": "",
        "startUpFrames": "22 (*18)",
        "activeFrames": "2",
        "recoveryFrames": "26",
        "framesOnHit": "D",
        "framesOnBlock": "-7",
        "vTriggerCancelHit": "D",
        "vTriggerCancelBlock": "3",
        "moveProperties": "Low",
        "moveType": "Special Moves"
      },
      "H Dash Grand Blow": {
        "moveCommand": "",
        "startUpFrames": "25(*19)",
        "activeFrames": "2",
        "recoveryFrames": "26",
        "framesOnHit": "D",
        "framesOnBlock": "-7",
        "vTriggerCancelHit": "D",
        "vTriggerCancelBlock": "3",
        "moveProperties": "Low",
        "moveType": "Special Moves"
      },
      "EX Dash Grand Blow": {
        "moveCommand": "",
        "startUpFrames": "19 (*11)",
        "activeFrames": "2",
        "recoveryFrames": "23",
        "framesOnHit": "D",
        "framesOnBlock": "-2",
        "vTriggerCancelHit": "D",
        "vTriggerCancelBlock": "5",
        "moveProperties": "Low",
        "moveType": "Special Moves"
      },
      "L Screw Smash": {
        "moveCommand": "",
        "startUpFrames": "10",
        "activeFrames": "5",
        "recoveryFrames": "25",
        "framesOnHit": "D",
        "framesOnBlock": "-10",
        "vTriggerCancelHit": "D",
        "vTriggerCancelBlock": "12",
        "moveProperties": "High",
        "moveType": "Special Moves"
      },
      "M Screw Smash": {
        "moveCommand": "",
        "startUpFrames": "13",
        "activeFrames": "5",
        "recoveryFrames": "26",
        "framesOnHit": "D",
        "framesOnBlock": "-10",
        "vTriggerCancelHit": "D",
        "vTriggerCancelBlock": "13",
        "moveProperties": "High",
        "moveType": "Special Moves"
      },
      "H Screw Smash": {
        "moveCommand": "",
        "startUpFrames": "23",
        "activeFrames": "5",
        "recoveryFrames": "23",
        "framesOnHit": "D",
        "framesOnBlock": "-10",
        "vTriggerCancelHit": "D",
        "vTriggerCancelBlock": "10",
        "moveProperties": "High",
        "moveType": "Special Moves"
      },
      "EX Screw Smash": {
        "moveCommand": "",
        "startUpFrames": "12",
        "activeFrames": "5",
        "recoveryFrames": "29",
        "framesOnHit": "D",
        "framesOnBlock": "-17",
        "vTriggerCancelHit": "D",
        "vTriggerCancelBlock": "-7",
        "moveProperties": "High",
        "moveType": "Special Moves"
      },
      "V-Bursting Buffalo 1": {
        "moveCommand": "",
        "startUpFrames": "14",
        "activeFrames": "5",
        "recoveryFrames": "21",
        "framesOnHit": "D",
        "framesOnBlock": "-2",
        "vTriggerCancelHit": "",
        "vTriggerCancelBlock": "",
        "moveProperties": "High",
        "moveType": "Special Moves"
      },
      "V-Bursting Buffalo 2": {
        "moveCommand": "",
        "startUpFrames": "14",
        "activeFrames": "5",
        "recoveryFrames": "21",
        "framesOnHit": "D",
        "framesOnBlock": "-2",
        "vTriggerCancelHit": "",
        "vTriggerCancelBlock": "",
        "moveProperties": "High",
        "moveType": "Special Moves"
      },
      "V-Bursting Buffalo 3": {
        "moveCommand": "",
        "startUpFrames": "14",
        "activeFrames": "5",
        "recoveryFrames": "21",
        "framesOnHit": "D",
        "framesOnBlock": "-2",
        "vTriggerCancelHit": "",
        "vTriggerCancelBlock": "",
        "moveProperties": "High",
        "moveType": "Special Moves"
      },
      "V-Bursting Buffalo (4)": {
        "moveCommand": "",
        "startUpFrames": "17",
        "activeFrames": "5",
        "recoveryFrames": "38",
        "framesOnHit": "D",
        "framesOnBlock": "-21",
        "vTriggerCancelHit": "",
        "vTriggerCancelBlock": "",
        "moveProperties": "High",
        "moveType": "Special Moves"
      },
      "V-EX Bursting Buffalo": {
        "moveCommand": "",
        "startUpFrames": "12",
        "activeFrames": "5",
        "recoveryFrames": "19",
        "framesOnHit": "D",
        "framesOnBlock": "-2",
        "vTriggerCancelHit": "",
        "vTriggerCancelBlock": "",
        "moveProperties": "High",
        "moveType": "Special Moves"
      },
      "Turn Punch (Level 1)": {
        "moveCommand": "",
        "startUpFrames": "30",
        "activeFrames": "2",
        "recoveryFrames": "22",
        "framesOnHit": "2",
        "framesOnBlock": "-2",
        "vTriggerCancelHit": "15",
        "vTriggerCancelBlock": "12",
        "moveProperties": "High",
        "moveType": "Special Moves"
      },
      "Turn Punch (Level 2)": {
        "moveCommand": "",
        "startUpFrames": "30",
        "activeFrames": "2",
        "recoveryFrames": "22",
        "framesOnHit": "2",
        "framesOnBlock": "-2",
        "vTriggerCancelHit": "16",
        "vTriggerCancelBlock": "12",
        "moveProperties": "High",
        "moveType": "Special Moves"
      },
      "Turn Punch (Level 3)": {
        "moveCommand": "",
        "startUpFrames": "30",
        "activeFrames": "2",
        "recoveryFrames": "22",
        "framesOnHit": "2",
        "framesOnBlock": "-2",
        "vTriggerCancelHit": "17",
        "vTriggerCancelBlock": "12",
        "moveProperties": "High",
        "moveType": "Special Moves"
      },
      "Turn Punch (Level 4)": {
        "moveCommand": "",
        "startUpFrames": "30",
        "activeFrames": "2",
        "recoveryFrames": "22",
        "framesOnHit": "D",
        "framesOnBlock": "-2",
        "vTriggerCancelHit": "D",
        "vTriggerCancelBlock": "12",
        "moveProperties": "High",
        "moveType": "Special Moves"
      },
      "Turn Punch (Level 5)": {
        "moveCommand": "",
        "startUpFrames": "30",
        "activeFrames": "2",
        "recoveryFrames": "22",
        "framesOnHit": "D",
        "framesOnBlock": "-2",
        "vTriggerCancelHit": "D",
        "vTriggerCancelBlock": "12",
        "moveProperties": "High",
        "moveType": "Special Moves"
      },
      "Turn Punch (Level 6)": {
        "moveCommand": "",
        "startUpFrames": "30",
        "activeFrames": "2",
        "recoveryFrames": "22",
        "framesOnHit": "D",
        "framesOnBlock": "-2",
        "vTriggerCancelHit": "D",
        "vTriggerCancelBlock": "12",
        "moveProperties": "High",
        "moveType": "Special Moves"
      },
      "Turn Punch (Level 7)": {
        "moveCommand": "",
        "startUpFrames": "30",
        "activeFrames": "2",
        "recoveryFrames": "22",
        "framesOnHit": "D",
        "framesOnBlock": "-2",
        "vTriggerCancelHit": "D",
        "vTriggerCancelBlock": "12",
        "moveProperties": "High",
        "moveType": "Special Moves"
      },
      "Turn Punch (Level 8)": {
        "moveCommand": "",
        "startUpFrames": "30",
        "activeFrames": "2",
        "recoveryFrames": "22",
        "framesOnHit": "D",
        "framesOnBlock": "-2",
        "vTriggerCancelHit": "D",
        "vTriggerCancelBlock": "12",
        "moveProperties": "High",
        "moveType": "Special Moves"
      },
      "Turn Punch (Level 9)": {
        "moveCommand": "",
        "startUpFrames": "30",
        "activeFrames": "2",
        "recoveryFrames": "22",
        "framesOnHit": "D",
        "framesOnBlock": "-2",
        "vTriggerCancelHit": "D",
        "vTriggerCancelBlock": "12",
        "moveProperties": "High",
        "moveType": "Special Moves"
      },
      "Turn Punch (FINAL)": {
        "moveCommand": "",
        "startUpFrames": "30",
        "activeFrames": "2",
        "recoveryFrames": "22",
        "framesOnHit": "D",
        "framesOnBlock": "7",
        "vTriggerCancelHit": "D",
        "vTriggerCancelBlock": "21",
        "moveProperties": "High",
        "moveType": "Special Moves"
      },
      "V-B3": {
        "moveCommand": "",
        "startUpFrames": "7",
        "activeFrames": "2",
        "recoveryFrames": "60",
        "framesOnHit": "D",
        "framesOnBlock": "",
        "vTriggerCancelHit": "",
        "vTriggerCancelBlock": "",
        "moveProperties": "Throw",
        "moveType": "Special Moves"
      }
    },
    "Critical Art": {
      "Gigaton Blow": {
        "moveCommand": "",
        "startUpFrames": "1+7",
        "activeFrames": "10",
        "recoveryFrames": "60",
        "framesOnHit": "D",
        "framesOnBlock": "-45",
        "vTriggerCancelHit": "",
        "vTriggerCancelBlock": "",
        "moveProperties": "High",
        "moveType": "Critical Art"
      }
    },
    "V-System": {
      "[VS1] KKB": {
        "moveCommand": "",
        "startUpFrames": "",
        "activeFrames": "",
        "recoveryFrames": "29 total frames",
        "framesOnHit": "",
        "framesOnBlock": "",
        "vTriggerCancelHit": "",
        "vTriggerCancelBlock": "",
        "moveProperties": "",
        "moveType": "V-System"
      },
      "[VS1] KKB (Cancel)": {
        "moveCommand": "",
        "startUpFrames": "",
        "activeFrames": "",
        "recoveryFrames": "25 total frames",
        "framesOnHit": "",
        "framesOnBlock": "",
        "vTriggerCancelHit": "",
        "vTriggerCancelBlock": "",
        "moveProperties": "",
        "moveType": "V-System"
      },
      "[VS1] Buffalo Swing": {
        "moveCommand": "",
        "startUpFrames": "7",
        "activeFrames": "2",
        "recoveryFrames": "21",
        "framesOnHit": "2",
        "framesOnBlock": "-4",
        "vTriggerCancelHit": "17",
        "vTriggerCancelBlock": "11",
        "moveProperties": "High",
        "moveType": "V-System"
      },
      "[VS1] Buffalo Pressure": {
        "moveCommand": "",
        "startUpFrames": "17",
        "activeFrames": "3",
        "recoveryFrames": "19",
        "framesOnHit": "5",
        "framesOnBlock": "-7",
        "vTriggerCancelHit": "19",
        "vTriggerCancelBlock": "8",
        "moveProperties": "Mid",
        "moveType": "V-System"
      },
      "[VS2] FFB": {
        "moveCommand": "",
        "startUpFrames": "",
        "activeFrames": "",
        "recoveryFrames": "50 total frames",
        "framesOnHit": "",
        "framesOnBlock": "",
        "vTriggerCancelHit": "",
        "vTriggerCancelBlock": "",
        "moveProperties": "",
        "moveType": "V-System"
      },
      "Crazy Rush": {
        "moveCommand": "",
        "startUpFrames": "1",
        "activeFrames": "",
        "recoveryFrames": "6",
        "framesOnHit": "",
        "framesOnBlock": "",
        "vTriggerCancelHit": "",
        "vTriggerCancelBlock": "",
        "moveProperties": "",
        "moveType": "V-System"
      },
      "Buffalo Headbutt": {
        "moveCommand": "",
        "startUpFrames": "17",
        "activeFrames": "3",
        "recoveryFrames": "23",
        "framesOnHit": "D",
        "framesOnBlock": "-2",
        "vTriggerCancelHit": "",
        "vTriggerCancelBlock": "",
        "moveProperties": "High",
        "moveType": "V-System"
      },
      "No Mercy": {
        "moveCommand": "",
        "startUpFrames": "1",
        "activeFrames": "",
        "recoveryFrames": "7",
        "framesOnHit": "",
        "framesOnBlock": "",
        "vTriggerCancelHit": "",
        "vTriggerCancelBlock": "",
        "moveProperties": "",
        "moveType": "V-System"
      }
    },
    "Normal Throws": {
      "Dirty Bomber": {
        "moveCommand": "",
        "startUpFrames": "5",
        "activeFrames": "3",
        "recoveryFrames": "17",
        "framesOnHit": "D",
        "framesOnBlock": "",
        "vTriggerCancelHit": "",
        "vTriggerCancelBlock": "",
        "moveProperties": "Throw",
        "moveType": "Normal Throws"
      },
      "Dirty Shot": {
        "moveCommand": "",
        "startUpFrames": "5",
        "activeFrames": "3",
        "recoveryFrames": "17",
        "framesOnHit": "D",
        "framesOnBlock": "",
        "vTriggerCancelHit": "",
        "vTriggerCancelBlock": "",
        "moveProperties": "Throw",
        "moveType": "Normal Throws"
      }
    }
  }
}