{
  "Birdie": {
    "Normal Moves": {
      "Standing LP": {
        "moveCommand": "",
        "startUpFrames": "5",
        "activeFrames": "2",
        "recoveryFrames": "10",
        "framesOnHit": "4",
        "framesOnBlock": "3",
        "vTriggerCancelHit": "-24",
        "vTriggerCancelBlock": "-25",
        "moveProperties": "High",
        "moveType": "Normal Moves"
      },
      "Standing MP": {
        "moveCommand": "",
        "startUpFrames": "7",
        "activeFrames": "2",
        "recoveryFrames": "16(*20)",
        "framesOnHit": "4",
        "framesOnBlock": "1",
        "vTriggerCancelHit": "-18",
        "vTriggerCancelBlock": "-21",
        "moveProperties": "High",
        "moveType": "Normal Moves"
      },
      "Standing HP": {
        "moveCommand": "",
        "startUpFrames": "14",
        "activeFrames": "2",
        "recoveryFrames": "22",
        "framesOnHit": "4",
        "framesOnBlock": "-6",
        "vTriggerCancelHit": "-16",
        "vTriggerCancelBlock": "-26",
        "moveProperties": "High",
        "moveType": "Normal Moves"
      },
      "Standing LK": {
        "moveCommand": "",
        "startUpFrames": "4",
        "activeFrames": "3",
        "recoveryFrames": "6",
        "framesOnHit": "6",
        "framesOnBlock": "3",
        "vTriggerCancelHit": "-25",
        "vTriggerCancelBlock": "-28",
        "moveProperties": "High",
        "moveType": "Normal Moves"
      },
      "Standing MK": {
        "moveCommand": "",
        "startUpFrames": "8",
        "activeFrames": "3",
        "recoveryFrames": "16",
        "framesOnHit": "2",
        "framesOnBlock": "-2",
        "vTriggerCancelHit": "-19",
        "vTriggerCancelBlock": "-23",
        "moveProperties": "High",
        "moveType": "Normal Moves"
      },
      "Standing HK": {
        "moveCommand": "",
        "startUpFrames": "12",
        "activeFrames": "3",
        "recoveryFrames": "20",
        "framesOnHit": "7",
        "framesOnBlock": "0",
        "vTriggerCancelHit": "-10",
        "vTriggerCancelBlock": "-17",
        "moveProperties": "High",
        "moveType": "Normal Moves"
      },
      "Crouching LP": {
        "moveCommand": "",
        "startUpFrames": "5",
        "activeFrames": "3",
        "recoveryFrames": "10",
        "framesOnHit": "4",
        "framesOnBlock": "2",
        "vTriggerCancelHit": "-23",
        "vTriggerCancelBlock": "-25",
        "moveProperties": "High",
        "moveType": "Normal Moves"
      },
      "Crouching MP": {
        "moveCommand": "",
        "startUpFrames": "6",
        "activeFrames": "5",
        "recoveryFrames": "16",
        "framesOnHit": "0",
        "framesOnBlock": "-5",
        "vTriggerCancelHit": "-20",
        "vTriggerCancelBlock": "-25",
        "moveProperties": "High",
        "moveType": "Normal Moves"
      },
      "Crouching HP": {
        "moveCommand": "",
        "startUpFrames": "11",
        "activeFrames": "4",
        "recoveryFrames": "26",
        "framesOnHit": "D",
        "framesOnBlock": "-9",
        "vTriggerCancelHit": "D",
        "vTriggerCancelBlock": "-19",
        "moveProperties": "High",
        "moveType": "Normal Moves"
      },
      "Crouching LK": {
        "moveCommand": "",
        "startUpFrames": "5",
        "activeFrames": "2",
        "recoveryFrames": "11",
        "framesOnHit": "4",
        "framesOnBlock": "2",
        "vTriggerCancelHit": "-23",
        "vTriggerCancelBlock": "-25",
        "moveProperties": "Low",
        "moveType": "Normal Moves"
      },
      "Crouching MK": {
        "moveCommand": "",
        "startUpFrames": "10",
        "activeFrames": "2",
        "recoveryFrames": "18",
        "framesOnHit": "-1",
        "framesOnBlock": "-4",
        "vTriggerCancelHit": "-21",
        "vTriggerCancelBlock": "-24",
        "moveProperties": "Low",
        "moveType": "Normal Moves"
      },
      "Crouching HK": {
        "moveCommand": "",
        "startUpFrames": "12",
        "activeFrames": "3",
        "recoveryFrames": "25",
        "framesOnHit": "D",
        "framesOnBlock": "-14",
        "vTriggerCancelHit": "D",
        "vTriggerCancelBlock": "-26",
        "moveProperties": "Low",
        "moveType": "Normal Moves"
      },
      "Jumping LP": {
        "moveCommand": "",
        "startUpFrames": "4",
        "activeFrames": "5",
        "recoveryFrames": "",
        "framesOnHit": "",
        "framesOnBlock": "",
        "vTriggerCancelHit": "",
        "vTriggerCancelBlock": "",
        "moveProperties": "Mid",
        "moveType": "Normal Moves"
      },
      "Jumping MP": {
        "moveCommand": "",
        "startUpFrames": "7",
        "activeFrames": "6",
        "recoveryFrames": "",
        "framesOnHit": "",
        "framesOnBlock": "",
        "vTriggerCancelHit": "",
        "vTriggerCancelBlock": "",
        "moveProperties": "Mid",
        "moveType": "Normal Moves"
      },
      "Jumping HP": {
        "moveCommand": "",
        "startUpFrames": "7",
        "activeFrames": "5",
        "recoveryFrames": "",
        "framesOnHit": "",
        "framesOnBlock": "",
        "vTriggerCancelHit": "",
        "vTriggerCancelBlock": "",
        "moveProperties": "Mid",
        "moveType": "Normal Moves"
      },
      "Jumping LK": {
        "moveCommand": "",
        "startUpFrames": "5",
        "activeFrames": "5",
        "recoveryFrames": "",
        "framesOnHit": "",
        "framesOnBlock": "",
        "vTriggerCancelHit": "",
        "vTriggerCancelBlock": "",
        "moveProperties": "Mid",
        "moveType": "Normal Moves"
      },
      "Jumping MK": {
        "moveCommand": "",
        "startUpFrames": "7",
        "activeFrames": "4",
        "recoveryFrames": "",
        "framesOnHit": "",
        "framesOnBlock": "",
        "vTriggerCancelHit": "",
        "vTriggerCancelBlock": "",
        "moveProperties": "Mid",
        "moveType": "Normal Moves"
      },
      "Jumping HK": {
        "moveCommand": "",
        "startUpFrames": "9",
        "activeFrames": "5",
        "recoveryFrames": "",
        "framesOnHit": "",
        "framesOnBlock": "",
        "vTriggerCancelHit": "",
        "vTriggerCancelBlock": "",
        "moveProperties": "Mid",
        "moveType": "Normal Moves"
      }
    },
    "Special Moves": {
      "Booger": {
        "moveCommand": "",
        "startUpFrames": "478",
        "activeFrames": "34",
        "recoveryFrames": "",
        "framesOnHit": "",
        "framesOnBlock": "",
        "vTriggerCancelHit": "",
        "vTriggerCancelBlock": "",
        "moveProperties": "High",
        "moveType": "Special Moves"
      },
      "Bad Hammer": {
        "moveCommand": "",
        "startUpFrames": "7",
        "activeFrames": "5",
        "recoveryFrames": "31",
        "framesOnHit": "D",
        "framesOnBlock": "",
        "vTriggerCancelHit": "",
        "vTriggerCancelBlock": "",
        "moveProperties": "High",
        "moveType": "Special Moves"
      },
      "Bull Slider": {
        "moveCommand": "Down forward Fierce",
        "startUpFrames": "19",
        "activeFrames": "6",
        "recoveryFrames": "22",
        "framesOnHit": "-1",
        "framesOnBlock": "-8",
        "vTriggerCancelHit": "",
        "vTriggerCancelBlock": "",
        "moveProperties": "High",
        "moveType": "Special Moves"
      },
      "Bull Charge": {
        "moveCommand": "Forward Fierce",
        "startUpFrames": "25",
        "activeFrames": "4",
        "recoveryFrames": "18",
        "framesOnHit": "3",
        "framesOnBlock": "-8",
        "vTriggerCancelHit": "",
        "vTriggerCancelBlock": "",
        "moveProperties": "High",
        "moveType": "Special Moves"
      },
      "Bull Drop": {
        "moveCommand": "Forward Roundhouse",
        "startUpFrames": "7",
        "activeFrames": "7",
        "recoveryFrames": "18",
        "framesOnHit": "2",
        "framesOnBlock": "-7",
        "vTriggerCancelHit": "",
        "vTriggerCancelBlock": "",
        "moveProperties": "High/Mid",
        "moveType": "Special Moves"
      },
      "L Bull Head": {
        "moveCommand": "",
        "startUpFrames": "14",
        "activeFrames": "3",
        "recoveryFrames": "29",
        "framesOnHit": "D",
        "framesOnBlock": "-10",
        "vTriggerCancelHit": "D",
        "vTriggerCancelBlock": "-19",
        "moveProperties": "High",
        "moveType": "Special Moves"
      },
      "M Bull Head": {
        "moveCommand": "",
        "startUpFrames": "18",
        "activeFrames": "3",
        "recoveryFrames": "30",
        "framesOnHit": "D",
        "framesOnBlock": "-10",
        "vTriggerCancelHit": "D",
        "vTriggerCancelBlock": "-18",
        "moveProperties": "High",
        "moveType": "Special Moves"
      },
      "H Bull Head": {
        "moveCommand": "",
        "startUpFrames": "27",
        "activeFrames": "3",
        "recoveryFrames": "24",
        "framesOnHit": "D",
        "framesOnBlock": "-5",
        "vTriggerCancelHit": "D",
        "vTriggerCancelBlock": "-19",
        "moveProperties": "High",
        "moveType": "Special Moves"
      },
      "EX Bull Head": {
        "moveCommand": "",
        "startUpFrames": "14",
        "activeFrames": "8",
        "recoveryFrames": "23",
        "framesOnHit": "D",
        "framesOnBlock": "-5",
        "vTriggerCancelHit": "-5/D",
        "vTriggerCancelBlock": "-8/-18",
        "moveProperties": "High",
        "moveType": "Special Moves"
      },
      "Bull Horn": {
        "moveCommand": "",
        "startUpFrames": "15",
        "activeFrames": "6",
        "recoveryFrames": "14+15 frame(s) after landing",
        "framesOnHit": "D",
        "framesOnBlock": "-18",
        "vTriggerCancelHit": "D",
        "vTriggerCancelBlock": "-23",
        "moveProperties": "High",
        "moveType": "Special Moves"
      },
      "EX Bull Horn": {
        "moveCommand": "",
        "startUpFrames": "15",
        "activeFrames": "13",
        "recoveryFrames": "32",
        "framesOnHit": "D",
        "framesOnBlock": "-21",
        "vTriggerCancelHit": "D",
        "vTriggerCancelBlock": "-27",
        "moveProperties": "High",
        "moveType": "Special Moves"
      },
      "L Hanging Chain": {
        "moveCommand": "",
        "startUpFrames": "25",
        "activeFrames": "16",
        "recoveryFrames": "24",
        "framesOnHit": "D",
        "framesOnBlock": "-23",
        "vTriggerCancelHit": "",
        "vTriggerCancelBlock": "",
        "moveProperties": "High",
        "moveType": "Special Moves"
      },
      "M Hanging Chain": {
        "moveCommand": "",
        "startUpFrames": "25(*21)",
        "activeFrames": "16",
        "recoveryFrames": "24",
        "framesOnHit": "D",
        "framesOnBlock": "-23",
        "vTriggerCancelHit": "",
        "vTriggerCancelBlock": "",
        "moveProperties": "High",
        "moveType": "Special Moves"
      },
      "H Hanging Chain": {
        "moveCommand": "",
        "startUpFrames": "25",
        "activeFrames": "10",
        "recoveryFrames": "31",
        "framesOnHit": "D",
        "framesOnBlock": "",
        "vTriggerCancelHit": "",
        "vTriggerCancelBlock": "",
        "moveProperties": "High",
        "moveType": "Special Moves"
      },
      "EX Hanging Chain": {
        "moveCommand": "",
        "startUpFrames": "15",
        "activeFrames": "17",
        "recoveryFrames": "21",
        "framesOnHit": "D",
        "framesOnBlock": "-21",
        "vTriggerCancelHit": "",
        "vTriggerCancelBlock": "",
        "moveProperties": "High",
        "moveType": "Special Moves"
      },
      "L Bull Revenger": {
        "moveCommand": "",
        "startUpFrames": "35",
        "activeFrames": "2",
        "recoveryFrames": "28",
        "framesOnHit": "D",
        "framesOnBlock": "",
        "vTriggerCancelHit": "",
        "vTriggerCancelBlock": "",
        "moveProperties": "Throw",
        "moveType": "Special Moves"
      },
      "M Bull Revenger": {
        "moveCommand": "",
        "startUpFrames": "40",
        "activeFrames": "2",
        "recoveryFrames": "28",
        "framesOnHit": "D",
        "framesOnBlock": "",
        "vTriggerCancelHit": "",
        "vTriggerCancelBlock": "",
        "moveProperties": "Throw",
        "moveType": "Special Moves"
      },
      "H Bull Revenger": {
        "moveCommand": "",
        "startUpFrames": "43",
        "activeFrames": "2",
        "recoveryFrames": "28",
        "framesOnHit": "D",
        "framesOnBlock": "",
        "vTriggerCancelHit": "",
        "vTriggerCancelBlock": "",
        "moveProperties": "Throw",
        "moveType": "Special Moves"
      },
      "EX Bull Revenger": {
        "moveCommand": "",
        "startUpFrames": "23",
        "activeFrames": "11",
        "recoveryFrames": "47",
        "framesOnHit": "D",
        "framesOnBlock": "",
        "vTriggerCancelHit": "",
        "vTriggerCancelBlock": "",
        "moveProperties": "Throw",
        "moveType": "Special Moves"
      },
      "L Killing Head": {
        "moveCommand": "",
        "startUpFrames": "5",
        "activeFrames": "2",
        "recoveryFrames": "60",
        "framesOnHit": "D",
        "framesOnBlock": "",
        "vTriggerCancelHit": "",
        "vTriggerCancelBlock": "",
        "moveProperties": "Throw",
        "moveType": "Special Moves"
      },
      "M Killing Head": {
        "moveCommand": "",
        "startUpFrames": "5",
        "activeFrames": "2",
        "recoveryFrames": "60",
        "framesOnHit": "D",
        "framesOnBlock": "",
        "vTriggerCancelHit": "",
        "vTriggerCancelBlock": "",
        "moveProperties": "Throw",
        "moveType": "Special Moves"
      },
      "H Killing Head": {
        "moveCommand": "",
        "startUpFrames": "5",
        "activeFrames": "2",
        "recoveryFrames": "60",
        "framesOnHit": "D",
        "framesOnBlock": "",
        "vTriggerCancelHit": "",
        "vTriggerCancelBlock": "",
        "moveProperties": "Throw",
        "moveType": "Special Moves"
      },
      "EX Killing Head": {
        "moveCommand": "",
        "startUpFrames": "5",
        "activeFrames": "2",
        "recoveryFrames": "60",
        "framesOnHit": "D",
        "framesOnBlock": "",
        "vTriggerCancelHit": "",
        "vTriggerCancelBlock": "",
        "moveProperties": "Throw",
        "moveType": "Special Moves"
      },
      "Bull Swing": {
        "moveCommand": "",
        "startUpFrames": "21",
        "activeFrames": "10",
        "recoveryFrames": "15",
        "framesOnHit": "D",
        "framesOnBlock": "-2",
        "vTriggerCancelHit": "",
        "vTriggerCancelBlock": "",
        "moveProperties": "High",
        "moveType": "Special Moves"
      },
      "Bull Capture": {
        "moveCommand": "",
        "startUpFrames": "19",
        "activeFrames": "10",
        "recoveryFrames": "18",
        "framesOnHit": "D",
        "framesOnBlock": "-2",
        "vTriggerCancelHit": "",
        "vTriggerCancelBlock": "",
        "moveProperties": "Low",
        "moveType": "Special Moves"
      },
      "V-L Bull Head": {
        "moveCommand": "",
        "startUpFrames": "10",
        "activeFrames": "6",
        "recoveryFrames": "29",
        "framesOnHit": "D",
        "framesOnBlock": "-9",
        "vTriggerCancelHit": "",
        "vTriggerCancelBlock": "",
        "moveProperties": "High",
        "moveType": "Special Moves"
      },
      "V-M Bull Head": {
        "moveCommand": "",
        "startUpFrames": "15",
        "activeFrames": "8",
        "recoveryFrames": "29",
        "framesOnHit": "D",
        "framesOnBlock": "-9",
        "vTriggerCancelHit": "",
        "vTriggerCancelBlock": "",
        "moveProperties": "High",
        "moveType": "Special Moves"
      },
      "V-H Bull Head": {
        "moveCommand": "",
        "startUpFrames": "22",
        "activeFrames": "10",
        "recoveryFrames": "23",
        "framesOnHit": "D",
        "framesOnBlock": "-9",
        "vTriggerCancelHit": "",
        "vTriggerCancelBlock": "",
        "moveProperties": "High",
        "moveType": "Special Moves"
      },
      "V-EX Bull Head": {
        "moveCommand": "",
        "startUpFrames": "8",
        "activeFrames": "17",
        "recoveryFrames": "23",
        "framesOnHit": "D",
        "framesOnBlock": "-9",
        "vTriggerCancelHit": "",
        "vTriggerCancelBlock": "",
        "moveProperties": "High",
        "moveType": "Special Moves"
      },
      "V-Bull Horn": {
        "moveCommand": "",
        "startUpFrames": "15",
        "activeFrames": "12",
        "recoveryFrames": "16+15 frame(s) after landing",
        "framesOnHit": "D",
        "framesOnBlock": "-18",
        "vTriggerCancelHit": "",
        "vTriggerCancelBlock": "",
        "moveProperties": "High",
        "moveType": "Special Moves"
      },
      "V-EX Bull Horn": {
        "moveCommand": "",
        "startUpFrames": "15",
        "activeFrames": "10",
        "recoveryFrames": "31",
        "framesOnHit": "D",
        "framesOnBlock": "-17",
        "vTriggerCancelHit": "",
        "vTriggerCancelBlock": "",
        "moveProperties": "High",
        "moveType": "Special Moves"
      }
    },
    "Critical Art": {
      "Skip To My Chain": {
        "moveCommand": "",
        "startUpFrames": "1+5",
        "activeFrames": "5",
        "recoveryFrames": "60",
        "framesOnHit": "D",
        "framesOnBlock": "-30",
        "vTriggerCancelHit": "",
        "vTriggerCancelBlock": "",
        "moveProperties": "High",
        "moveType": "Critical Art"
      }
    },
    "V-System": {
      "Break Time": {
        "moveCommand": "",
        "startUpFrames": "",
        "activeFrames": "",
        "recoveryFrames": "52 total frames",
        "framesOnHit": "",
        "framesOnBlock": "",
        "vTriggerCancelHit": "",
        "vTriggerCancelBlock": "",
        "moveProperties": "",
        "moveType": "V-System"
      },
      "V-Break Time": {
        "moveCommand": "",
        "startUpFrames": "",
        "activeFrames": "",
        "recoveryFrames": "52 total frames",
        "framesOnHit": "",
        "framesOnBlock": "",
        "vTriggerCancelHit": "",
        "vTriggerCancelBlock": "",
        "moveProperties": "",
        "moveType": "V-System"
      },
      "Banana Time": {
        "moveCommand": "",
        "startUpFrames": "50",
        "activeFrames": "200",
        "recoveryFrames": "59 total frames",
        "framesOnHit": "29",
        "framesOnBlock": "2",
        "vTriggerCancelHit": "",
        "vTriggerCancelBlock": "",
        "moveProperties": "High",
        "moveType": "V-System"
      },
      "Drink Time": {
        "moveCommand": "",
        "startUpFrames": "50",
        "activeFrames": "",
        "recoveryFrames": "61 total frames",
        "framesOnHit": "28",
        "framesOnBlock": "10",
        "vTriggerCancelHit": "",
        "vTriggerCancelBlock": "",
        "moveProperties": "High",
        "moveType": "V-System"
      },
      "[VS2] Chewing Time": {
        "moveCommand": "",
        "startUpFrames": "",
        "activeFrames": "",
        "recoveryFrames": "61 total frames",
        "framesOnHit": "",
        "framesOnBlock": "",
        "vTriggerCancelHit": "",
        "vTriggerCancelBlock": "",
        "moveProperties": "",
        "moveType": "V-System"
      },
      "V-[VS2] Chewing Time": {
        "moveCommand": "",
        "startUpFrames": "",
        "activeFrames": "",
        "recoveryFrames": "61 total frames",
        "framesOnHit": "",
        "framesOnBlock": "",
        "vTriggerCancelHit": "",
        "vTriggerCancelBlock": "",
        "moveProperties": "",
        "moveType": "V-System"
      },
      "[VS2] Chewing Time (Hold Button)": {
        "moveCommand": "",
        "startUpFrames": "37",
        "activeFrames": "",
        "recoveryFrames": "",
        "framesOnHit": "",
        "framesOnBlock": "",
        "vTriggerCancelHit": "",
        "vTriggerCancelBlock": "",
        "moveProperties": "High",
        "moveType": "V-System"
      },
      "[VS2] Bubble Gum": {
        "moveCommand": "",
        "startUpFrames": "12",
        "activeFrames": "4",
        "recoveryFrames": "17",
        "framesOnHit": "12",
        "framesOnBlock": "9",
        "vTriggerCancelHit": "",
        "vTriggerCancelBlock": "",
        "moveProperties": "High",
        "moveType": "V-System"
      },
      "[VS2] Blow Bubble": {
        "moveCommand": "",
        "startUpFrames": "",
        "activeFrames": "",
        "recoveryFrames": "17 total frames",
        "framesOnHit": "",
        "framesOnBlock": "",
        "vTriggerCancelHit": "",
        "vTriggerCancelBlock": "",
        "moveProperties": "High",
        "moveType": "V-System"
      },
      "Birdie Time": {
        "moveCommand": "",
        "startUpFrames": "1+4",
        "activeFrames": "20",
        "recoveryFrames": "15",
        "framesOnHit": "D",
        "framesOnBlock": "",
        "vTriggerCancelHit": "",
        "vTriggerCancelBlock": "",
        "moveProperties": "High",
        "moveType": "V-System"
      },
      "Pepper Pot": {
        "moveCommand": "",
        "startUpFrames": "17",
        "activeFrames": "2",
        "recoveryFrames": "23",
        "framesOnHit": "D",
        "framesOnBlock": "-2",
        "vTriggerCancelHit": "",
        "vTriggerCancelBlock": "",
        "moveProperties": "High",
        "moveType": "V-System"
      },
      "Enjoy Time": {
        "moveCommand": "",
        "startUpFrames": "1+11",
        "activeFrames": "16",
        "recoveryFrames": "3",
        "framesOnHit": "",
        "framesOnBlock": "",
        "vTriggerCancelHit": "",
        "vTriggerCancelBlock": "",
        "moveProperties": "High",
        "moveType": "V-System"
      }
    },
    "Normal Throws": {
      "Bad Skull": {
        "moveCommand": "",
        "startUpFrames": "5",
        "activeFrames": "3",
        "recoveryFrames": "17",
        "framesOnHit": "",
        "framesOnBlock": "",
        "vTriggerCancelHit": "",
        "vTriggerCancelBlock": "",
        "moveProperties": "Throw",
        "moveType": "Normal Throws"
      },
      "Bad Chain": {
        "moveCommand": "",
        "startUpFrames": "5",
        "activeFrames": "3",
        "recoveryFrames": "17",
        "framesOnHit": "",
        "framesOnBlock": "",
        "vTriggerCancelHit": "",
        "vTriggerCancelBlock": "",
        "moveProperties": "Throw",
        "moveType": "Normal Throws"
      }
    }
  }
}
