{
  "Bison": {
    "Fireball": "EX Psycho Blast",
    "Normal Moves": {
      "Standing LP": {
        "moveCommand": "",
        "startUpFrames": "4",
        "activeFrames": "3",
        "recoveryFrames": "7",
        "framesOnHit": "5",
        "framesOnBlock": "3",
        "vTriggerCancelHit": "3",
        "vTriggerCancelBlock": "1",
        "moveProperties": "High",
        "moveType": "Normal Moves"
      },
      "Standing MP": {
        "moveCommand": "",
        "startUpFrames": "7",
        "activeFrames": "3",
        "recoveryFrames": "14",
        "framesOnHit": "6",
        "framesOnBlock": "2",
        "vTriggerCancelHit": "11",
        "vTriggerCancelBlock": "7",
        "moveProperties": "High",
        "moveType": "Normal Moves"
      },
      "Standing HP": {
        "moveCommand": "",
        "startUpFrames": "11",
        "activeFrames": "3",
        "recoveryFrames": "20",
        "framesOnHit": "-1",
        "framesOnBlock": "-6",
        "vTriggerCancelHit": "9",
        "vTriggerCancelBlock": "4",
        "moveProperties": "High",
        "moveType": "Normal Moves"
      },
      "Standing LK": {
        "moveCommand": "",
        "startUpFrames": "3",
        "activeFrames": "2",
        "recoveryFrames": "10",
        "framesOnHit": "0",
        "framesOnBlock": "-2",
        "vTriggerCancelHit": "0",
        "vTriggerCancelBlock": "-2",
        "moveProperties": "High",
        "moveType": "Normal Moves"
      },
      "Standing MK": {
        "moveCommand": "",
        "startUpFrames": "7",
        "activeFrames": "3",
        "recoveryFrames": "13",
        "framesOnHit": "2",
        "framesOnBlock": "-2",
        "vTriggerCancelHit": "6",
        "vTriggerCancelBlock": "2",
        "moveProperties": "High",
        "moveType": "Normal Moves"
      },
      "Standing HK": {
        "moveCommand": "",
        "startUpFrames": "9",
        "activeFrames": "3",
        "recoveryFrames": "13",
        "framesOnHit": "6",
        "framesOnBlock": "3",
        "vTriggerCancelHit": "10",
        "vTriggerCancelBlock": "7",
        "moveProperties": "High",
        "moveType": "Normal Moves"
      },
      "Crouching LP": {
        "moveCommand": "",
        "startUpFrames": "4",
        "activeFrames": "3",
        "recoveryFrames": "5",
        "framesOnHit": "4",
        "framesOnBlock": "3",
        "vTriggerCancelHit": "0",
        "vTriggerCancelBlock": "-1",
        "moveProperties": "High",
        "moveType": "Normal Moves"
      },
      "Crouching MP": {
        "moveCommand": "",
        "startUpFrames": "6",
        "activeFrames": "3",
        "recoveryFrames": "12",
        "framesOnHit": "3",
        "framesOnBlock": "1",
        "vTriggerCancelHit": "6",
        "vTriggerCancelBlock": "4",
        "moveProperties": "High",
        "moveType": "Normal Moves"
      },
      "Crouching HP": {
        "moveCommand": "",
        "startUpFrames": "10",
        "activeFrames": "5",
        "recoveryFrames": "23",
        "framesOnHit": "-5",
        "framesOnBlock": "-11",
        "vTriggerCancelHit": "11",
        "vTriggerCancelBlock": "5",
        "moveProperties": "High",
        "moveType": "Normal Moves"
      },
      "Crouching LK": {
        "moveCommand": "",
        "startUpFrames": "4",
        "activeFrames": "2",
        "recoveryFrames": "7",
        "framesOnHit": "3",
        "framesOnBlock": "2",
        "vTriggerCancelHit": "0",
        "vTriggerCancelBlock": "-1",
        "moveProperties": "Low",
        "moveType": "Normal Moves"
      },
      "Crouching MK": {
        "moveCommand": "",
        "startUpFrames": "7",
        "activeFrames": "2",
        "recoveryFrames": "15",
        "framesOnHit": "-1",
        "framesOnBlock": "-2",
        "vTriggerCancelHit": "3",
        "vTriggerCancelBlock": "2",
        "moveProperties": "Low",
        "moveType": "Normal Moves"
      },
      "Crouching HK": {
        "moveCommand": "",
        "startUpFrames": "15",
        "activeFrames": "10",
        "recoveryFrames": "18",
        "framesOnHit": "D",
        "framesOnBlock": "-12",
        "vTriggerCancelHit": "D",
        "vTriggerCancelBlock": "4",
        "moveProperties": "Low",
        "moveType": "Normal Moves"
      },
      "Jumping LP": {
        "moveCommand": "",
        "startUpFrames": "4",
        "activeFrames": "6",
        "recoveryFrames": "",
        "framesOnHit": "",
        "framesOnBlock": "",
        "vTriggerCancelHit": "",
        "vTriggerCancelBlock": "",
        "moveProperties": "Mid",
        "moveType": "Normal Moves"
      },
      "Jumping MP": {
        "moveCommand": "",
        "startUpFrames": "7",
        "activeFrames": "3",
        "recoveryFrames": "",
        "framesOnHit": "",
        "framesOnBlock": "",
        "vTriggerCancelHit": "",
        "vTriggerCancelBlock": "",
        "moveProperties": "Mid",
        "moveType": "Normal Moves"
      },
      "Jumping HP": {
        "moveCommand": "",
        "startUpFrames": "8",
        "activeFrames": "6",
        "recoveryFrames": "",
        "framesOnHit": "",
        "framesOnBlock": "",
        "vTriggerCancelHit": "",
        "vTriggerCancelBlock": "",
        "moveProperties": "Mid",
        "moveType": "Normal Moves"
      },
      "Jumping LK": {
        "moveCommand": "",
        "startUpFrames": "3",
        "activeFrames": "6",
        "recoveryFrames": "",
        "framesOnHit": "",
        "framesOnBlock": "",
        "vTriggerCancelHit": "",
        "vTriggerCancelBlock": "",
        "moveProperties": "Mid",
        "moveType": "Normal Moves"
      },
      "Jumping MK": {
        "moveCommand": "",
        "startUpFrames": "6",
        "activeFrames": "6",
        "recoveryFrames": "",
        "framesOnHit": "",
        "framesOnBlock": "",
        "vTriggerCancelHit": "",
        "vTriggerCancelBlock": "",
        "moveProperties": "Mid",
        "moveType": "Normal Moves"
      },
      "Jumping HK": {
        "moveCommand": "",
        "startUpFrames": "8",
        "activeFrames": "6",
        "recoveryFrames": "",
        "framesOnHit": "",
        "framesOnBlock": "",
        "vTriggerCancelHit": "",
        "vTriggerCancelBlock": "",
        "moveProperties": "Mid",
        "moveType": "Normal Moves"
      }
    },
    "Special Moves": {
      "Hell Attack": {
        "moveCommand": "",
        "startUpFrames": "5",
        "activeFrames": "4",
        "recoveryFrames": "",
        "framesOnHit": "",
        "framesOnBlock": "",
        "vTriggerCancelHit": "",
        "vTriggerCancelBlock": "",
        "moveProperties": "Mid",
        "moveType": "Special Moves"
      },
      "Psycho Axe": {
        "moveCommand": "Down forward Fierce",
        "startUpFrames": "18",
        "activeFrames": "3",
        "recoveryFrames": "20(*25)",
        "framesOnHit": "6",
        "framesOnBlock": "1",
        "vTriggerCancelHit": "15",
        "vTriggerCancelBlock": "10",
        "moveProperties": "High",
        "moveType": "Special Moves"
      },
      "Shadow Axe": {
        "moveCommand": "",
        "startUpFrames": "14",
        "activeFrames": "3",
        "recoveryFrames": "20",
        "framesOnHit": "2",
        "framesOnBlock": "-8",
        "vTriggerCancelHit": "11",
        "vTriggerCancelBlock": "1",
        "moveProperties": "High",
        "moveType": "Special Moves"
      },
      "L Psycho Blast": {
        "moveCommand": "",
        "startUpFrames": "10",
        "activeFrames": "10",
        "recoveryFrames": "40 total frames",
        "framesOnHit": "D",
        "framesOnBlock": "-2",
        "vTriggerCancelHit": "",
        "vTriggerCancelBlock": "",
        "moveProperties": "High",
        "moveType": "Special Moves"
      },
      "M Psycho Blast": {
        "moveCommand": "",
        "startUpFrames": "15",
        "activeFrames": "10",
        "recoveryFrames": "42 total frames",
        "framesOnHit": "D",
        "framesOnBlock": "-1",
        "vTriggerCancelHit": "",
        "vTriggerCancelBlock": "",
        "moveProperties": "High",
        "moveType": "Special Moves"
      },
      "H Psycho Blast": {
        "moveCommand": "",
        "startUpFrames": "19",
        "activeFrames": "10",
        "recoveryFrames": "42 total frames",
        "framesOnHit": "D",
        "framesOnBlock": "2",
        "vTriggerCancelHit": "",
        "vTriggerCancelBlock": "",
        "moveProperties": "High",
        "moveType": "Special Moves"
      },
      "EX Psycho Blast": {
        "moveCommand": "",
        "startUpFrames": "15",
        "activeFrames": "",
        "recoveryFrames": "38 total frames",
        "framesOnHit": "D",
        "framesOnBlock": "6",
        "vTriggerCancelHit": "",
        "vTriggerCancelBlock": "",
        "moveProperties": "High",
        "moveType": "Special Moves"
      },
      "L Psycho Inferno": {
        "moveCommand": "",
        "startUpFrames": "14",
        "activeFrames": "12",
        "recoveryFrames": "56 total frames",
        "framesOnHit": "D",
        "framesOnBlock": "-12",
        "vTriggerCancelHit": "",
        "vTriggerCancelBlock": "",
        "moveProperties": "High",
        "moveType": "Special Moves"
      },
      "M Psycho Inferno": {
        "moveCommand": "",
        "startUpFrames": "16",
        "activeFrames": "14",
        "recoveryFrames": "58 total frames",
        "framesOnHit": "D",
        "framesOnBlock": "-11",
        "vTriggerCancelHit": "",
        "vTriggerCancelBlock": "",
        "moveProperties": "High",
        "moveType": "Special Moves"
      },
      "H Psycho Inferno": {
        "moveCommand": "",
        "startUpFrames": "18",
        "activeFrames": "16",
        "recoveryFrames": "63 total frames",
        "framesOnHit": "D",
        "framesOnBlock": "-10",
        "vTriggerCancelHit": "",
        "vTriggerCancelBlock": "",
        "moveProperties": "High",
        "moveType": "Special Moves"
      },
      "EX Psycho Inferno": {
        "moveCommand": "",
        "startUpFrames": "15",
        "activeFrames": "18",
        "recoveryFrames": "54 total frames",
        "framesOnHit": "D",
        "framesOnBlock": "-1",
        "vTriggerCancelHit": "",
        "vTriggerCancelBlock": "",
        "moveProperties": "High",
        "moveType": "Special Moves"
      },
      "L Double Knee Press": {
        "moveCommand": "",
        "startUpFrames": "11",
        "activeFrames": "5",
        "recoveryFrames": "19",
        "framesOnHit": "2",
        "framesOnBlock": "-4",
        "vTriggerCancelHit": "",
        "vTriggerCancelBlock": "",
        "moveProperties": "High",
        "moveType": "Special Moves"
      },
      "M Double Knee Press": {
        "moveCommand": "",
        "startUpFrames": "14",
        "activeFrames": "5",
        "recoveryFrames": "20",
        "framesOnHit": "2",
        "framesOnBlock": "-3",
        "vTriggerCancelHit": "",
        "vTriggerCancelBlock": "",
        "moveProperties": "High",
        "moveType": "Special Moves"
      },
      "H Double Knee Press": {
        "moveCommand": "",
        "startUpFrames": "19",
        "activeFrames": "5",
        "recoveryFrames": "21",
        "framesOnHit": "2",
        "framesOnBlock": "-2",
        "vTriggerCancelHit": "",
        "vTriggerCancelBlock": "",
        "moveProperties": "High",
        "moveType": "Special Moves"
      },
      "EX Double Knee Press": {
        "moveCommand": "",
        "startUpFrames": "12",
        "activeFrames": "6",
        "recoveryFrames": "17",
        "framesOnHit": "D",
        "framesOnBlock": "1",
        "vTriggerCancelHit": "",
        "vTriggerCancelBlock": "",
        "moveProperties": "High",
        "moveType": "Special Moves"
      },
      "Head Press": {
        "moveCommand": "",
        "startUpFrames": "23",
        "activeFrames": "Until landing",
        "recoveryFrames": "7 frame(s) after landing",
        "framesOnHit": "",
        "framesOnBlock": "",
        "vTriggerCancelHit": "",
        "vTriggerCancelBlock": "",
        "moveProperties": "Mid",
        "moveType": "Special Moves"
      },
      "EX Head Press": {
        "moveCommand": "",
        "startUpFrames": "18",
        "activeFrames": "Until landing",
        "recoveryFrames": "16 frame(s) after landing",
        "framesOnHit": "D",
        "framesOnBlock": "",
        "vTriggerCancelHit": "",
        "vTriggerCancelBlock": "",
        "moveProperties": "Mid",
        "moveType": "Special Moves"
      },
      "Somersault Skull Diver": {
        "moveCommand": "",
        "startUpFrames": "5",
        "activeFrames": "10",
        "recoveryFrames": "4 frame(s) after landing",
        "framesOnHit": "",
        "framesOnBlock": "",
        "vTriggerCancelHit": "",
        "vTriggerCancelBlock": "",
        "moveProperties": "Mid",
        "moveType": "Special Moves"
      },
      "Devil Reverse": {
        "moveCommand": "",
        "startUpFrames": "15",
        "activeFrames": "22",
        "recoveryFrames": "7 frame(s) after landing",
        "framesOnHit": "D",
        "framesOnBlock": "",
        "vTriggerCancelHit": "",
        "vTriggerCancelBlock": "",
        "moveProperties": "Mid",
        "moveType": "Special Moves"
      },
      "EX Devil Reverse": {
        "moveCommand": "",
        "startUpFrames": "27",
        "activeFrames": "",
        "recoveryFrames": "4 frame(s) after landing",
        "framesOnHit": "D",
        "framesOnBlock": "9",
        "vTriggerCancelHit": "",
        "vTriggerCancelBlock": "",
        "moveProperties": "Mid",
        "moveType": "Special Moves"
      },
      "Psycho Crusher": {
        "moveCommand": "",
        "startUpFrames": "14",
        "activeFrames": "17",
        "recoveryFrames": "26",
        "framesOnHit": "D",
        "framesOnBlock": "-8",
        "vTriggerCancelHit": "",
        "vTriggerCancelBlock": "",
        "moveProperties": "High",
        "moveType": "Special Moves"
      },
      "Psycho Charge": {
        "moveCommand": "",
        "startUpFrames": "6",
        "activeFrames": "2",
        "recoveryFrames": "60",
        "framesOnHit": "D",
        "framesOnBlock": "",
        "vTriggerCancelHit": "",
        "vTriggerCancelBlock": "",
        "moveProperties": "Throw",
        "moveType": "Special Moves"
      },
      "Psycho Judgement": {
        "moveCommand": "",
        "startUpFrames": "15",
        "activeFrames": "12",
        "recoveryFrames": "37 total frames",
        "framesOnHit": "D",
        "framesOnBlock": "14",
        "vTriggerCancelHit": "",
        "vTriggerCancelBlock": "",
        "moveProperties": "High",
        "moveType": "Special Moves"
      },
      "V-Psycho Blast": {
        "moveCommand": "",
        "startUpFrames": "11",
        "activeFrames": "14",
        "recoveryFrames": "37 total frames",
        "framesOnHit": "D",
        "framesOnBlock": "1",
        "vTriggerCancelHit": "",
        "vTriggerCancelBlock": "",
        "moveProperties": "High",
        "moveType": "Special Moves"
      },
      "V-EX Psycho Blast": {
        "moveCommand": "",
        "startUpFrames": "14",
        "activeFrames": "",
        "recoveryFrames": "36 total frames",
        "framesOnHit": "D",
        "framesOnBlock": "7",
        "vTriggerCancelHit": "",
        "vTriggerCancelBlock": "",
        "moveProperties": "High",
        "moveType": "Special Moves"
      },
      "V-Psycho Inferno": {
        "moveCommand": "",
        "startUpFrames": "14",
        "activeFrames": "16",
        "recoveryFrames": "51 total frames",
        "framesOnHit": "D",
        "framesOnBlock": "-5",
        "vTriggerCancelHit": "",
        "vTriggerCancelBlock": "",
        "moveProperties": "High",
        "moveType": "Special Moves"
      },
      "V-EX Psycho Inferno": {
        "moveCommand": "",
        "startUpFrames": "15",
        "activeFrames": "28",
        "recoveryFrames": "61 total frames",
        "framesOnHit": "D",
        "framesOnBlock": "4",
        "vTriggerCancelHit": "",
        "vTriggerCancelBlock": "",
        "moveProperties": "High",
        "moveType": "Special Moves"
      },
      "V-EX Psycho Inferno (Cancel)": {
        "moveCommand": "",
        "startUpFrames": "16",
        "activeFrames": "28",
        "recoveryFrames": "62 total frames",
        "framesOnHit": "D",
        "framesOnBlock": "4",
        "vTriggerCancelHit": "",
        "vTriggerCancelBlock": "",
        "moveProperties": "High",
        "moveType": "Special Moves"
      },
      "V-L Double Knee Press": {
        "moveCommand": "",
        "startUpFrames": "13",
        "activeFrames": "5",
        "recoveryFrames": "19",
        "framesOnHit": "2",
        "framesOnBlock": "-4",
        "vTriggerCancelHit": "",
        "vTriggerCancelBlock": "",
        "moveProperties": "High",
        "moveType": "Special Moves"
      },
      "V-M Double Knee Press": {
        "moveCommand": "",
        "startUpFrames": "15",
        "activeFrames": "5",
        "recoveryFrames": "20",
        "framesOnHit": "2",
        "framesOnBlock": "-3",
        "vTriggerCancelHit": "",
        "vTriggerCancelBlock": "",
        "moveProperties": "High",
        "moveType": "Special Moves"
      },
      "V-H Double Knee Press": {
        "moveCommand": "",
        "startUpFrames": "19",
        "activeFrames": "5",
        "recoveryFrames": "22",
        "framesOnHit": "2",
        "framesOnBlock": "-2",
        "vTriggerCancelHit": "",
        "vTriggerCancelBlock": "",
        "moveProperties": "High",
        "moveType": "Special Moves"
      },
      "V-EX Double Knee Press": {
        "moveCommand": "",
        "startUpFrames": "13",
        "activeFrames": "6",
        "recoveryFrames": "15",
        "framesOnHit": "D",
        "framesOnBlock": "3",
        "vTriggerCancelHit": "",
        "vTriggerCancelBlock": "",
        "moveProperties": "High",
        "moveType": "Special Moves"
      },
      "V-EX Double Knee Press (Cancel)": {
        "moveCommand": "",
        "startUpFrames": "13",
        "activeFrames": "6",
        "recoveryFrames": "15",
        "framesOnHit": "D",
        "framesOnBlock": "3",
        "vTriggerCancelHit": "",
        "vTriggerCancelBlock": "",
        "moveProperties": "High",
        "moveType": "Special Moves"
      },
      "V-Head Press": {
        "moveCommand": "",
        "startUpFrames": "24",
        "activeFrames": "Until landing",
        "recoveryFrames": "25 frame(s) after landing",
        "framesOnHit": "D",
        "framesOnBlock": "1",
        "vTriggerCancelHit": "",
        "vTriggerCancelBlock": "",
        "moveProperties": "Mid",
        "moveType": "Special Moves"
      },
      "V-EX Head Press": {
        "moveCommand": "",
        "startUpFrames": "35",
        "activeFrames": "Until landing",
        "recoveryFrames": "28 frame(s) after landing",
        "framesOnHit": "D",
        "framesOnBlock": "-2",
        "vTriggerCancelHit": "",
        "vTriggerCancelBlock": "",
        "moveProperties": "Mid",
        "moveType": "Special Moves"
      },
      "V-EX Head Press (Cancel)": {
        "moveCommand": "",
        "startUpFrames": "43",
        "activeFrames": "Until landing",
        "recoveryFrames": "16 frame(s) after landing",
        "framesOnHit": "D",
        "framesOnBlock": "-2",
        "vTriggerCancelHit": "",
        "vTriggerCancelBlock": "",
        "moveProperties": "Mid",
        "moveType": "Special Moves"
      },
      "V-Devil Reverse": {
        "moveCommand": "",
        "startUpFrames": "32",
        "activeFrames": "",
        "recoveryFrames": "4 frame(s) after landing",
        "framesOnHit": "D",
        "framesOnBlock": "8",
        "vTriggerCancelHit": "",
        "vTriggerCancelBlock": "",
        "moveProperties": "Mid",
        "moveType": "Special Moves"
      },
      "V-EX Devil Reverse": {
        "moveCommand": "",
        "startUpFrames": "40",
        "activeFrames": "",
        "recoveryFrames": "4 frame(s) after landing",
        "framesOnHit": "D",
        "framesOnBlock": "14",
        "vTriggerCancelHit": "",
        "vTriggerCancelBlock": "",
        "moveProperties": "Mid",
        "moveType": "Special Moves"
      }
    },
    "Critical Art": {
      "Ultimate Psycho Crusher": {
        "moveCommand": "",
        "startUpFrames": "1+5",
        "activeFrames": "15",
        "recoveryFrames": "63",
        "framesOnHit": "D",
        "framesOnBlock": "-40",
        "vTriggerCancelHit": "",
        "vTriggerCancelBlock": "",
        "moveProperties": "High",
        "moveType": "Critical Art"
      },
      "Ultimate Psycho Crusher  (Airborne)": {
        "moveCommand": "",
        "startUpFrames": "1+5",
        "activeFrames": "15",
        "recoveryFrames": "14 frame(s) after landing",
        "framesOnHit": "D",
        "framesOnBlock": "",
        "vTriggerCancelHit": "",
        "vTriggerCancelBlock": "",
        "moveProperties": "High",
        "moveType": "Critical Art"
      }
    },
    "V-System": {
      "[VS1] Psycho Reflect": {
        "moveCommand": "",
        "startUpFrames": "6",
        "activeFrames": "9(*7)",
        "recoveryFrames": "28",
        "framesOnHit": "",
        "framesOnBlock": "",
        "vTriggerCancelHit": "",
        "vTriggerCancelBlock": "",
        "moveProperties": "",
        "moveType": "V-System"
      },
      "[VS1] Psycho Reflect (Shoot Projectile)": {
        "moveCommand": "",
        "startUpFrames": "16",
        "activeFrames": "",
        "recoveryFrames": "36 total frames",
        "framesOnHit": "D",
        "framesOnBlock": "13",
        "vTriggerCancelHit": "",
        "vTriggerCancelBlock": "",
        "moveProperties": "High",
        "moveType": "V-System"
      },
      "[VS1] Psycho Reflect (Attack)": {
        "moveCommand": "",
        "startUpFrames": "13",
        "activeFrames": "5",
        "recoveryFrames": "25",
        "framesOnHit": "D",
        "framesOnBlock": "2",
        "vTriggerCancelHit": "",
        "vTriggerCancelBlock": "",
        "moveProperties": "High",
        "moveType": "V-System"
      },
      "[VS1] Psycho Punishment": {
        "moveCommand": "",
        "startUpFrames": "16",
        "activeFrames": "",
        "recoveryFrames": "36 total frames",
        "framesOnHit": "D",
        "framesOnBlock": "13",
        "vTriggerCancelHit": "",
        "vTriggerCancelBlock": "",
        "moveProperties": "High",
        "moveType": "V-System"
      },
      "[VS2] Hell's Warp": {
        "moveCommand": "",
        "startUpFrames": "43",
        "activeFrames": "4",
        "recoveryFrames": "18(*20)",
        "framesOnHit": "D",
        "framesOnBlock": "1",
        "vTriggerCancelHit": "",
        "vTriggerCancelBlock": "",
        "moveProperties": "High",
        "moveType": "V-System"
      },
      "Psycho Nightmare": {
        "moveCommand": "",
        "startUpFrames": "1",
        "activeFrames": "",
        "recoveryFrames": "10",
        "framesOnHit": "",
        "framesOnBlock": "",
        "vTriggerCancelHit": "",
        "vTriggerCancelBlock": "",
        "moveProperties": "",
        "moveType": "V-System"
      },
      "Psycho Burst": {
        "moveCommand": "",
        "startUpFrames": "17",
        "activeFrames": "2",
        "recoveryFrames": "20(*23)",
        "framesOnHit": "D",
        "framesOnBlock": "-2",
        "vTriggerCancelHit": "",
        "vTriggerCancelBlock": "",
        "moveProperties": "High",
        "moveType": "V-System"
      },
      "Psycho Power": {
        "moveCommand": "",
        "startUpFrames": "1",
        "activeFrames": "",
        "recoveryFrames": "10",
        "framesOnHit": "",
        "framesOnBlock": "",
        "vTriggerCancelHit": "",
        "vTriggerCancelBlock": "",
        "moveProperties": "",
        "moveType": "V-System"
      }
    },
    "Normal Throws": {
      "Psycho Impact": {
        "moveCommand": "",
        "startUpFrames": "5",
        "activeFrames": "3",
        "recoveryFrames": "17",
        "framesOnHit": "",
        "framesOnBlock": "",
        "vTriggerCancelHit": "",
        "vTriggerCancelBlock": "",
        "moveProperties": "Throw",
        "moveType": "Normal Throws"
      },
      "Psycho Fall": {
        "moveCommand": "",
        "startUpFrames": "5",
        "activeFrames": "3",
        "recoveryFrames": "17",
        "framesOnHit": "",
        "framesOnBlock": "",
        "vTriggerCancelHit": "",
        "vTriggerCancelBlock": "",
        "moveProperties": "Throw",
        "moveType": "Normal Throws"
      }
    }
  }
}
