{
    "Blanka": {
        "Normal Moves": {
            "Standing LP": {
                "moveCommand": "",
                "startUpFrames": "5",
                "activeFrames": "2",
                "recoveryFrames": "8",
                "framesOnHit": "5",
                "framesOnBlock": "2",
                "vTriggerCancelHit": "7",
                "vTriggerCancelBlock": "4",
                "moveProperties": "High",
                "moveType": "Normal Moves"
            },
            "Standing MP": {
                "moveCommand": "",
                "startUpFrames": "7",
                "activeFrames": "2",
                "recoveryFrames": "15",
                "framesOnHit": "3",
                "framesOnBlock": "0",
                "vTriggerCancelHit": "13",
                "vTriggerCancelBlock": "10",
                "moveProperties": "High",
                "moveType": "Normal Moves"
            },
            "Standing HP": {
                "moveCommand": "",
                "startUpFrames": "10",
                "activeFrames": "2",
                "recoveryFrames": "24",
                "framesOnHit": "0",
                "framesOnBlock": "-6",
                "vTriggerCancelHit": "12",
                "vTriggerCancelBlock": "6",
                "moveProperties": "High",
                "moveType": "Normal Moves"
            },
            "Standing LK": {
                "moveCommand": "",
                "startUpFrames": "4",
                "activeFrames": "4",
                "recoveryFrames": "8",
                "framesOnHit": "4",
                "framesOnBlock": "3",
                "vTriggerCancelHit": "7",
                "vTriggerCancelBlock": "6",
                "moveProperties": "High",
                "moveType": "Normal Moves"
            },
            "Standing MK": {
                "moveCommand": "",
                "startUpFrames": "7",
                "activeFrames": "4",
                "recoveryFrames": "13",
                "framesOnHit": "3",
                "framesOnBlock": "2",
                "vTriggerCancelHit": "17/11",
                "vTriggerCancelBlock": "13/10",
                "moveProperties": "High",
                "moveType": "Normal Moves"
            },
            "Standing HK": {
                "moveCommand": "",
                "startUpFrames": "10",
                "activeFrames": "5",
                "recoveryFrames": "22",
                "framesOnHit": "6",
                "framesOnBlock": "-4",
                "vTriggerCancelHit": "22",
                "vTriggerCancelBlock": "14",
                "moveProperties": "High",
                "moveType": "Normal Moves"
            },
            "Crouching LP": {
                "moveCommand": "",
                "startUpFrames": "4",
                "activeFrames": "3",
                "recoveryFrames": "7",
                "framesOnHit": "4",
                "framesOnBlock": "2",
                "vTriggerCancelHit": "6",
                "vTriggerCancelBlock": "4",
                "moveProperties": "High",
                "moveType": "Normal Moves"
            },
            "Crouching MP": {
                "moveCommand": "",
                "startUpFrames": "6",
                "activeFrames": "4",
                "recoveryFrames": "18",
                "framesOnHit": "0",
                "framesOnBlock": "-3",
                "vTriggerCancelHit": "15",
                "vTriggerCancelBlock": "12",
                "moveProperties": "High",
                "moveType": "Normal Moves"
            },
            "Crouching HP": {
                "moveCommand": "",
                "startUpFrames": "13",
                "activeFrames": "3",
                "recoveryFrames": "20",
                "framesOnHit": "1",
                "framesOnBlock": "-3",
                "vTriggerCancelHit": "15",
                "vTriggerCancelBlock": "11",
                "moveProperties": "High",
                "moveType": "Normal Moves"
            },
            "Crouching LK": {
                "moveCommand": "",
                "startUpFrames": "4",
                "activeFrames": "3",
                "recoveryFrames": "8",
                "framesOnHit": "4",
                "framesOnBlock": "1",
                "vTriggerCancelHit": "6",
                "vTriggerCancelBlock": "3",
                "moveProperties": "Low",
                "moveType": "Normal Moves"
            },
            "Crouching MK": {
                "moveCommand": "",
                "startUpFrames": "6",
                "activeFrames": "2",
                "recoveryFrames": "16",
                "framesOnHit": "5",
                "framesOnBlock": "-1",
                "vTriggerCancelHit": "11",
                "vTriggerCancelBlock": "5",
                "moveProperties": "Low",
                "moveType": "Normal Moves"
            },
            "Crouching HK": {
                "moveCommand": "",
                "startUpFrames": "8",
                "activeFrames": "3",
                "recoveryFrames": "27",
                "framesOnHit": "D",
                "framesOnBlock": "-12",
                "vTriggerCancelHit": "D",
                "vTriggerCancelBlock": "11",
                "moveProperties": "Low",
                "moveType": "Normal Moves"
            },
            "Jumping LP": {
                "moveCommand": "",
                "startUpFrames": "4",
                "activeFrames": "4",
                "recoveryFrames": "",
                "framesOnHit": "",
                "framesOnBlock": "",
                "vTriggerCancelHit": "",
                "vTriggerCancelBlock": "",
                "moveProperties": "Mid",
                "moveType": "Normal Moves"
            },
            "Jumping MP": {
                "moveCommand": "",
                "startUpFrames": "6",
                "activeFrames": "3",
                "recoveryFrames": "",
                "framesOnHit": "",
                "framesOnBlock": "",
                "vTriggerCancelHit": "",
                "vTriggerCancelBlock": "",
                "moveProperties": "Mid",
                "moveType": "Normal Moves"
            },
            "Diagonal Jumping HP": {
                "moveCommand": "",
                "startUpFrames": "7",
                "activeFrames": "5",
                "recoveryFrames": "",
                "framesOnHit": "",
                "framesOnBlock": "",
                "vTriggerCancelHit": "",
                "vTriggerCancelBlock": "",
                "moveProperties": "Mid",
                "moveType": "Normal Moves"
            },
            "Vertical Jumping HP": {
                "moveCommand": "",
                "startUpFrames": "8",
                "activeFrames": "4",
                "recoveryFrames": "",
                "framesOnHit": "",
                "framesOnBlock": "",
                "vTriggerCancelHit": "",
                "vTriggerCancelBlock": "",
                "moveProperties": "Mid",
                "moveType": "Normal Moves"
            },
            "Jumping LK": {
                "moveCommand": "",
                "startUpFrames": "3",
                "activeFrames": "5",
                "recoveryFrames": "",
                "framesOnHit": "",
                "framesOnBlock": "",
                "vTriggerCancelHit": "",
                "vTriggerCancelBlock": "",
                "moveProperties": "Mid",
                "moveType": "Normal Moves"
            },
            "Jumping MK": {
                "moveCommand": "",
                "startUpFrames": "7",
                "activeFrames": "5",
                "recoveryFrames": "",
                "framesOnHit": "",
                "framesOnBlock": "",
                "vTriggerCancelHit": "",
                "vTriggerCancelBlock": "",
                "moveProperties": "Mid",
                "moveType": "Normal Moves"
            },
            "Jumping HK": {
                "moveCommand": "",
                "startUpFrames": "9",
                "activeFrames": "4",
                "recoveryFrames": "",
                "framesOnHit": "",
                "framesOnBlock": "",
                "vTriggerCancelHit": "",
                "vTriggerCancelBlock": "",
                "moveProperties": "Mid",
                "moveType": "Normal Moves"
            }
        },
        "Special Moves": {
            "Rock Crusher": {
                "moveCommand": "Forward Strong",
                "startUpFrames": "21",
                "activeFrames": "3",
                "recoveryFrames": "17",
                "framesOnHit": "2",
                "framesOnBlock": "-7",
                "vTriggerCancelHit": "",
                "vTriggerCancelBlock": "",
                "moveProperties": "Mid",
                "moveType": "Special Moves"
            },
            "Amazon River Run": {
                "moveCommand": "Down forward Fierce",
                "startUpFrames": "11",
                "activeFrames": "10",
                "recoveryFrames": "25",
                "framesOnHit": "D",
                "framesOnBlock": "-14",
                "vTriggerCancelHit": "D",
                "vTriggerCancelBlock": "6",
                "moveProperties": "Low",
                "moveType": "Special Moves"
            },
            "Raging Bash 2": {
                "moveCommand": "",
                "startUpFrames": "7",
                "activeFrames": "5",
                "recoveryFrames": "36",
                "framesOnHit": "D",
                "framesOnBlock": "-19",
                "vTriggerCancelHit": "D",
                "vTriggerCancelBlock": "15",
                "moveProperties": "High",
                "moveType": "Special Moves"
            },
            "Raging Bash 3": {
                "moveCommand": "",
                "startUpFrames": "26",
                "activeFrames": "2",
                "recoveryFrames": "30",
                "framesOnHit": "D",
                "framesOnBlock": "",
                "vTriggerCancelHit": "",
                "vTriggerCancelBlock": "",
                "moveProperties": "High",
                "moveType": "Special Moves"
            },
            "Lightning Dance": {
                "moveCommand": "",
                "startUpFrames": "36-*1(*223)",
                "activeFrames": "7",
                "recoveryFrames": "27",
                "framesOnHit": "D",
                "framesOnBlock": "",
                "vTriggerCancelHit": "",
                "vTriggerCancelBlock": "",
                "moveProperties": "High",
                "moveType": "Special Moves"
            },
            "Supprise Forward": {
                "moveCommand": "Forward Short",
                "startUpFrames": "",
                "activeFrames": "",
                "recoveryFrames": "28 total frames",
                "framesOnHit": "",
                "framesOnBlock": "",
                "vTriggerCancelHit": "",
                "vTriggerCancelBlock": "",
                "moveProperties": "",
                "moveType": "Special Moves"
            },
            "Supprise Back": {
                "moveCommand": "Back Short",
                "startUpFrames": "",
                "activeFrames": "",
                "recoveryFrames": "29 total frames",
                "framesOnHit": "",
                "framesOnBlock": "",
                "vTriggerCancelHit": "",
                "vTriggerCancelBlock": "",
                "moveProperties": "",
                "moveType": "Special Moves"
            },
            "L Rolling Attack": {
                "moveCommand": "",
                "startUpFrames": "9",
                "activeFrames": "22",
                "recoveryFrames": "6+6 frame(s) after landing",
                "framesOnHit": "D",
                "framesOnBlock": "-21",
                "vTriggerCancelHit": "",
                "vTriggerCancelBlock": "",
                "moveProperties": "High",
                "moveType": "Special Moves"
            },
            "M Rolling Attack": {
                "moveCommand": "",
                "startUpFrames": "9",
                "activeFrames": "30",
                "recoveryFrames": "8+7 frame(s) after landing",
                "framesOnHit": "D",
                "framesOnBlock": "-21",
                "vTriggerCancelHit": "",
                "vTriggerCancelBlock": "",
                "moveProperties": "High",
                "moveType": "Special Moves"
            },
            "H Rolling Attack": {
                "moveCommand": "",
                "startUpFrames": "9",
                "activeFrames": "29",
                "recoveryFrames": "4+23 frame(s) after landing",
                "framesOnHit": "D",
                "framesOnBlock": "-21",
                "vTriggerCancelHit": "",
                "vTriggerCancelBlock": "",
                "moveProperties": "High",
                "moveType": "Special Moves"
            },
            "EX Rolling Attack": {
                "moveCommand": "",
                "startUpFrames": "8",
                "activeFrames": "31",
                "recoveryFrames": "6+4 frame(s) after landing",
                "framesOnHit": "D",
                "framesOnBlock": "-18",
                "vTriggerCancelHit": "",
                "vTriggerCancelBlock": "",
                "moveProperties": "High",
                "moveType": "Special Moves"
            },
            "L Vertical Rolling": {
                "moveCommand": "",
                "startUpFrames": "8",
                "activeFrames": "21",
                "recoveryFrames": "25+17 frame(s) after landing",
                "framesOnHit": "D",
                "framesOnBlock": "-36",
                "vTriggerCancelHit": "",
                "vTriggerCancelBlock": "",
                "moveProperties": "High",
                "moveType": "Special Moves"
            },
            "M Vertical Rolling": {
                "moveCommand": "",
                "startUpFrames": "7",
                "activeFrames": "16",
                "recoveryFrames": "32+20 frame(s) after landing",
                "framesOnHit": "D",
                "framesOnBlock": "-36",
                "vTriggerCancelHit": "",
                "vTriggerCancelBlock": "",
                "moveProperties": "High",
                "moveType": "Special Moves"
            },
            "H Vertical Rolling": {
                "moveCommand": "",
                "startUpFrames": "5",
                "activeFrames": "16",
                "recoveryFrames": "30+29 frame(s) after landing",
                "framesOnHit": "D",
                "framesOnBlock": "-34",
                "vTriggerCancelHit": "",
                "vTriggerCancelBlock": "",
                "moveProperties": "High",
                "moveType": "Special Moves"
            },
            "EX Vertical Rolling": {
                "moveCommand": "",
                "startUpFrames": "5",
                "activeFrames": "16",
                "recoveryFrames": "33+36 frame(s) after landing",
                "framesOnHit": "D",
                "framesOnBlock": "-30",
                "vTriggerCancelHit": "",
                "vTriggerCancelBlock": "",
                "moveProperties": "High",
                "moveType": "Special Moves"
            },
            "L Back Step Rolling": {
                "moveCommand": "",
                "startUpFrames": "27",
                "activeFrames": "Until landing",
                "recoveryFrames": "11 frame(s) after landing",
                "framesOnHit": "",
                "framesOnBlock": "",
                "vTriggerCancelHit": "",
                "vTriggerCancelBlock": "",
                "moveProperties": "High",
                "moveType": "Special Moves"
            },
            "M Back Step Rolling": {
                "moveCommand": "",
                "startUpFrames": "29",
                "activeFrames": "Until landing",
                "recoveryFrames": "11 frame(s) after landing",
                "framesOnHit": "",
                "framesOnBlock": "",
                "vTriggerCancelHit": "",
                "vTriggerCancelBlock": "",
                "moveProperties": "High",
                "moveType": "Special Moves"
            },
            "H Back Step Rolling": {
                "moveCommand": "",
                "startUpFrames": "31",
                "activeFrames": "Until landing",
                "recoveryFrames": "11 frame(s) after landing",
                "framesOnHit": "",
                "framesOnBlock": "",
                "vTriggerCancelHit": "",
                "vTriggerCancelBlock": "",
                "moveProperties": "High",
                "moveType": "Special Moves"
            },
            "EX Back Step Rolling": {
                "moveCommand": "",
                "startUpFrames": "27",
                "activeFrames": "Until landing",
                "recoveryFrames": "5 frame(s) after landing",
                "framesOnHit": "",
                "framesOnBlock": "",
                "vTriggerCancelHit": "",
                "vTriggerCancelBlock": "",
                "moveProperties": "High",
                "moveType": "Special Moves"
            },
            "Electric Thunder": {
                "moveCommand": "",
                "startUpFrames": "10",
                "activeFrames": "10",
                "recoveryFrames": "17",
                "framesOnHit": "D",
                "framesOnBlock": "3",
                "vTriggerCancelHit": "",
                "vTriggerCancelBlock": "",
                "moveProperties": "High",
                "moveType": "Special Moves"
            },
            "EX Electric Thunder": {
                "moveCommand": "",
                "startUpFrames": "10",
                "activeFrames": "10",
                "recoveryFrames": "14",
                "framesOnHit": "D",
                "framesOnBlock": "6",
                "vTriggerCancelHit": "D",
                "vTriggerCancelBlock": "16",
                "moveProperties": "High",
                "moveType": "Special Moves"
            },
            "L Wild Hunt": {
                "moveCommand": "",
                "startUpFrames": "40",
                "activeFrames": "2",
                "recoveryFrames": "30",
                "framesOnHit": "D",
                "framesOnBlock": "",
                "vTriggerCancelHit": "",
                "vTriggerCancelBlock": "",
                "moveProperties": "Throw",
                "moveType": "Special Moves"
            },
            "M Wild Hunt": {
                "moveCommand": "",
                "startUpFrames": "43",
                "activeFrames": "2",
                "recoveryFrames": "30",
                "framesOnHit": "D",
                "framesOnBlock": "",
                "vTriggerCancelHit": "",
                "vTriggerCancelBlock": "",
                "moveProperties": "Throw",
                "moveType": "Special Moves"
            },
            "H Wild Hunt": {
                "moveCommand": "",
                "startUpFrames": "46",
                "activeFrames": "2",
                "recoveryFrames": "30",
                "framesOnHit": "D",
                "framesOnBlock": "",
                "vTriggerCancelHit": "",
                "vTriggerCancelBlock": "",
                "moveProperties": "Throw",
                "moveType": "Special Moves"
            },
            "EX Wild Hunt": {
                "moveCommand": "",
                "startUpFrames": "36",
                "activeFrames": "2",
                "recoveryFrames": "30",
                "framesOnHit": "D",
                "framesOnBlock": "",
                "vTriggerCancelHit": "",
                "vTriggerCancelBlock": "",
                "moveProperties": "Throw",
                "moveType": "Special Moves"
            },
            "Rolling Cannon": {
                "moveCommand": "",
                "startUpFrames": "3",
                "activeFrames": "20",
                "recoveryFrames": "9 frame(s) after landing",
                "framesOnHit": "D",
                "framesOnBlock": "",
                "vTriggerCancelHit": "",
                "vTriggerCancelBlock": "",
                "moveProperties": "High",
                "moveType": "Special Moves"
            },
            "Surprise Forward": {
                "moveCommand": "Forward Short",
                "startUpFrames": "",
                "activeFrames": "",
                "recoveryFrames": "28 total frames",
                "framesOnHit": "",
                "framesOnBlock": "",
                "vTriggerCancelHit": "",
                "vTriggerCancelBlock": "",
                "moveProperties": "",
                "moveType": "Special Moves"
            },
            "Surprise Back": {
                "moveCommand": "Back Short",
                "startUpFrames": "",
                "activeFrames": "",
                "recoveryFrames": "29 total frames",
                "framesOnHit": "",
                "framesOnBlock": "",
                "vTriggerCancelHit": "",
                "vTriggerCancelBlock": "",
                "moveProperties": "",
                "moveType": "Special Moves"
            },
            "V-Rolling Attack": {
                "moveCommand": "",
                "startUpFrames": "7",
                "activeFrames": "32",
                "recoveryFrames": "10 frame(s) after landing",
                "framesOnHit": "D",
                "framesOnBlock": "-18",
                "vTriggerCancelHit": "",
                "vTriggerCancelBlock": "",
                "moveProperties": "High",
                "moveType": "Special Moves"
            },
            "V-V-ertical Rolling": {
                "moveCommand": "",
                "startUpFrames": "5",
                "activeFrames": "16",
                "recoveryFrames": "33+36 frame(s) after landing",
                "framesOnHit": "D",
                "framesOnBlock": "-36",
                "vTriggerCancelHit": "",
                "vTriggerCancelBlock": "",
                "moveProperties": "High",
                "moveType": "Special Moves"
            },
            "V-Back Step Rolling": {
                "moveCommand": "",
                "startUpFrames": "21",
                "activeFrames": "Until landing",
                "recoveryFrames": "11 frame(s) after landing",
                "framesOnHit": "D",
                "framesOnBlock": "",
                "vTriggerCancelHit": "",
                "vTriggerCancelBlock": "",
                "moveProperties": "High",
                "moveType": "Special Moves"
            },
            "V-Electric Thunder": {
                "moveCommand": "",
                "startUpFrames": "12",
                "activeFrames": "12",
                "recoveryFrames": "12",
                "framesOnHit": "D",
                "framesOnBlock": "-2",
                "vTriggerCancelHit": "",
                "vTriggerCancelBlock": "",
                "moveProperties": "High",
                "moveType": "Special Moves"
            },
            "Ground Shave Rolling": {
                "moveCommand": "",
                "startUpFrames": "6",
                "activeFrames": "31",
                "recoveryFrames": "25",
                "framesOnHit": "D",
                "framesOnBlock": "-8",
                "vTriggerCancelHit": "",
                "vTriggerCancelBlock": "",
                "moveProperties": "High",
                "moveType": "Special Moves"
            },
            "Ground Shave Rolling (Charge Attack)": {
                "moveCommand": "",
                "startUpFrames": "6",
                "activeFrames": "97",
                "recoveryFrames": "10",
                "framesOnHit": "D",
                "framesOnBlock": "GB",
                "vTriggerCancelHit": "",
                "vTriggerCancelBlock": "",
                "moveProperties": "High",
                "moveType": "Special Moves"
            }
        },
        "Critical Art": {
            "Dynamic Rolling": {
                "moveCommand": "",
                "startUpFrames": "1+7",
                "activeFrames": "3",
                "recoveryFrames": "",
                "framesOnHit": "D",
                "framesOnBlock": "",
                "vTriggerCancelHit": "",
                "vTriggerCancelBlock": "",
                "moveProperties": "High",
                "moveType": "Critical Art"
            },
            "Dynamic Rolling ((1st Hit Blocked or Miss)": {
                "moveCommand": "",
                "startUpFrames": "1+7",
                "activeFrames": "5",
                "recoveryFrames": "60",
                "framesOnHit": "D",
                "framesOnBlock": "-37",
                "vTriggerCancelHit": "",
                "vTriggerCancelBlock": "",
                "moveProperties": "High",
                "moveType": "Critical Art"
            },
            "Dynamic Rolling (1st Hit Blocked or Miss)": {
                "moveCommand": "",
                "startUpFrames": "1+7",
                "activeFrames": "5",
                "recoveryFrames": "60",
                "framesOnHit": "D",
                "framesOnBlock": "-37",
                "vTriggerCancelHit": "",
                "vTriggerCancelBlock": "",
                "moveProperties": "High",
                "moveType": "Critical Art"
            }
        },
        "V-System": {
            "[VS1] Coward Crouch": {
                "moveCommand": "",
                "startUpFrames": "",
                "activeFrames": "",
                "recoveryFrames": "56 total frames",
                "framesOnHit": "",
                "framesOnBlock": "",
                "vTriggerCancelHit": "",
                "vTriggerCancelBlock": "",
                "moveProperties": "",
                "moveType": "V-System"
            },
            "[VS1] Wild Lift": {
                "moveCommand": "",
                "startUpFrames": "13",
                "activeFrames": "4",
                "recoveryFrames": "24",
                "framesOnHit": "D",
                "framesOnBlock": "-8",
                "vTriggerCancelHit": "D",
                "vTriggerCancelBlock": "13",
                "moveProperties": "High",
                "moveType": "V-System"
            },
            "[VS1] Raid Jump": {
                "moveCommand": "",
                "startUpFrames": "",
                "activeFrames": "",
                "recoveryFrames": "45+4 frame(s) after landing",
                "framesOnHit": "",
                "framesOnBlock": "",
                "vTriggerCancelHit": "",
                "vTriggerCancelBlock": "",
                "moveProperties": "",
                "moveType": "V-System"
            },
            "[VS2] Shout Of Earth Lv1": {
                "moveCommand": "",
                "startUpFrames": "36-*",
                "activeFrames": "7",
                "recoveryFrames": "27",
                "framesOnHit": "D",
                "framesOnBlock": "-4",
                "vTriggerCancelHit": "",
                "vTriggerCancelBlock": "",
                "moveProperties": "High",
                "moveType": "V-System"
            },
            "[VS2] Shout Of Earth Lv2": {
                "moveCommand": "",
                "startUpFrames": "74-*",
                "activeFrames": "7",
                "recoveryFrames": "27",
                "framesOnHit": "D",
                "framesOnBlock": "4",
                "vTriggerCancelHit": "",
                "vTriggerCancelBlock": "",
                "moveProperties": "High",
                "moveType": "V-System"
            },
            "[VS2] Shout Of Earth Lv2 (Instant Activation Version)": {
                "moveCommand": "",
                "startUpFrames": "23",
                "activeFrames": "7",
                "recoveryFrames": "27",
                "framesOnHit": "D",
                "framesOnBlock": "4",
                "vTriggerCancelHit": "",
                "vTriggerCancelBlock": "",
                "moveProperties": "High",
                "moveType": "V-System"
            },
            "Lightning Beast": {
                "moveCommand": "",
                "startUpFrames": "1",
                "activeFrames": "",
                "recoveryFrames": "6",
                "framesOnHit": "",
                "framesOnBlock": "",
                "vTriggerCancelHit": "",
                "vTriggerCancelBlock": "",
                "moveProperties": "",
                "moveType": "V-System"
            },
            "Quick Rolling": {
                "moveCommand": "",
                "startUpFrames": "17",
                "activeFrames": "3",
                "recoveryFrames": "23",
                "framesOnHit": "D",
                "framesOnBlock": "-2",
                "vTriggerCancelHit": "",
                "vTriggerCancelBlock": "",
                "moveProperties": "High",
                "moveType": "V-System"
            },
            "Jungle Dynamo": {
                "moveCommand": "",
                "startUpFrames": "1",
                "activeFrames": "",
                "recoveryFrames": "6",
                "framesOnHit": "",
                "framesOnBlock": "",
                "vTriggerCancelHit": "",
                "vTriggerCancelBlock": "",
                "moveProperties": "",
                "moveType": "V-System"
            }
        },
        "Normal Throws": {
            "Wild Fang": {
                "moveCommand": "",
                "startUpFrames": "5",
                "activeFrames": "3",
                "recoveryFrames": "17",
                "framesOnHit": "",
                "framesOnBlock": "",
                "vTriggerCancelHit": "",
                "vTriggerCancelBlock": "",
                "moveProperties": "Throw",
                "moveType": "Normal Throws"
            },
            "Jungle Wheel": {
                "moveCommand": "",
                "startUpFrames": "5",
                "activeFrames": "3",
                "recoveryFrames": "17",
                "framesOnHit": "",
                "framesOnBlock": "",
                "vTriggerCancelHit": "",
                "vTriggerCancelBlock": "",
                "moveProperties": "Throw",
                "moveType": "Normal Throws"
            }
        }
    }
}
