{
  "Cammy": {
    "DP": "Cannon Spike",
    "Normal Moves": {
      "Standing LP": {
        "moveCommand": "",
        "startUpFrames": "4",
        "activeFrames": "2",
        "recoveryFrames": "6",
        "framesOnHit": "4",
        "framesOnBlock": "2",
        "vTriggerCancelHit": "3",
        "vTriggerCancelBlock": "1",
        "moveProperties": "High",
        "moveType": "Normal Moves"
      },
      "Standing MP": {
        "moveCommand": "",
        "startUpFrames": "6",
        "activeFrames": "3",
        "recoveryFrames": "9",
        "framesOnHit": "7",
        "framesOnBlock": "3",
        "vTriggerCancelHit": "10",
        "vTriggerCancelBlock": "6",
        "moveProperties": "High",
        "moveType": "Normal Moves"
      },
      "Standing HP": {
        "moveCommand": "",
        "startUpFrames": "6",
        "activeFrames": "2",
        "recoveryFrames": "20",
        "framesOnHit": "1",
        "framesOnBlock": "-3",
        "vTriggerCancelHit": "9",
        "vTriggerCancelBlock": "5",
        "moveProperties": "High",
        "moveType": "Normal Moves"
      },
      "Standing LK": {
        "moveCommand": "",
        "startUpFrames": "4",
        "activeFrames": "2",
        "recoveryFrames": "7",
        "framesOnHit": "2",
        "framesOnBlock": "1",
        "vTriggerCancelHit": "2",
        "vTriggerCancelBlock": "1",
        "moveProperties": "High",
        "moveType": "Normal Moves"
      },
      "Standing MK": {
        "moveCommand": "",
        "startUpFrames": "8",
        "activeFrames": "3",
        "recoveryFrames": "15",
        "framesOnHit": "2",
        "framesOnBlock": "-2",
        "vTriggerCancelHit": "4",
        "vTriggerCancelBlock": "0",
        "moveProperties": "High",
        "moveType": "Normal Moves"
      },
      "Standing HK": {
        "moveCommand": "",
        "startUpFrames": "9",
        "activeFrames": "4",
        "recoveryFrames": "17(*20)",
        "framesOnHit": "4",
        "framesOnBlock": "-2",
        "vTriggerCancelHit": "13",
        "vTriggerCancelBlock": "7",
        "moveProperties": "High",
        "moveType": "Normal Moves"
      },
      "Crouching LP": {
        "moveCommand": "",
        "startUpFrames": "3",
        "activeFrames": "3",
        "recoveryFrames": "6",
        "framesOnHit": "4",
        "framesOnBlock": "0",
        "vTriggerCancelHit": "4",
        "vTriggerCancelBlock": "0",
        "moveProperties": "High",
        "moveType": "Normal Moves"
      },
      "Crouching MP": {
        "moveCommand": "",
        "startUpFrames": "5",
        "activeFrames": "3",
        "recoveryFrames": "10(*12)",
        "framesOnHit": "5",
        "framesOnBlock": "1",
        "vTriggerCancelHit": "8",
        "vTriggerCancelBlock": "4",
        "moveProperties": "High",
        "moveType": "Normal Moves"
      },
      "Crouching HP": {
        "moveCommand": "",
        "startUpFrames": "9",
        "activeFrames": "3",
        "recoveryFrames": "20",
        "framesOnHit": "1",
        "framesOnBlock": "-2",
        "vTriggerCancelHit": "12",
        "vTriggerCancelBlock": "9",
        "moveProperties": "High",
        "moveType": "Normal Moves"
      },
      "Crouching LK": {
        "moveCommand": "",
        "startUpFrames": "4",
        "activeFrames": "2",
        "recoveryFrames": "9",
        "framesOnHit": "1",
        "framesOnBlock": "-1",
        "vTriggerCancelHit": "3",
        "vTriggerCancelBlock": "1",
        "moveProperties": "Low",
        "moveType": "Normal Moves"
      },
      "Crouching MK": {
        "moveCommand": "",
        "startUpFrames": "7",
        "activeFrames": "2",
        "recoveryFrames": "14",
        "framesOnHit": "0",
        "framesOnBlock": "-3",
        "vTriggerCancelHit": "4",
        "vTriggerCancelBlock": "1",
        "moveProperties": "Low",
        "moveType": "Normal Moves"
      },
      "Crouching HK": {
        "moveCommand": "",
        "startUpFrames": "7",
        "activeFrames": "2",
        "recoveryFrames": "22",
        "framesOnHit": "D",
        "framesOnBlock": "-12",
        "vTriggerCancelHit": "D",
        "vTriggerCancelBlock": "0",
        "moveProperties": "Low",
        "moveType": "Normal Moves"
      },
      "Jumping LP": {
        "moveCommand": "",
        "startUpFrames": "3",
        "activeFrames": "5",
        "recoveryFrames": "",
        "framesOnHit": "",
        "framesOnBlock": "",
        "vTriggerCancelHit": "",
        "vTriggerCancelBlock": "",
        "moveProperties": "Mid",
        "moveType": "Normal Moves"
      },
      "Jumping MP": {
        "moveCommand": "",
        "startUpFrames": "5",
        "activeFrames": "5",
        "recoveryFrames": "",
        "framesOnHit": "",
        "framesOnBlock": "",
        "vTriggerCancelHit": "",
        "vTriggerCancelBlock": "",
        "moveProperties": "Mid",
        "moveType": "Normal Moves"
      },
      "Jumping HP": {
        "moveCommand": "",
        "startUpFrames": "7",
        "activeFrames": "5",
        "recoveryFrames": "",
        "framesOnHit": "",
        "framesOnBlock": "",
        "vTriggerCancelHit": "",
        "vTriggerCancelBlock": "",
        "moveProperties": "Mid",
        "moveType": "Normal Moves"
      },
      "Jumping LK": {
        "moveCommand": "",
        "startUpFrames": "3",
        "activeFrames": "5",
        "recoveryFrames": "",
        "framesOnHit": "",
        "framesOnBlock": "",
        "vTriggerCancelHit": "",
        "vTriggerCancelBlock": "",
        "moveProperties": "Mid",
        "moveType": "Normal Moves"
      },
      "Jumping MK": {
        "moveCommand": "",
        "startUpFrames": "6",
        "activeFrames": "5",
        "recoveryFrames": "",
        "framesOnHit": "",
        "framesOnBlock": "",
        "vTriggerCancelHit": "",
        "vTriggerCancelBlock": "",
        "moveProperties": "Mid",
        "moveType": "Normal Moves"
      },
      "Jumping HK": {
        "moveCommand": "",
        "startUpFrames": "7",
        "activeFrames": "5",
        "recoveryFrames": "",
        "framesOnHit": "",
        "framesOnBlock": "",
        "vTriggerCancelHit": "",
        "vTriggerCancelBlock": "",
        "moveProperties": "Mid",
        "moveType": "Normal Moves"
      }
    },
    "Special Moves": {
      "Lift Upper": {
        "moveCommand": "Back Strong",
        "startUpFrames": "4",
        "activeFrames": "4",
        "recoveryFrames": "14",
        "framesOnHit": "4",
        "framesOnBlock": "1",
        "vTriggerCancelHit": "10",
        "vTriggerCancelBlock": "7",
        "moveProperties": "High",
        "moveType": "Special Moves"
      },
      "Knee Bullet": {
        "moveCommand": "Forward Roundhouse",
        "startUpFrames": "12",
        "activeFrames": "4",
        "recoveryFrames": "17",
        "framesOnHit": "5",
        "framesOnBlock": "-2",
        "vTriggerCancelHit": "",
        "vTriggerCancelBlock": "",
        "moveProperties": "High",
        "moveType": "Special Moves"
      },
      "Lift Combination": {
        "moveCommand": "",
        "startUpFrames": "9",
        "activeFrames": "4",
        "recoveryFrames": "27",
        "framesOnHit": "D",
        "framesOnBlock": "-12",
        "vTriggerCancelHit": "D",
        "vTriggerCancelBlock": "5",
        "moveProperties": "High",
        "moveType": "Special Moves"
      },
      "L Spiral Arrow": {
        "moveCommand": "",
        "startUpFrames": "7",
        "activeFrames": "11",
        "recoveryFrames": "25",
        "framesOnHit": "D",
        "framesOnBlock": "-12",
        "vTriggerCancelHit": "",
        "vTriggerCancelBlock": "",
        "moveProperties": "High",
        "moveType": "Special Moves"
      },
      "M Spiral Arrow": {
        "moveCommand": "",
        "startUpFrames": "7",
        "activeFrames": "13",
        "recoveryFrames": "24",
        "framesOnHit": "D",
        "framesOnBlock": "-15",
        "vTriggerCancelHit": "",
        "vTriggerCancelBlock": "",
        "moveProperties": "High",
        "moveType": "Special Moves"
      },
      "H Spiral Arrow": {
        "moveCommand": "",
        "startUpFrames": "7",
        "activeFrames": "14",
        "recoveryFrames": "26",
        "framesOnHit": "D",
        "framesOnBlock": "-12",
        "vTriggerCancelHit": "",
        "vTriggerCancelBlock": "",
        "moveProperties": "High",
        "moveType": "Special Moves"
      },
      "V-Spiral Arrow": {
        "moveCommand": "",
        "startUpFrames": "7",
        "activeFrames": "12",
        "recoveryFrames": "23",
        "framesOnHit": "D",
        "framesOnBlock": "-13",
        "vTriggerCancelHit": "",
        "vTriggerCancelBlock": "",
        "moveProperties": "High",
        "moveType": "Special Moves"
      },
      "EX Spiral Arrow": {
        "moveCommand": "",
        "startUpFrames": "7",
        "activeFrames": "12",
        "recoveryFrames": "23",
        "framesOnHit": "D",
        "framesOnBlock": "-11",
        "vTriggerCancelHit": "",
        "vTriggerCancelBlock": "",
        "moveProperties": "High",
        "moveType": "Special Moves"
      },
      "L Cannon Spike": {
        "moveCommand": "",
        "startUpFrames": "4",
        "activeFrames": "11",
        "recoveryFrames": "23+14 frame(s) after landing",
        "framesOnHit": "D",
        "framesOnBlock": "-37",
        "vTriggerCancelHit": "",
        "vTriggerCancelBlock": "",
        "moveProperties": "High",
        "moveType": "Special Moves"
      },
      "M Cannon Spike": {
        "moveCommand": "",
        "startUpFrames": "5",
        "activeFrames": "11",
        "recoveryFrames": "25+14 frame(s) after landing",
        "framesOnHit": "D",
        "framesOnBlock": "-37",
        "vTriggerCancelHit": "",
        "vTriggerCancelBlock": "",
        "moveProperties": "High",
        "moveType": "Special Moves"
      },
      "H Cannon Spike": {
        "moveCommand": "",
        "startUpFrames": "6",
        "activeFrames": "11",
        "recoveryFrames": "25+14 frame(s) after landing",
        "framesOnHit": "D",
        "framesOnBlock": "-37",
        "vTriggerCancelHit": "",
        "vTriggerCancelBlock": "",
        "moveProperties": "High",
        "moveType": "Special Moves"
      },
      "V-Cannon Spike": {
        "moveCommand": "",
        "startUpFrames": "3",
        "activeFrames": "12",
        "recoveryFrames": "25+16 frame(s) after landing",
        "framesOnHit": "D",
        "framesOnBlock": "-37",
        "vTriggerCancelHit": "",
        "vTriggerCancelBlock": "",
        "moveProperties": "High",
        "moveType": "Special Moves"
      },
      "V-Cannon Spike (during the continuous hits)": {
        "moveCommand": "",
        "startUpFrames": "",
        "activeFrames": "10",
        "recoveryFrames": "25+16 frame(s) after landing",
        "framesOnHit": "D",
        "framesOnBlock": "-37",
        "vTriggerCancelHit": "",
        "vTriggerCancelBlock": "",
        "moveProperties": "High",
        "moveType": "Special Moves"
      },
      "EX Cannon Spike": {
        "moveCommand": "",
        "startUpFrames": "3",
        "activeFrames": "11",
        "recoveryFrames": "24+14 frame(s) after landing",
        "framesOnHit": "D",
        "framesOnBlock": "-37",
        "vTriggerCancelHit": "",
        "vTriggerCancelBlock": "",
        "moveProperties": "High",
        "moveType": "Special Moves"
      },
      "Cannon Strike": {
        "moveCommand": "",
        "startUpFrames": "13",
        "activeFrames": "10",
        "recoveryFrames": "9 frame(s) after landing",
        "framesOnHit": "0",
        "framesOnBlock": "-6",
        "vTriggerCancelHit": "",
        "vTriggerCancelBlock": "",
        "moveProperties": "High",
        "moveType": "Special Moves"
      },
      "V-Cannon Strike": {
        "moveCommand": "",
        "startUpFrames": "13",
        "activeFrames": "11",
        "recoveryFrames": "9 frame(s) after landing",
        "framesOnHit": "6",
        "framesOnBlock": "4",
        "vTriggerCancelHit": "",
        "vTriggerCancelBlock": "",
        "moveProperties": "High",
        "moveType": "Special Moves"
      },
      "EX Cannon Strike": {
        "moveCommand": "",
        "startUpFrames": "13",
        "activeFrames": "11",
        "recoveryFrames": "13 frame(s) after landing",
        "framesOnHit": "D",
        "framesOnBlock": "-5",
        "vTriggerCancelHit": "",
        "vTriggerCancelBlock": "",
        "moveProperties": "High",
        "moveType": "Special Moves"
      },
      "Hooligan Combination": {
        "moveCommand": "",
        "startUpFrames": "",
        "activeFrames": "",
        "recoveryFrames": "",
        "framesOnHit": "",
        "framesOnBlock": "",
        "vTriggerCancelHit": "",
        "vTriggerCancelBlock": "",
        "moveProperties": "",
        "moveType": "Special Moves"
      },
      "EX Hooligan Combination": {
        "moveCommand": "",
        "startUpFrames": "",
        "activeFrames": "",
        "recoveryFrames": "",
        "framesOnHit": "",
        "framesOnBlock": "",
        "vTriggerCancelHit": "",
        "vTriggerCancelBlock": "",
        "moveProperties": "",
        "moveType": "Special Moves"
      },
      "Hooligan Cannon Strike": {
        "moveCommand": "",
        "startUpFrames": "15",
        "activeFrames": "11",
        "recoveryFrames": "9 frame(s) after landing",
        "framesOnHit": "",
        "framesOnBlock": "",
        "vTriggerCancelHit": "",
        "vTriggerCancelBlock": "",
        "moveProperties": "High",
        "moveType": "Special Moves"
      },
      "V-Hooligan Cannon Strike": {
        "moveCommand": "",
        "startUpFrames": "13",
        "activeFrames": "11",
        "recoveryFrames": "9 frame(s) after landing",
        "framesOnHit": "",
        "framesOnBlock": "",
        "vTriggerCancelHit": "",
        "vTriggerCancelBlock": "",
        "moveProperties": "High",
        "moveType": "Special Moves"
      },
      "EX Hooligan Cannon Strike": {
        "moveCommand": "",
        "startUpFrames": "13",
        "activeFrames": "11",
        "recoveryFrames": "9 frame(s) after landing",
        "framesOnHit": "D",
        "framesOnBlock": "-2",
        "vTriggerCancelHit": "",
        "vTriggerCancelBlock": "",
        "moveProperties": "High",
        "moveType": "Special Moves"
      },
      "Lazer Edge Slicer": {
        "moveCommand": "",
        "startUpFrames": "",
        "activeFrames": "9",
        "recoveryFrames": "13",
        "framesOnHit": "D",
        "framesOnBlock": "-2",
        "vTriggerCancelHit": "",
        "vTriggerCancelBlock": "",
        "moveProperties": "Low",
        "moveType": "Special Moves"
      },
      "EX Lazer Edge Slicer": {
        "moveCommand": "",
        "startUpFrames": "",
        "activeFrames": "9",
        "recoveryFrames": "13",
        "framesOnHit": "D",
        "framesOnBlock": "3",
        "vTriggerCancelHit": "",
        "vTriggerCancelBlock": "",
        "moveProperties": "Low",
        "moveType": "Special Moves"
      },
      "Fatal Leg Twister": {
        "moveCommand": "",
        "startUpFrames": "4",
        "activeFrames": "2",
        "recoveryFrames": "10 frame(s) after landing",
        "framesOnHit": "D",
        "framesOnBlock": "",
        "vTriggerCancelHit": "",
        "vTriggerCancelBlock": "",
        "moveProperties": "Throw",
        "moveType": "Special Moves"
      },
      "Cross Scissors Pressure": {
        "moveCommand": "",
        "startUpFrames": "4",
        "activeFrames": "2",
        "recoveryFrames": "10 frame(s) after landing",
        "framesOnHit": "D",
        "framesOnBlock": "",
        "vTriggerCancelHit": "",
        "vTriggerCancelBlock": "",
        "moveProperties": "Throw",
        "moveType": "Special Moves"
      }
    },
    "Critical Art": {
      "Cross Stinger Assault": {
        "moveCommand": "",
        "startUpFrames": "1+2",
        "activeFrames": "9",
        "recoveryFrames": "39 frame(s) after landing",
        "framesOnHit": "D",
        "framesOnBlock": "-30",
        "vTriggerCancelHit": "",
        "vTriggerCancelBlock": "",
        "moveProperties": "High",
        "moveType": "Critical Art"
      }
    },
    "V-System": {
      "[VS1] Axel Spin Knuckle": {
        "moveCommand": "",
        "startUpFrames": "35",
        "activeFrames": "2",
        "recoveryFrames": "13",
        "framesOnHit": "7",
        "framesOnBlock": "2",
        "vTriggerCancelHit": "",
        "vTriggerCancelBlock": "",
        "moveProperties": "High",
        "moveType": "V-System"
      },
      "[VS1] Axel Spin Knuckle (when switching sides)": {
        "moveCommand": "",
        "startUpFrames": "36",
        "activeFrames": "2",
        "recoveryFrames": "16",
        "framesOnHit": "7",
        "framesOnBlock": "2",
        "vTriggerCancelHit": "",
        "vTriggerCancelBlock": "",
        "moveProperties": "High",
        "moveType": "V-System"
      },
      "[VS2] Spinning Attack": {
        "moveCommand": "",
        "startUpFrames": "15",
        "activeFrames": "5",
        "recoveryFrames": "13+15 frame(s) after landing",
        "framesOnHit": "D",
        "framesOnBlock": "-6",
        "vTriggerCancelHit": "",
        "vTriggerCancelBlock": "",
        "moveProperties": "High",
        "moveType": "V-System"
      },
      "Delta Drive": {
        "moveCommand": "",
        "startUpFrames": "1",
        "activeFrames": "",
        "recoveryFrames": "8",
        "framesOnHit": "",
        "framesOnBlock": "",
        "vTriggerCancelHit": "",
        "vTriggerCancelBlock": "",
        "moveProperties": "",
        "moveType": "V-System"
      },
      "Strike Back": {
        "moveCommand": "",
        "startUpFrames": "17",
        "activeFrames": "2",
        "recoveryFrames": "24",
        "framesOnHit": "2",
        "framesOnBlock": "-6",
        "vTriggerCancelHit": "",
        "vTriggerCancelBlock": "",
        "moveProperties": "High",
        "moveType": "V-System"
      },
      "Delta Ambush": {
        "moveCommand": "",
        "startUpFrames": "1",
        "activeFrames": "",
        "recoveryFrames": "30+10 frame(s) after landing",
        "framesOnHit": "",
        "framesOnBlock": "",
        "vTriggerCancelHit": "",
        "vTriggerCancelBlock": "",
        "moveProperties": "",
        "moveType": "V-System"
      },
      "Delta Step": {
        "moveCommand": "",
        "startUpFrames": "1",
        "activeFrames": "",
        "recoveryFrames": "14 total frames",
        "framesOnHit": "",
        "framesOnBlock": "",
        "vTriggerCancelHit": "",
        "vTriggerCancelBlock": "",
        "moveProperties": "",
        "moveType": "V-System"
      },
      "Delta Twist": {
        "moveCommand": "",
        "startUpFrames": "5",
        "activeFrames": "2",
        "recoveryFrames": "25+13 frame(s) after landing",
        "framesOnHit": "7",
        "framesOnBlock": "",
        "vTriggerCancelHit": "",
        "vTriggerCancelBlock": "",
        "moveProperties": "Throw",
        "moveType": "V-System"
      },
      "Reverse Edge": {
        "moveCommand": "",
        "startUpFrames": "10",
        "activeFrames": "7",
        "recoveryFrames": "13+13 frame(s) after landing",
        "framesOnHit": "3",
        "framesOnBlock": "-2",
        "vTriggerCancelHit": "",
        "vTriggerCancelBlock": "",
        "moveProperties": "Mid",
        "moveType": "V-System"
      }
    },
    "Normal Throws": {
      "Gyro Clipper": {
        "moveCommand": "",
        "startUpFrames": "5",
        "activeFrames": "3",
        "recoveryFrames": "17",
        "framesOnHit": "",
        "framesOnBlock": "",
        "vTriggerCancelHit": "",
        "vTriggerCancelBlock": "",
        "moveProperties": "Throw",
        "moveType": "Normal Throws"
      },
      "Delta Through": {
        "moveCommand": "",
        "startUpFrames": "5",
        "activeFrames": "3",
        "recoveryFrames": "17",
        "framesOnHit": "",
        "framesOnBlock": "",
        "vTriggerCancelHit": "",
        "vTriggerCancelBlock": "",
        "moveProperties": "Throw",
        "moveType": "Normal Throws"
      },
      "Neck Spiral": {
        "moveCommand": "",
        "startUpFrames": "5",
        "activeFrames": "2",
        "recoveryFrames": "6 frame(s) after landing",
        "framesOnHit": "",
        "framesOnBlock": "",
        "vTriggerCancelHit": "",
        "vTriggerCancelBlock": "",
        "moveProperties": "Throw",
        "moveType": "Normal Throws"
      }
    }
  }
}
