{
  "Chun-Li": {
    "Fireball": "Kikoken",
    "DP": "EX Spinning Bird Kick",
    "Normal Moves": {
      "Standing LP": {
        "moveCommand": "",
        "startUpFrames": "4",
        "activeFrames": "2",
        "recoveryFrames": "8",
        "framesOnHit": "5",
        "framesOnBlock": "2",
        "vTriggerCancelHit": "",
        "vTriggerCancelBlock": "",
        "moveProperties": "High",
        "moveType": "Normal Moves"
      },
      "Standing MP": {
        "moveCommand": "",
        "startUpFrames": "5",
        "activeFrames": "3",
        "recoveryFrames": "9",
        "framesOnHit": "6",
        "framesOnBlock": "3",
        "vTriggerCancelHit": "",
        "vTriggerCancelBlock": "",
        "moveProperties": "High",
        "moveType": "Normal Moves"
      },
      "Standing HP": {
        "moveCommand": "",
        "startUpFrames": "11",
        "activeFrames": "2",
        "recoveryFrames": "18",
        "framesOnHit": "0",
        "framesOnBlock": "-4",
        "vTriggerCancelHit": "",
        "vTriggerCancelBlock": "",
        "moveProperties": "High",
        "moveType": "Normal Moves"
      },
      "Standing LK": {
        "moveCommand": "",
        "startUpFrames": "5",
        "activeFrames": "3",
        "recoveryFrames": "7",
        "framesOnHit": "1",
        "framesOnBlock": "-3",
        "vTriggerCancelHit": "",
        "vTriggerCancelBlock": "",
        "moveProperties": "High",
        "moveType": "Normal Moves"
      },
      "Standing MK": {
        "moveCommand": "",
        "startUpFrames": "8",
        "activeFrames": "3",
        "recoveryFrames": "15",
        "framesOnHit": "2",
        "framesOnBlock": "-2",
        "vTriggerCancelHit": "",
        "vTriggerCancelBlock": "",
        "moveProperties": "High",
        "moveType": "Normal Moves"
      },
      "Standing HK": {
        "moveCommand": "",
        "startUpFrames": "12",
        "activeFrames": "3",
        "recoveryFrames": "16",
        "framesOnHit": "1",
        "framesOnBlock": "-2",
        "vTriggerCancelHit": "",
        "vTriggerCancelBlock": "",
        "moveProperties": "High",
        "moveType": "Normal Moves"
      },
      "Crouching LP": {
        "moveCommand": "",
        "startUpFrames": "4",
        "activeFrames": "3",
        "recoveryFrames": "5",
        "framesOnHit": "5",
        "framesOnBlock": "2",
        "vTriggerCancelHit": "",
        "vTriggerCancelBlock": "",
        "moveProperties": "High",
        "moveType": "Normal Moves"
      },
      "Crouching MP": {
        "moveCommand": "",
        "startUpFrames": "10",
        "activeFrames": "9",
        "recoveryFrames": "18",
        "framesOnHit": "-3",
        "framesOnBlock": "-8",
        "vTriggerCancelHit": "",
        "vTriggerCancelBlock": "",
        "moveProperties": "Low",
        "moveType": "Normal Moves"
      },
      "Crouching HP": {
        "moveCommand": "",
        "startUpFrames": "7",
        "activeFrames": "4",
        "recoveryFrames": "17",
        "framesOnHit": "2",
        "framesOnBlock": "-5",
        "vTriggerCancelHit": "",
        "vTriggerCancelBlock": "",
        "moveProperties": "High",
        "moveType": "Normal Moves"
      },
      "Crouching LK": {
        "moveCommand": "",
        "startUpFrames": "3",
        "activeFrames": "2",
        "recoveryFrames": "8",
        "framesOnHit": "2",
        "framesOnBlock": "-1",
        "vTriggerCancelHit": "",
        "vTriggerCancelBlock": "",
        "moveProperties": "Low",
        "moveType": "Normal Moves"
      },
      "Crouching MK": {
        "moveCommand": "",
        "startUpFrames": "6",
        "activeFrames": "2",
        "recoveryFrames": "16",
        "framesOnHit": "2",
        "framesOnBlock": "-2",
        "vTriggerCancelHit": "",
        "vTriggerCancelBlock": "",
        "moveProperties": "Low",
        "moveType": "Normal Moves"
      },
      "Crouching HK": {
        "moveCommand": "",
        "startUpFrames": "8",
        "activeFrames": "3",
        "recoveryFrames": "24",
        "framesOnHit": "D",
        "framesOnBlock": "-12",
        "vTriggerCancelHit": "",
        "vTriggerCancelBlock": "",
        "moveProperties": "Low",
        "moveType": "Normal Moves"
      },
      "Jumping LP": {
        "moveCommand": "",
        "startUpFrames": "3",
        "activeFrames": "5",
        "recoveryFrames": "",
        "framesOnHit": "",
        "framesOnBlock": "",
        "vTriggerCancelHit": "",
        "vTriggerCancelBlock": "",
        "moveProperties": "Mid",
        "moveType": "Normal Moves"
      },
      "Jumping MP": {
        "moveCommand": "",
        "startUpFrames": "6",
        "activeFrames": "4",
        "recoveryFrames": "",
        "framesOnHit": "",
        "framesOnBlock": "",
        "vTriggerCancelHit": "",
        "vTriggerCancelBlock": "",
        "moveProperties": "Mid",
        "moveType": "Normal Moves"
      },
      "Jumping HP": {
        "moveCommand": "",
        "startUpFrames": "6",
        "activeFrames": "8",
        "recoveryFrames": "",
        "framesOnHit": "",
        "framesOnBlock": "",
        "vTriggerCancelHit": "",
        "vTriggerCancelBlock": "",
        "moveProperties": "Mid",
        "moveType": "Normal Moves"
      },
      "Jumping LK": {
        "moveCommand": "",
        "startUpFrames": "4",
        "activeFrames": "7",
        "recoveryFrames": "",
        "framesOnHit": "",
        "framesOnBlock": "",
        "vTriggerCancelHit": "",
        "vTriggerCancelBlock": "",
        "moveProperties": "Mid",
        "moveType": "Normal Moves"
      },
      "Jumping MK": {
        "moveCommand": "",
        "startUpFrames": "6",
        "activeFrames": "5",
        "recoveryFrames": "",
        "framesOnHit": "",
        "framesOnBlock": "",
        "vTriggerCancelHit": "",
        "vTriggerCancelBlock": "",
        "moveProperties": "Mid",
        "moveType": "Normal Moves"
      },
      "Diagonal Jumping HK": {
        "moveCommand": "",
        "startUpFrames": "9",
        "activeFrames": "6",
        "recoveryFrames": "",
        "framesOnHit": "",
        "framesOnBlock": "",
        "vTriggerCancelHit": "",
        "vTriggerCancelBlock": "",
        "moveProperties": "Mid",
        "moveType": "Normal Moves"
      },
      "Vertical Jump HK": {
        "moveCommand": "",
        "startUpFrames": "7",
        "activeFrames": "5",
        "recoveryFrames": "",
        "framesOnHit": "",
        "framesOnBlock": "",
        "vTriggerCancelHit": "",
        "vTriggerCancelBlock": "",
        "moveProperties": "Mid",
        "moveType": "Normal Moves"
      },
      "V-Standing LP": {
        "moveCommand": "",
        "startUpFrames": "4",
        "activeFrames": "5",
        "recoveryFrames": "5",
        "framesOnHit": "6",
        "framesOnBlock": "2",
        "vTriggerCancelHit": "",
        "vTriggerCancelBlock": "",
        "moveProperties": "High",
        "moveType": "Normal Moves"
      },
      "V-Standing MP": {
        "moveCommand": "",
        "startUpFrames": "5",
        "activeFrames": "3",
        "recoveryFrames": "9",
        "framesOnHit": "8",
        "framesOnBlock": "3",
        "vTriggerCancelHit": "",
        "vTriggerCancelBlock": "",
        "moveProperties": "High",
        "moveType": "Normal Moves"
      },
      "V-Standing HP": {
        "moveCommand": "",
        "startUpFrames": "11",
        "activeFrames": "4",
        "recoveryFrames": "16",
        "framesOnHit": "2",
        "framesOnBlock": "-4",
        "vTriggerCancelHit": "",
        "vTriggerCancelBlock": "",
        "moveProperties": "High",
        "moveType": "Normal Moves"
      },
      "V-Standing LK": {
        "moveCommand": "",
        "startUpFrames": "5",
        "activeFrames": "4",
        "recoveryFrames": "6",
        "framesOnHit": "1",
        "framesOnBlock": "-3",
        "vTriggerCancelHit": "",
        "vTriggerCancelBlock": "",
        "moveProperties": "High",
        "moveType": "Normal Moves"
      },
      "V-Standing MK": {
        "moveCommand": "",
        "startUpFrames": "8",
        "activeFrames": "4",
        "recoveryFrames": "14",
        "framesOnHit": "4",
        "framesOnBlock": "-2",
        "vTriggerCancelHit": "",
        "vTriggerCancelBlock": "",
        "moveProperties": "High",
        "moveType": "Normal Moves"
      },
      "V-Standing HK": {
        "moveCommand": "",
        "startUpFrames": "12",
        "activeFrames": "3",
        "recoveryFrames": "16",
        "framesOnHit": "1",
        "framesOnBlock": "-2",
        "vTriggerCancelHit": "",
        "vTriggerCancelBlock": "",
        "moveProperties": "High",
        "moveType": "Normal Moves"
      },
      "V-Crouching LP": {
        "moveCommand": "",
        "startUpFrames": "4",
        "activeFrames": "4",
        "recoveryFrames": "4",
        "framesOnHit": "6",
        "framesOnBlock": "2",
        "vTriggerCancelHit": "",
        "vTriggerCancelBlock": "",
        "moveProperties": "High",
        "moveType": "Normal Moves"
      },
      "V-Crouching MP": {
        "moveCommand": "",
        "startUpFrames": "10",
        "activeFrames": "9",
        "recoveryFrames": "18",
        "framesOnHit": "-3",
        "framesOnBlock": "-8",
        "vTriggerCancelHit": "",
        "vTriggerCancelBlock": "",
        "moveProperties": "Low",
        "moveType": "Normal Moves"
      },
      "V-Crouching HP": {
        "moveCommand": "",
        "startUpFrames": "7",
        "activeFrames": "4",
        "recoveryFrames": "14",
        "framesOnHit": "2",
        "framesOnBlock": "-2",
        "vTriggerCancelHit": "",
        "vTriggerCancelBlock": "",
        "moveProperties": "High",
        "moveType": "Normal Moves"
      },
      "V-Crouching LK": {
        "moveCommand": "",
        "startUpFrames": "3",
        "activeFrames": "3",
        "recoveryFrames": "7",
        "framesOnHit": "4",
        "framesOnBlock": "-1",
        "vTriggerCancelHit": "",
        "vTriggerCancelBlock": "",
        "moveProperties": "Low",
        "moveType": "Normal Moves"
      },
      "V-Crouching MK": {
        "moveCommand": "",
        "startUpFrames": "6",
        "activeFrames": "2",
        "recoveryFrames": "14",
        "framesOnHit": "4",
        "framesOnBlock": "-2",
        "vTriggerCancelHit": "",
        "vTriggerCancelBlock": "",
        "moveProperties": "Low",
        "moveType": "Normal Moves"
      },
      "V-Crouching HK": {
        "moveCommand": "",
        "startUpFrames": "8",
        "activeFrames": "4",
        "recoveryFrames": "23",
        "framesOnHit": "D",
        "framesOnBlock": "-12",
        "vTriggerCancelHit": "",
        "vTriggerCancelBlock": "",
        "moveProperties": "Low",
        "moveType": "Normal Moves"
      },
      "V-Jumping LP": {
        "moveCommand": "",
        "startUpFrames": "3",
        "activeFrames": "5",
        "recoveryFrames": "",
        "framesOnHit": "",
        "framesOnBlock": "",
        "vTriggerCancelHit": "",
        "vTriggerCancelBlock": "",
        "moveProperties": "Mid",
        "moveType": "Normal Moves"
      },
      "V-Jumping MP": {
        "moveCommand": "",
        "startUpFrames": "6",
        "activeFrames": "4",
        "recoveryFrames": "",
        "framesOnHit": "",
        "framesOnBlock": "",
        "vTriggerCancelHit": "",
        "vTriggerCancelBlock": "",
        "moveProperties": "Mid",
        "moveType": "Normal Moves"
      },
      "V-Jumping HP": {
        "moveCommand": "",
        "startUpFrames": "6",
        "activeFrames": "8",
        "recoveryFrames": "",
        "framesOnHit": "",
        "framesOnBlock": "",
        "vTriggerCancelHit": "",
        "vTriggerCancelBlock": "",
        "moveProperties": "Mid",
        "moveType": "Normal Moves"
      },
      "V-Jumping LK": {
        "moveCommand": "",
        "startUpFrames": "4",
        "activeFrames": "7",
        "recoveryFrames": "",
        "framesOnHit": "",
        "framesOnBlock": "",
        "vTriggerCancelHit": "",
        "vTriggerCancelBlock": "",
        "moveProperties": "Mid",
        "moveType": "Normal Moves"
      },
      "V-Jumping MK": {
        "moveCommand": "",
        "startUpFrames": "6",
        "activeFrames": "5",
        "recoveryFrames": "",
        "framesOnHit": "",
        "framesOnBlock": "",
        "vTriggerCancelHit": "",
        "vTriggerCancelBlock": "",
        "moveProperties": "Mid",
        "moveType": "Normal Moves"
      },
      "V-Diagonal Jumping HK": {
        "moveCommand": "",
        "startUpFrames": "9",
        "activeFrames": "6",
        "recoveryFrames": "",
        "framesOnHit": "",
        "framesOnBlock": "",
        "vTriggerCancelHit": "",
        "vTriggerCancelBlock": "",
        "moveProperties": "Mid",
        "moveType": "Normal Moves"
      },
      "V-V-ertical Jump HK": {
        "moveCommand": "",
        "startUpFrames": "7",
        "activeFrames": "5",
        "recoveryFrames": "",
        "framesOnHit": "",
        "framesOnBlock": "",
        "vTriggerCancelHit": "",
        "vTriggerCancelBlock": "",
        "moveProperties": "Mid",
        "moveType": "Normal Moves"
      }
    },
    "Special Moves": {
      "Senenshu": {
        "moveCommand": "Down forward Forward",
        "startUpFrames": "26",
        "activeFrames": "2",
        "recoveryFrames": "16",
        "framesOnHit": "2",
        "framesOnBlock": "-2",
        "vTriggerCancelHit": "",
        "vTriggerCancelBlock": "",
        "moveProperties": "Mid",
        "moveType": "Special Moves"
      },
      "Tsuitotsuken": {
        "moveCommand": "Back or Forward Strong",
        "startUpFrames": "7",
        "activeFrames": "2",
        "recoveryFrames": "12",
        "framesOnHit": "3",
        "framesOnBlock": "0",
        "vTriggerCancelHit": "",
        "vTriggerCancelBlock": "",
        "moveProperties": "High",
        "moveType": "Special Moves"
      },
      "Hakkei": {
        "moveCommand": "Back Fierce",
        "startUpFrames": "7",
        "activeFrames": "5",
        "recoveryFrames": "13",
        "framesOnHit": "3",
        "framesOnBlock": "2",
        "vTriggerCancelHit": "",
        "vTriggerCancelBlock": "",
        "moveProperties": "High",
        "moveType": "Special Moves"
      },
      "Kakurakukyaku": {
        "moveCommand": "Down forward Roundhouse",
        "startUpFrames": "34",
        "activeFrames": "7",
        "recoveryFrames": "3+7 frame(s) after landing",
        "framesOnHit": "8",
        "framesOnBlock": "4",
        "vTriggerCancelHit": "",
        "vTriggerCancelBlock": "",
        "moveProperties": "Mid",
        "moveType": "Special Moves"
      },
      "Tenkukyaku": {
        "moveCommand": "Back Roundhouse",
        "startUpFrames": "8",
        "activeFrames": "5",
        "recoveryFrames": "13",
        "framesOnHit": "2",
        "framesOnBlock": "0",
        "vTriggerCancelHit": "",
        "vTriggerCancelBlock": "",
        "moveProperties": "High",
        "moveType": "Special Moves"
      },
      "Yokusenkyaku": {
        "moveCommand": "Forward Roundhouse",
        "startUpFrames": "18",
        "activeFrames": "5",
        "recoveryFrames": "13(*18)",
        "framesOnHit": "2",
        "framesOnBlock": "-2",
        "vTriggerCancelHit": "",
        "vTriggerCancelBlock": "",
        "moveProperties": "High",
        "moveType": "Special Moves"
      },
      "Yosokyaku": {
        "moveCommand": "",
        "startUpFrames": "5",
        "activeFrames": "4",
        "recoveryFrames": "4 frame(s) after landing",
        "framesOnHit": "D",
        "framesOnBlock": "",
        "vTriggerCancelHit": "",
        "vTriggerCancelBlock": "",
        "moveProperties": "Mid",
        "moveType": "Special Moves"
      },
      "Yosokyaku 2": {
        "moveCommand": "",
        "startUpFrames": "",
        "activeFrames": "",
        "recoveryFrames": "4 frame(s) after landing",
        "framesOnHit": "D",
        "framesOnBlock": "",
        "vTriggerCancelHit": "",
        "vTriggerCancelBlock": "",
        "moveProperties": "Mid",
        "moveType": "Special Moves"
      },
      "Yosokyaku 3": {
        "moveCommand": "",
        "startUpFrames": "",
        "activeFrames": "",
        "recoveryFrames": "4 frame(s) after landing",
        "framesOnHit": "D",
        "framesOnBlock": "",
        "vTriggerCancelHit": "",
        "vTriggerCancelBlock": "",
        "moveProperties": "Mid",
        "moveType": "Special Moves"
      },
      "Wall Jump": {
        "moveCommand": "",
        "startUpFrames": "",
        "activeFrames": "",
        "recoveryFrames": "",
        "framesOnHit": "",
        "framesOnBlock": "",
        "vTriggerCancelHit": "",
        "vTriggerCancelBlock": "",
        "moveProperties": "",
        "moveType": "Special Moves"
      },
      "L Kikoken": {
        "moveCommand": "",
        "startUpFrames": "13",
        "activeFrames": "70",
        "recoveryFrames": "46 total frames",
        "framesOnHit": "0",
        "framesOnBlock": "-6",
        "vTriggerCancelHit": "",
        "vTriggerCancelBlock": "",
        "moveProperties": "High",
        "moveType": "Special Moves"
      },
      "M Kikoken": {
        "moveCommand": "",
        "startUpFrames": "11",
        "activeFrames": "50",
        "recoveryFrames": "45 total frames",
        "framesOnHit": "-1",
        "framesOnBlock": "-5",
        "vTriggerCancelHit": "",
        "vTriggerCancelBlock": "",
        "moveProperties": "High",
        "moveType": "Special Moves"
      },
      "H Kikoken": {
        "moveCommand": "",
        "startUpFrames": "9",
        "activeFrames": "30",
        "recoveryFrames": "44 total frames",
        "framesOnHit": "-1",
        "framesOnBlock": "-4",
        "vTriggerCancelHit": "",
        "vTriggerCancelBlock": "",
        "moveProperties": "High",
        "moveType": "Special Moves"
      },
      "EX Kikoken": {
        "moveCommand": "",
        "startUpFrames": "11",
        "activeFrames": "",
        "recoveryFrames": "38 total frames",
        "framesOnHit": "4",
        "framesOnBlock": "1",
        "vTriggerCancelHit": "",
        "vTriggerCancelBlock": "",
        "moveProperties": "High",
        "moveType": "Special Moves"
      },
      "L Hyakuretsukyaku": {
        "moveCommand": "",
        "startUpFrames": "5",
        "activeFrames": "8",
        "recoveryFrames": "20",
        "framesOnHit": "4",
        "framesOnBlock": "-8",
        "vTriggerCancelHit": "",
        "vTriggerCancelBlock": "",
        "moveProperties": "High",
        "moveType": "Special Moves"
      },
      "M Hyakuretsukyaku": {
        "moveCommand": "",
        "startUpFrames": "11",
        "activeFrames": "10",
        "recoveryFrames": "20",
        "framesOnHit": "3",
        "framesOnBlock": "-9",
        "vTriggerCancelHit": "",
        "vTriggerCancelBlock": "",
        "moveProperties": "High",
        "moveType": "Special Moves"
      },
      "H Hyakuretsukyaku": {
        "moveCommand": "",
        "startUpFrames": "14",
        "activeFrames": "12",
        "recoveryFrames": "20",
        "framesOnHit": "D",
        "framesOnBlock": "-10",
        "vTriggerCancelHit": "",
        "vTriggerCancelBlock": "",
        "moveProperties": "High",
        "moveType": "Special Moves"
      },
      "EX Hyakuretsukyaku": {
        "moveCommand": "",
        "startUpFrames": "5",
        "activeFrames": "20",
        "recoveryFrames": "19",
        "framesOnHit": "D",
        "framesOnBlock": "-2",
        "vTriggerCancelHit": "",
        "vTriggerCancelBlock": "",
        "moveProperties": "High",
        "moveType": "Special Moves"
      },
      "L Airborne Hyakuretsukyaku": {
        "moveCommand": "",
        "startUpFrames": "8",
        "activeFrames": "8",
        "recoveryFrames": "12 frame(s) after landing",
        "framesOnHit": "4",
        "framesOnBlock": "-2",
        "vTriggerCancelHit": "",
        "vTriggerCancelBlock": "",
        "moveProperties": "High",
        "moveType": "Special Moves"
      },
      "M Airborne Hyakuretsukyaku": {
        "moveCommand": "",
        "startUpFrames": "10",
        "activeFrames": "10",
        "recoveryFrames": "12 frame(s) after landing",
        "framesOnHit": "4",
        "framesOnBlock": "-2",
        "vTriggerCancelHit": "",
        "vTriggerCancelBlock": "",
        "moveProperties": "High",
        "moveType": "Special Moves"
      },
      "H Airborne Hyakuretsukyaku": {
        "moveCommand": "",
        "startUpFrames": "12",
        "activeFrames": "12",
        "recoveryFrames": "12 frame(s) after landing",
        "framesOnHit": "0",
        "framesOnBlock": "-3",
        "vTriggerCancelHit": "",
        "vTriggerCancelBlock": "",
        "moveProperties": "High",
        "moveType": "Special Moves"
      },
      "EX Airborne Hyakuretsukyaku": {
        "moveCommand": "",
        "startUpFrames": "6",
        "activeFrames": "14",
        "recoveryFrames": "12 frame(s) after landing",
        "framesOnHit": "-7",
        "framesOnBlock": "-10",
        "vTriggerCancelHit": "",
        "vTriggerCancelBlock": "",
        "moveProperties": "High",
        "moveType": "Special Moves"
      },
      "L Spinning Bird Kick": {
        "moveCommand": "",
        "startUpFrames": "9",
        "activeFrames": "10",
        "recoveryFrames": "24",
        "framesOnHit": "D",
        "framesOnBlock": "-6",
        "vTriggerCancelHit": "",
        "vTriggerCancelBlock": "",
        "moveProperties": "High",
        "moveType": "Special Moves"
      },
      "M Spinning Bird Kick": {
        "moveCommand": "",
        "startUpFrames": "15",
        "activeFrames": "14",
        "recoveryFrames": "24",
        "framesOnHit": "D",
        "framesOnBlock": "-8",
        "vTriggerCancelHit": "",
        "vTriggerCancelBlock": "",
        "moveProperties": "High",
        "moveType": "Special Moves"
      },
      "H Spinning Bird Kick": {
        "moveCommand": "",
        "startUpFrames": "19",
        "activeFrames": "18",
        "recoveryFrames": "24",
        "framesOnHit": "D",
        "framesOnBlock": "-8",
        "vTriggerCancelHit": "",
        "vTriggerCancelBlock": "",
        "moveProperties": "High",
        "moveType": "Special Moves"
      },
      "EX Spinning Bird Kick": {
        "moveCommand": "",
        "startUpFrames": "5",
        "activeFrames": "17",
        "recoveryFrames": "31",
        "framesOnHit": "D",
        "framesOnBlock": "-16",
        "vTriggerCancelHit": "",
        "vTriggerCancelBlock": "",
        "moveProperties": "High",
        "moveType": "Special Moves"
      },
      "Kikosho (Charge)": {
        "moveCommand": "",
        "startUpFrames": "49",
        "activeFrames": "20",
        "recoveryFrames": "11",
        "framesOnHit": "D",
        "framesOnBlock": "GB",
        "vTriggerCancelHit": "",
        "vTriggerCancelBlock": "",
        "moveProperties": "High",
        "moveType": "Special Moves"
      },
      "V-Senenshu": {
        "moveCommand": "Down forward Forward",
        "startUpFrames": "26",
        "activeFrames": "2",
        "recoveryFrames": "16",
        "framesOnHit": "4",
        "framesOnBlock": "-2",
        "vTriggerCancelHit": "",
        "vTriggerCancelBlock": "",
        "moveProperties": "Mid",
        "moveType": "Special Moves"
      },
      "V-Tsuitotsuken": {
        "moveCommand": "Back or Forward Strong",
        "startUpFrames": "7",
        "activeFrames": "3",
        "recoveryFrames": "11",
        "framesOnHit": "4",
        "framesOnBlock": "0",
        "vTriggerCancelHit": "",
        "vTriggerCancelBlock": "",
        "moveProperties": "High",
        "moveType": "Special Moves"
      },
      "V-Hakkei": {
        "moveCommand": "Back Fierce",
        "startUpFrames": "7",
        "activeFrames": "7",
        "recoveryFrames": "11",
        "framesOnHit": "6",
        "framesOnBlock": "2",
        "vTriggerCancelHit": "",
        "vTriggerCancelBlock": "",
        "moveProperties": "High",
        "moveType": "Special Moves"
      },
      "V-Kakurakukyaku": {
        "moveCommand": "Down forward Roundhouse",
        "startUpFrames": "34",
        "activeFrames": "7",
        "recoveryFrames": "3+7 frame(s) after landing",
        "framesOnHit": "8",
        "framesOnBlock": "6",
        "vTriggerCancelHit": "",
        "vTriggerCancelBlock": "",
        "moveProperties": "Mid",
        "moveType": "Special Moves"
      },
      "V-Tenkukyaku": {
        "moveCommand": "Back Roundhouse",
        "startUpFrames": "8",
        "activeFrames": "5",
        "recoveryFrames": "13",
        "framesOnHit": "2",
        "framesOnBlock": "0",
        "vTriggerCancelHit": "",
        "vTriggerCancelBlock": "",
        "moveProperties": "High",
        "moveType": "Special Moves"
      },
      "V-Yokusenkyaku": {
        "moveCommand": "Forward Roundhouse",
        "startUpFrames": "18",
        "activeFrames": "5",
        "recoveryFrames": "13(*18)",
        "framesOnHit": "4",
        "framesOnBlock": "-2",
        "vTriggerCancelHit": "",
        "vTriggerCancelBlock": "",
        "moveProperties": "High",
        "moveType": "Special Moves"
      },
      "V-Yosokyaku": {
        "moveCommand": "",
        "startUpFrames": "5",
        "activeFrames": "4",
        "recoveryFrames": "4 frame(s) after landing",
        "framesOnHit": "D",
        "framesOnBlock": "",
        "vTriggerCancelHit": "",
        "vTriggerCancelBlock": "",
        "moveProperties": "Mid",
        "moveType": "Special Moves"
      },
      "V-Yosokyaku 2": {
        "moveCommand": "",
        "startUpFrames": "",
        "activeFrames": "",
        "recoveryFrames": "4 frame(s) after landing",
        "framesOnHit": "D",
        "framesOnBlock": "",
        "vTriggerCancelHit": "",
        "vTriggerCancelBlock": "",
        "moveProperties": "Mid",
        "moveType": "Special Moves"
      },
      "V-Yosokyaku 3": {
        "moveCommand": "",
        "startUpFrames": "",
        "activeFrames": "",
        "recoveryFrames": "4 frame(s) after landing",
        "framesOnHit": "D",
        "framesOnBlock": "",
        "vTriggerCancelHit": "",
        "vTriggerCancelBlock": "",
        "moveProperties": "Mid",
        "moveType": "Special Moves"
      },
      "V-L Kikoken": {
        "moveCommand": "",
        "startUpFrames": "13",
        "activeFrames": "140",
        "recoveryFrames": "46 total frames",
        "framesOnHit": "0",
        "framesOnBlock": "-6",
        "vTriggerCancelHit": "",
        "vTriggerCancelBlock": "",
        "moveProperties": "High",
        "moveType": "Special Moves"
      },
      "V-M Kikoken": {
        "moveCommand": "",
        "startUpFrames": "11",
        "activeFrames": "100",
        "recoveryFrames": "45 total frames",
        "framesOnHit": "-1",
        "framesOnBlock": "-5",
        "vTriggerCancelHit": "",
        "vTriggerCancelBlock": "",
        "moveProperties": "High",
        "moveType": "Special Moves"
      },
      "V-H Kikoken": {
        "moveCommand": "",
        "startUpFrames": "9",
        "activeFrames": "60",
        "recoveryFrames": "44 total frames",
        "framesOnHit": "-1",
        "framesOnBlock": "-4",
        "vTriggerCancelHit": "",
        "vTriggerCancelBlock": "",
        "moveProperties": "High",
        "moveType": "Special Moves"
      },
      "V-EX Kikoken": {
        "moveCommand": "",
        "startUpFrames": "11",
        "activeFrames": "",
        "recoveryFrames": "38 total frames",
        "framesOnHit": "4",
        "framesOnBlock": "1",
        "vTriggerCancelHit": "",
        "vTriggerCancelBlock": "",
        "moveProperties": "High",
        "moveType": "Special Moves"
      },
      "V-L Hyakuretsukyaku": {
        "moveCommand": "",
        "startUpFrames": "5",
        "activeFrames": "8",
        "recoveryFrames": "20",
        "framesOnHit": "4",
        "framesOnBlock": "-8",
        "vTriggerCancelHit": "",
        "vTriggerCancelBlock": "",
        "moveProperties": "High",
        "moveType": "Special Moves"
      },
      "V-M Hyakuretsukyaku": {
        "moveCommand": "",
        "startUpFrames": "11",
        "activeFrames": "10",
        "recoveryFrames": "20",
        "framesOnHit": "3",
        "framesOnBlock": "-9",
        "vTriggerCancelHit": "",
        "vTriggerCancelBlock": "",
        "moveProperties": "High",
        "moveType": "Special Moves"
      },
      "V-H Hyakuretsukyaku": {
        "moveCommand": "",
        "startUpFrames": "14",
        "activeFrames": "12",
        "recoveryFrames": "20",
        "framesOnHit": "D",
        "framesOnBlock": "-10",
        "vTriggerCancelHit": "",
        "vTriggerCancelBlock": "",
        "moveProperties": "High",
        "moveType": "Special Moves"
      },
      "V-EX Hyakuretsukyaku": {
        "moveCommand": "",
        "startUpFrames": "5",
        "activeFrames": "20",
        "recoveryFrames": "19",
        "framesOnHit": "D",
        "framesOnBlock": "-2",
        "vTriggerCancelHit": "",
        "vTriggerCancelBlock": "",
        "moveProperties": "High",
        "moveType": "Special Moves"
      },
      "V-L Airborne Hyakuretsukyaku": {
        "moveCommand": "",
        "startUpFrames": "8",
        "activeFrames": "8",
        "recoveryFrames": "12 frame(s) after landing",
        "framesOnHit": "4",
        "framesOnBlock": "-2",
        "vTriggerCancelHit": "",
        "vTriggerCancelBlock": "",
        "moveProperties": "High",
        "moveType": "Special Moves"
      },
      "V-M Airborne Hyakuretsukyaku": {
        "moveCommand": "",
        "startUpFrames": "10",
        "activeFrames": "10",
        "recoveryFrames": "12 frame(s) after landing",
        "framesOnHit": "4",
        "framesOnBlock": "-2",
        "vTriggerCancelHit": "",
        "vTriggerCancelBlock": "",
        "moveProperties": "High",
        "moveType": "Special Moves"
      },
      "V-H Airborne Hyakuretsukyaku": {
        "moveCommand": "",
        "startUpFrames": "12",
        "activeFrames": "12",
        "recoveryFrames": "12 frame(s) after landing",
        "framesOnHit": "0",
        "framesOnBlock": "-3",
        "vTriggerCancelHit": "",
        "vTriggerCancelBlock": "",
        "moveProperties": "High",
        "moveType": "Special Moves"
      },
      "V-EX Airborne Hyakuretsukyaku": {
        "moveCommand": "",
        "startUpFrames": "6",
        "activeFrames": "14",
        "recoveryFrames": "12 frame(s) after landing",
        "framesOnHit": "-7",
        "framesOnBlock": "-10",
        "vTriggerCancelHit": "",
        "vTriggerCancelBlock": "",
        "moveProperties": "High",
        "moveType": "Special Moves"
      },
      "V-L Spinning Bird Kick": {
        "moveCommand": "",
        "startUpFrames": "9",
        "activeFrames": "10",
        "recoveryFrames": "24",
        "framesOnHit": "D",
        "framesOnBlock": "-6",
        "vTriggerCancelHit": "",
        "vTriggerCancelBlock": "",
        "moveProperties": "High",
        "moveType": "Special Moves"
      },
      "V-M Spinning Bird Kick": {
        "moveCommand": "",
        "startUpFrames": "15",
        "activeFrames": "14",
        "recoveryFrames": "24",
        "framesOnHit": "D",
        "framesOnBlock": "-8",
        "vTriggerCancelHit": "",
        "vTriggerCancelBlock": "",
        "moveProperties": "High",
        "moveType": "Special Moves"
      },
      "V-H Spinning Bird Kick": {
        "moveCommand": "",
        "startUpFrames": "19",
        "activeFrames": "18",
        "recoveryFrames": "24",
        "framesOnHit": "D",
        "framesOnBlock": "-8",
        "vTriggerCancelHit": "",
        "vTriggerCancelBlock": "",
        "moveProperties": "High",
        "moveType": "Special Moves"
      },
      "V-EX Spinning Bird Kick": {
        "moveCommand": "",
        "startUpFrames": "5",
        "activeFrames": "17",
        "recoveryFrames": "31",
        "framesOnHit": "D",
        "framesOnBlock": "-16",
        "vTriggerCancelHit": "",
        "vTriggerCancelBlock": "",
        "moveProperties": "High",
        "moveType": "Special Moves"
      }
    },
    "Critical Art": {
      "Hoyokusen": {
        "moveCommand": "",
        "startUpFrames": "1+4",
        "activeFrames": "2",
        "recoveryFrames": "35",
        "framesOnHit": "D",
        "framesOnBlock": "-20",
        "vTriggerCancelHit": "",
        "vTriggerCancelBlock": "",
        "moveProperties": "High",
        "moveType": "Critical Art"
      }
    },
    "V-System": {
      "[VS1] Rankyaku": {
        "moveCommand": "",
        "startUpFrames": "11",
        "activeFrames": "6",
        "recoveryFrames": "36+6 frame(s) after landing",
        "framesOnHit": "D",
        "framesOnBlock": "-24",
        "vTriggerCancelHit": "",
        "vTriggerCancelBlock": "",
        "moveProperties": "High",
        "moveType": "V-System"
      },
      "[VS1] Souseikyaku": {
        "moveCommand": "",
        "startUpFrames": "12",
        "activeFrames": "6",
        "recoveryFrames": "4 frame(s) after landing",
        "framesOnHit": "",
        "framesOnBlock": "",
        "vTriggerCancelHit": "",
        "vTriggerCancelBlock": "",
        "moveProperties": "Mid",
        "moveType": "V-System"
      },
      "[VS2] Hazansyu": {
        "moveCommand": "",
        "startUpFrames": "27",
        "activeFrames": "3",
        "recoveryFrames": "20",
        "framesOnHit": "D",
        "framesOnBlock": "-4",
        "vTriggerCancelHit": "",
        "vTriggerCancelBlock": "",
        "moveProperties": "High",
        "moveType": "V-System"
      },
      "Kikosho": {
        "moveCommand": "",
        "startUpFrames": "7",
        "activeFrames": "20",
        "recoveryFrames": "11",
        "framesOnHit": "D",
        "framesOnBlock": "2",
        "vTriggerCancelHit": "",
        "vTriggerCancelBlock": "",
        "moveProperties": "High",
        "moveType": "V-System"
      },
      "Sohakkei": {
        "moveCommand": "",
        "startUpFrames": "12",
        "activeFrames": "2",
        "recoveryFrames": "24",
        "framesOnHit": "2",
        "framesOnBlock": "-2",
        "vTriggerCancelHit": "",
        "vTriggerCancelBlock": "",
        "moveProperties": "High",
        "moveType": "V-System"
      },
      "V[VS2] Hazansyu": {
        "moveCommand": "",
        "startUpFrames": "27",
        "activeFrames": "3",
        "recoveryFrames": "20",
        "framesOnHit": "D",
        "framesOnBlock": "-4",
        "vTriggerCancelHit": "",
        "vTriggerCancelBlock": "",
        "moveProperties": "High",
        "moveType": "V-System"
      },
      "Renkiko": {
        "moveCommand": "",
        "startUpFrames": "1",
        "activeFrames": "",
        "recoveryFrames": "4",
        "framesOnHit": "",
        "framesOnBlock": "",
        "vTriggerCancelHit": "",
        "vTriggerCancelBlock": "",
        "moveProperties": "",
        "moveType": "V-System"
      }
    },
    "Normal Throws": {
      "Koshuto": {
        "moveCommand": "",
        "startUpFrames": "5",
        "activeFrames": "3",
        "recoveryFrames": "17",
        "framesOnHit": "",
        "framesOnBlock": "",
        "vTriggerCancelHit": "",
        "vTriggerCancelBlock": "",
        "moveProperties": "Throw",
        "moveType": "Normal Throws"
      },
      "Tenshin Shushu": {
        "moveCommand": "",
        "startUpFrames": "5",
        "activeFrames": "3",
        "recoveryFrames": "17",
        "framesOnHit": "",
        "framesOnBlock": "",
        "vTriggerCancelHit": "",
        "vTriggerCancelBlock": "",
        "moveProperties": "Throw",
        "moveType": "Normal Throws"
      },
      "Ryuseiraku": {
        "moveCommand": "",
        "startUpFrames": "5",
        "activeFrames": "2",
        "recoveryFrames": "6 frame(s) after landing",
        "framesOnHit": "",
        "framesOnBlock": "",
        "vTriggerCancelHit": "",
        "vTriggerCancelBlock": "",
        "moveProperties": "Throw",
        "moveType": "Normal Throws"
      }
    }
  }
}
