{
    "Cody": {
        "Fireball": "Tornado Sweep",
        "Normal Moves": {
            "Standing LP": {
                "moveCommand": "",
                "startUpFrames": "4",
                "activeFrames": "3",
                "recoveryFrames": "7",
                "framesOnHit": "3",
                "framesOnBlock": "1",
                "vTriggerCancelHit": "7",
                "vTriggerCancelBlock": "5",
                "moveProperties": "High",
                "moveType": "Normal Moves"
            },
            "Standing MP": {
                "moveCommand": "",
                "startUpFrames": "7",
                "activeFrames": "2",
                "recoveryFrames": "16",
                "framesOnHit": "4",
                "framesOnBlock": "0",
                "vTriggerCancelHit": "16",
                "vTriggerCancelBlock": "12",
                "moveProperties": "High",
                "moveType": "Normal Moves"
            },
            "Standing HP": {
                "moveCommand": "",
                "startUpFrames": "6",
                "activeFrames": "5",
                "recoveryFrames": "21",
                "framesOnHit": "3",
                "framesOnBlock": "-7",
                "vTriggerCancelHit": "22/19",
                "vTriggerCancelBlock": "11/11",
                "moveProperties": "High",
                "moveType": "Normal Moves"
            },
            "Standing LK": {
                "moveCommand": "",
                "startUpFrames": "5",
                "activeFrames": "3",
                "recoveryFrames": "10",
                "framesOnHit": "4",
                "framesOnBlock": "3",
                "vTriggerCancelHit": "10",
                "vTriggerCancelBlock": "9",
                "moveProperties": "High",
                "moveType": "Normal Moves"
            },
            "Standing MK": {
                "moveCommand": "",
                "startUpFrames": "7",
                "activeFrames": "3",
                "recoveryFrames": "12",
                "framesOnHit": "7",
                "framesOnBlock": "3",
                "vTriggerCancelHit": "16",
                "vTriggerCancelBlock": "12",
                "moveProperties": "High",
                "moveType": "Normal Moves"
            },
            "Standing HK": {
                "moveCommand": "",
                "startUpFrames": "15",
                "activeFrames": "3",
                "recoveryFrames": "21",
                "framesOnHit": "2",
                "framesOnBlock": "-4",
                "vTriggerCancelHit": "20",
                "vTriggerCancelBlock": "14",
                "moveProperties": "High",
                "moveType": "Normal Moves"
            },
            "Crouching LP": {
                "moveCommand": "",
                "startUpFrames": "4",
                "activeFrames": "2",
                "recoveryFrames": "10",
                "framesOnHit": "4",
                "framesOnBlock": "2",
                "vTriggerCancelHit": "10",
                "vTriggerCancelBlock": "8",
                "moveProperties": "High",
                "moveType": "Normal Moves"
            },
            "Crouching MP": {
                "moveCommand": "",
                "startUpFrames": "6",
                "activeFrames": "3",
                "recoveryFrames": "15",
                "framesOnHit": "5",
                "framesOnBlock": "2",
                "vTriggerCancelHit": "15",
                "vTriggerCancelBlock": "12",
                "moveProperties": "High",
                "moveType": "Normal Moves"
            },
            "Crouching HP": {
                "moveCommand": "",
                "startUpFrames": "9",
                "activeFrames": "2",
                "recoveryFrames": "21",
                "framesOnHit": "0",
                "framesOnBlock": "-4",
                "vTriggerCancelHit": "16",
                "vTriggerCancelBlock": "12",
                "moveProperties": "High",
                "moveType": "Normal Moves"
            },
            "Crouching LK": {
                "moveCommand": "",
                "startUpFrames": "4",
                "activeFrames": "3",
                "recoveryFrames": "8",
                "framesOnHit": "3",
                "framesOnBlock": "1",
                "vTriggerCancelHit": "8",
                "vTriggerCancelBlock": "6",
                "moveProperties": "Low",
                "moveType": "Normal Moves"
            },
            "Crouching MK": {
                "moveCommand": "",
                "startUpFrames": "7",
                "activeFrames": "3",
                "recoveryFrames": "15",
                "framesOnHit": "3",
                "framesOnBlock": "1",
                "vTriggerCancelHit": "10",
                "vTriggerCancelBlock": "8",
                "moveProperties": "Low",
                "moveType": "Normal Moves"
            },
            "Crouching HK": {
                "moveCommand": "",
                "startUpFrames": "9",
                "activeFrames": "4",
                "recoveryFrames": "23",
                "framesOnHit": "D",
                "framesOnBlock": "-14",
                "vTriggerCancelHit": "D",
                "vTriggerCancelBlock": "7",
                "moveProperties": "Low",
                "moveType": "Normal Moves"
            },
            "Jumping LP": {
                "moveCommand": "",
                "startUpFrames": "4",
                "activeFrames": "5",
                "recoveryFrames": "",
                "framesOnHit": "",
                "framesOnBlock": "",
                "vTriggerCancelHit": "",
                "vTriggerCancelBlock": "",
                "moveProperties": "Mid",
                "moveType": "Normal Moves"
            },
            "Jumping MP": {
                "moveCommand": "",
                "startUpFrames": "7",
                "activeFrames": "5",
                "recoveryFrames": "",
                "framesOnHit": "",
                "framesOnBlock": "",
                "vTriggerCancelHit": "",
                "vTriggerCancelBlock": "",
                "moveProperties": "Mid",
                "moveType": "Normal Moves"
            },
            "Jumping HP": {
                "moveCommand": "",
                "startUpFrames": "9",
                "activeFrames": "5",
                "recoveryFrames": "",
                "framesOnHit": "",
                "framesOnBlock": "",
                "vTriggerCancelHit": "",
                "vTriggerCancelBlock": "",
                "moveProperties": "Mid",
                "moveType": "Normal Moves"
            },
            "Jumping LK": {
                "moveCommand": "",
                "startUpFrames": "5",
                "activeFrames": "5",
                "recoveryFrames": "",
                "framesOnHit": "",
                "framesOnBlock": "",
                "vTriggerCancelHit": "",
                "vTriggerCancelBlock": "",
                "moveProperties": "Mid",
                "moveType": "Normal Moves"
            },
            "Jumping MK": {
                "moveCommand": "",
                "startUpFrames": "7",
                "activeFrames": "5",
                "recoveryFrames": "",
                "framesOnHit": "",
                "framesOnBlock": "",
                "vTriggerCancelHit": "",
                "vTriggerCancelBlock": "",
                "moveProperties": "Mid",
                "moveType": "Normal Moves"
            },
            "Jumping HK": {
                "moveCommand": "",
                "startUpFrames": "10",
                "activeFrames": "5",
                "recoveryFrames": "",
                "framesOnHit": "",
                "framesOnBlock": "",
                "vTriggerCancelHit": "",
                "vTriggerCancelBlock": "",
                "moveProperties": "Mid",
                "moveType": "Normal Moves"
            },
            "(WHILE HOLDING KNIFE) Standing LP": {
                "moveCommand": "",
                "startUpFrames": "4",
                "activeFrames": "3",
                "recoveryFrames": "8",
                "framesOnHit": "6",
                "framesOnBlock": "2",
                "vTriggerCancelHit": "",
                "vTriggerCancelBlock": "",
                "moveProperties": "High",
                "moveType": "Normal Moves"
            },
            "(WHILE HOLDING KNIFE) Standing MP": {
                "moveCommand": "",
                "startUpFrames": "8",
                "activeFrames": "3",
                "recoveryFrames": "15",
                "framesOnHit": "5",
                "framesOnBlock": "4",
                "vTriggerCancelHit": "",
                "vTriggerCancelBlock": "",
                "moveProperties": "High",
                "moveType": "Normal Moves"
            },
            "(WHILE HOLDING KNIFE) Standing HP": {
                "moveCommand": "",
                "startUpFrames": "13",
                "activeFrames": "3",
                "recoveryFrames": "19(*20)",
                "framesOnHit": "7",
                "framesOnBlock": "-2",
                "vTriggerCancelHit": "",
                "vTriggerCancelBlock": "",
                "moveProperties": "High",
                "moveType": "Normal Moves"
            },
            "(WHILE HOLDING KNIFE) Crouching LP": {
                "moveCommand": "",
                "startUpFrames": "5",
                "activeFrames": "3",
                "recoveryFrames": "7",
                "framesOnHit": "5",
                "framesOnBlock": "3",
                "vTriggerCancelHit": "",
                "vTriggerCancelBlock": "",
                "moveProperties": "High",
                "moveType": "Normal Moves"
            },
            "(WHILE HOLDING KNIFE) Crouching MP": {
                "moveCommand": "",
                "startUpFrames": "6",
                "activeFrames": "2",
                "recoveryFrames": "13",
                "framesOnHit": "5",
                "framesOnBlock": "4",
                "vTriggerCancelHit": "",
                "vTriggerCancelBlock": "",
                "moveProperties": "High",
                "moveType": "Normal Moves"
            },
            "(WHILE HOLDING KNIFE) Crouching HP": {
                "moveCommand": "",
                "startUpFrames": "11",
                "activeFrames": "5",
                "recoveryFrames": "20",
                "framesOnHit": "4",
                "framesOnBlock": "-5",
                "vTriggerCancelHit": "",
                "vTriggerCancelBlock": "",
                "moveProperties": "High",
                "moveType": "Normal Moves"
            },
            "(WHILE HOLDING KNIFE) Jumping LP": {
                "moveCommand": "",
                "startUpFrames": "4",
                "activeFrames": "5",
                "recoveryFrames": "",
                "framesOnHit": "",
                "framesOnBlock": "",
                "vTriggerCancelHit": "",
                "vTriggerCancelBlock": "",
                "moveProperties": "Mid",
                "moveType": "Normal Moves"
            },
            "(WHILE HOLDING KNIFE) Jumping MP": {
                "moveCommand": "",
                "startUpFrames": "6",
                "activeFrames": "4",
                "recoveryFrames": "",
                "framesOnHit": "",
                "framesOnBlock": "",
                "vTriggerCancelHit": "",
                "vTriggerCancelBlock": "",
                "moveProperties": "Mid",
                "moveType": "Normal Moves"
            },
            "(WHILE HOLDING KNIFE) Jumping HP": {
                "moveCommand": "",
                "startUpFrames": "9",
                "activeFrames": "3",
                "recoveryFrames": "",
                "framesOnHit": "",
                "framesOnBlock": "",
                "vTriggerCancelHit": "",
                "vTriggerCancelBlock": "",
                "moveProperties": "Mid",
                "moveType": "Normal Moves"
            },
            "(WHILE HOLDING PIPE) Standing HP": {
                "moveCommand": "",
                "startUpFrames": "14",
                "activeFrames": "2",
                "recoveryFrames": "21",
                "framesOnHit": "4",
                "framesOnBlock": "-5",
                "vTriggerCancelHit": "",
                "vTriggerCancelBlock": "",
                "moveProperties": "High",
                "moveType": "Normal Moves"
            },
            "(WHILE HOLDING PIPE) Crouching HP": {
                "moveCommand": "",
                "startUpFrames": "9",
                "activeFrames": "4",
                "recoveryFrames": "21",
                "framesOnHit": "2",
                "framesOnBlock": "-7",
                "vTriggerCancelHit": "",
                "vTriggerCancelBlock": "",
                "moveProperties": "High",
                "moveType": "Normal Moves"
            },
            "(WHILE HOLDING PIPE) Jumping HP": {
                "moveCommand": "",
                "startUpFrames": "10",
                "activeFrames": "3",
                "recoveryFrames": "",
                "framesOnHit": "",
                "framesOnBlock": "",
                "vTriggerCancelHit": "",
                "vTriggerCancelBlock": "",
                "moveProperties": "Mid",
                "moveType": "Normal Moves"
            }
        },
        "Special Moves": {
            "Axel Knuckle": {
                "moveCommand": "Forward Fierce",
                "startUpFrames": "25",
                "activeFrames": "2",
                "recoveryFrames": "21",
                "framesOnHit": "1",
                "framesOnBlock": "-7",
                "vTriggerCancelHit": "",
                "vTriggerCancelBlock": "",
                "moveProperties": "Mid",
                "moveType": "Special Moves"
            },
            "Hammer Kick": {
                "moveCommand": "Forward Roundhouse",
                "startUpFrames": "19",
                "activeFrames": "3",
                "recoveryFrames": "21",
                "framesOnHit": "2",
                "framesOnBlock": "-2",
                "vTriggerCancelHit": "23/×",
                "vTriggerCancelBlock": "14/×",
                "moveProperties": "High",
                "moveType": "Special Moves"
            },
            "Crack Combination": {
                "moveCommand": "",
                "startUpFrames": "9",
                "activeFrames": "6",
                "recoveryFrames": "10+15 frame(s) after landing",
                "framesOnHit": "D",
                "framesOnBlock": "-18",
                "vTriggerCancelHit": "",
                "vTriggerCancelBlock": "",
                "moveProperties": "High",
                "moveType": "Special Moves"
            },
            "Crime Combination": {
                "moveCommand": "",
                "startUpFrames": "16",
                "activeFrames": "3",
                "recoveryFrames": "26",
                "framesOnHit": "D",
                "framesOnBlock": "-11",
                "vTriggerCancelHit": "D",
                "vTriggerCancelBlock": "12",
                "moveProperties": "High",
                "moveType": "Special Moves"
            },
            "Air Raid Punch": {
                "moveCommand": "",
                "startUpFrames": "9",
                "activeFrames": "5",
                "recoveryFrames": "",
                "framesOnHit": "",
                "framesOnBlock": "",
                "vTriggerCancelHit": "",
                "vTriggerCancelBlock": "",
                "moveProperties": "High",
                "moveType": "Special Moves"
            },
            "Air Raid Kick": {
                "moveCommand": "",
                "startUpFrames": "3",
                "activeFrames": "5",
                "recoveryFrames": "",
                "framesOnHit": "",
                "framesOnBlock": "",
                "vTriggerCancelHit": "",
                "vTriggerCancelBlock": "",
                "moveProperties": "High",
                "moveType": "Special Moves"
            },
            "Burst Shot": {
                "moveCommand": "",
                "startUpFrames": "13",
                "activeFrames": "4",
                "recoveryFrames": "27",
                "framesOnHit": "-3",
                "framesOnBlock": "-14",
                "vTriggerCancelHit": "",
                "vTriggerCancelBlock": "",
                "moveProperties": "High",
                "moveType": "Special Moves"
            },
            "Slip Jab": {
                "moveCommand": "",
                "startUpFrames": "4",
                "activeFrames": "2",
                "recoveryFrames": "17",
                "framesOnHit": "-2",
                "framesOnBlock": "-6",
                "vTriggerCancelHit": "",
                "vTriggerCancelBlock": "",
                "moveProperties": "High",
                "moveType": "Special Moves"
            },
            "Crime Blow": {
                "moveCommand": "",
                "startUpFrames": "6",
                "activeFrames": "3",
                "recoveryFrames": "26",
                "framesOnHit": "-4",
                "framesOnBlock": "-7",
                "vTriggerCancelHit": "",
                "vTriggerCancelBlock": "",
                "moveProperties": "High",
                "moveType": "Special Moves"
            },
            "Final Combination": {
                "moveCommand": "",
                "startUpFrames": "9",
                "activeFrames": "2",
                "recoveryFrames": "33",
                "framesOnHit": "D",
                "framesOnBlock": "-13",
                "vTriggerCancelHit": "D",
                "vTriggerCancelBlock": "16",
                "moveProperties": "High",
                "moveType": "Special Moves"
            },
            "Final Combo Throw": {
                "moveCommand": "",
                "startUpFrames": "5",
                "activeFrames": "3",
                "recoveryFrames": "27",
                "framesOnHit": "D",
                "framesOnBlock": "-16",
                "vTriggerCancelHit": "",
                "vTriggerCancelBlock": "",
                "moveProperties": "Throw",
                "moveType": "Special Moves"
            },
            "Bad Spray": {
                "moveCommand": "",
                "startUpFrames": "3",
                "activeFrames": "4",
                "recoveryFrames": "14",
                "framesOnHit": "2",
                "framesOnBlock": "-2",
                "vTriggerCancelHit": "",
                "vTriggerCancelBlock": "",
                "moveProperties": "High",
                "moveType": "Special Moves"
            },
            "L Tornado Sweep": {
                "moveCommand": "",
                "startUpFrames": "18",
                "activeFrames": "65",
                "recoveryFrames": "49 total frames",
                "framesOnHit": "-2",
                "framesOnBlock": "-7",
                "vTriggerCancelHit": "",
                "vTriggerCancelBlock": "",
                "moveProperties": "High",
                "moveType": "Special Moves"
            },
            "M Tornado Sweep": {
                "moveCommand": "",
                "startUpFrames": "18",
                "activeFrames": "52",
                "recoveryFrames": "49 total frames",
                "framesOnHit": "0",
                "framesOnBlock": "-7",
                "vTriggerCancelHit": "",
                "vTriggerCancelBlock": "",
                "moveProperties": "High",
                "moveType": "Special Moves"
            },
            "H Tornado Sweep": {
                "moveCommand": "",
                "startUpFrames": "18",
                "activeFrames": "39",
                "recoveryFrames": "49 total frames",
                "framesOnHit": "2",
                "framesOnBlock": "-7",
                "vTriggerCancelHit": "",
                "vTriggerCancelBlock": "",
                "moveProperties": "High",
                "moveType": "Special Moves"
            },
            "EXTornado Sweep": {
                "moveCommand": "",
                "startUpFrames": "18",
                "activeFrames": "",
                "recoveryFrames": "45 total frames",
                "framesOnHit": "4",
                "framesOnBlock": "2",
                "vTriggerCancelHit": "",
                "vTriggerCancelBlock": "",
                "moveProperties": "High",
                "moveType": "Special Moves"
            },
            "L Ruffian Kick": {
                "moveCommand": "",
                "startUpFrames": "18",
                "activeFrames": "5",
                "recoveryFrames": "23",
                "framesOnHit": "D",
                "framesOnBlock": "-8",
                "vTriggerCancelHit": "",
                "vTriggerCancelBlock": "",
                "moveProperties": "Low",
                "moveType": "Special Moves"
            },
            "M Ruffian Kick": {
                "moveCommand": "",
                "startUpFrames": "12",
                "activeFrames": "5",
                "recoveryFrames": "27",
                "framesOnHit": "D",
                "framesOnBlock": "-8",
                "vTriggerCancelHit": "",
                "vTriggerCancelBlock": "",
                "moveProperties": "High",
                "moveType": "Special Moves"
            },
            "H Ruffian Kick": {
                "moveCommand": "",
                "startUpFrames": "10",
                "activeFrames": "7",
                "recoveryFrames": "23",
                "framesOnHit": "D",
                "framesOnBlock": "-10",
                "vTriggerCancelHit": "",
                "vTriggerCancelBlock": "",
                "moveProperties": "High",
                "moveType": "Special Moves"
            },
            "EX Ruffian Kick": {
                "moveCommand": "",
                "startUpFrames": "16",
                "activeFrames": "5",
                "recoveryFrames": "25",
                "framesOnHit": "D",
                "framesOnBlock": "-12",
                "vTriggerCancelHit": "",
                "vTriggerCancelBlock": "",
                "moveProperties": "Low",
                "moveType": "Special Moves"
            },
            "Zonk Knuckle": {
                "moveCommand": "",
                "startUpFrames": "20",
                "activeFrames": "3",
                "recoveryFrames": "21(*22)",
                "framesOnHit": "3",
                "framesOnBlock": "-2",
                "vTriggerCancelHit": "",
                "vTriggerCancelBlock": "",
                "moveProperties": "High",
                "moveType": "Special Moves"
            },
            "Zonk Knuckle Level 2": {
                "moveCommand": "",
                "startUpFrames": "20",
                "activeFrames": "3",
                "recoveryFrames": "20",
                "framesOnHit": "5",
                "framesOnBlock": "-2",
                "vTriggerCancelHit": "",
                "vTriggerCancelBlock": "",
                "moveProperties": "High",
                "moveType": "Special Moves"
            },
            "EX Zonk Knuckle": {
                "moveCommand": "",
                "startUpFrames": "15",
                "activeFrames": "5",
                "recoveryFrames": "18(*23)",
                "framesOnHit": "D",
                "framesOnBlock": "3",
                "vTriggerCancelHit": "19/-",
                "vTriggerCancelBlock": "18/-",
                "moveProperties": "High",
                "moveType": "Special Moves"
            },
            "EX Zonk Knuckle Level 2": {
                "moveCommand": "",
                "startUpFrames": "15",
                "activeFrames": "5",
                "recoveryFrames": "18(*23)",
                "framesOnHit": "D",
                "framesOnBlock": "5",
                "vTriggerCancelHit": "19/-",
                "vTriggerCancelBlock": "18/-",
                "moveProperties": "High",
                "moveType": "Special Moves"
            },
            "Snipe Shot": {
                "moveCommand": "",
                "startUpFrames": "15",
                "activeFrames": "",
                "recoveryFrames": "37 total frames",
                "framesOnHit": "D",
                "framesOnBlock": "3",
                "vTriggerCancelHit": "",
                "vTriggerCancelBlock": "",
                "moveProperties": "High",
                "moveType": "Special Moves"
            },
            "Anti-Air Snipe Shot": {
                "moveCommand": "",
                "startUpFrames": "14",
                "activeFrames": "",
                "recoveryFrames": "35 total frames",
                "framesOnHit": "D",
                "framesOnBlock": "0",
                "vTriggerCancelHit": "",
                "vTriggerCancelBlock": "",
                "moveProperties": "High",
                "moveType": "Special Moves"
            },
            "Reload": {
                "moveCommand": "",
                "startUpFrames": "",
                "activeFrames": "",
                "recoveryFrames": "29 total frames",
                "framesOnHit": "",
                "framesOnBlock": "",
                "vTriggerCancelHit": "",
                "vTriggerCancelBlock": "",
                "moveProperties": "",
                "moveType": "Special Moves"
            },
            "Rapid Fire": {
                "moveCommand": "",
                "startUpFrames": "13",
                "activeFrames": "2",
                "recoveryFrames": "20",
                "framesOnHit": "D",
                "framesOnBlock": "3",
                "vTriggerCancelHit": "",
                "vTriggerCancelBlock": "",
                "moveProperties": "High",
                "moveType": "Special Moves"
            },
            "Axel Knuckle (WHILE HOLDING PIPE)": {
                "moveCommand": "",
                "startUpFrames": "25",
                "activeFrames": "3",
                "recoveryFrames": "20",
                "framesOnHit": "1",
                "framesOnBlock": "-7",
                "vTriggerCancelHit": "",
                "vTriggerCancelBlock": "",
                "moveProperties": "Mid",
                "moveType": "Special Moves"
            },
            "Gentle Swing": {
                "moveCommand": "",
                "startUpFrames": "16",
                "activeFrames": "3",
                "recoveryFrames": "25",
                "framesOnHit": "D",
                "framesOnBlock": "-2",
                "vTriggerCancelHit": "",
                "vTriggerCancelBlock": "",
                "moveProperties": "High",
                "moveType": "Special Moves"
            },
            "Gentle Upper Swing": {
                "moveCommand": "",
                "startUpFrames": "12",
                "activeFrames": "3",
                "recoveryFrames": "28",
                "framesOnHit": "D",
                "framesOnBlock": "-6",
                "vTriggerCancelHit": "",
                "vTriggerCancelBlock": "",
                "moveProperties": "High",
                "moveType": "Special Moves"
            },
            "Bean Ball": {
                "moveCommand": "",
                "startUpFrames": "19",
                "activeFrames": "",
                "recoveryFrames": "49 total frames",
                "framesOnHit": "-8",
                "framesOnBlock": "-11",
                "vTriggerCancelHit": "",
                "vTriggerCancelBlock": "",
                "moveProperties": "High",
                "moveType": "Special Moves"
            },
            "Present Delivery (High Hit)": {
                "moveCommand": "",
                "startUpFrames": "",
                "activeFrames": "",
                "recoveryFrames": "",
                "framesOnHit": "",
                "framesOnBlock": "",
                "vTriggerCancelHit": "",
                "vTriggerCancelBlock": "",
                "moveProperties": "High",
                "moveType": "Special Moves"
            },
            "Present Delivery (Mid Hit)": {
                "moveCommand": "",
                "startUpFrames": "",
                "activeFrames": "",
                "recoveryFrames": "",
                "framesOnHit": "D",
                "framesOnBlock": "",
                "vTriggerCancelHit": "",
                "vTriggerCancelBlock": "",
                "moveProperties": "High",
                "moveType": "Special Moves"
            },
            "Present Delivery (Low Hit)": {
                "moveCommand": "",
                "startUpFrames": "",
                "activeFrames": "",
                "recoveryFrames": "",
                "framesOnHit": "",
                "framesOnBlock": "",
                "vTriggerCancelHit": "",
                "vTriggerCancelBlock": "",
                "moveProperties": "High",
                "moveType": "Special Moves"
            },
            "Unluck Gift": {
                "moveCommand": "",
                "startUpFrames": "",
                "activeFrames": "",
                "recoveryFrames": "",
                "framesOnHit": "",
                "framesOnBlock": "",
                "vTriggerCancelHit": "",
                "vTriggerCancelBlock": "",
                "moveProperties": "High",
                "moveType": "Special Moves"
            },
            "Toss & Smash (Throw)": {
                "moveCommand": "",
                "startUpFrames": "5",
                "activeFrames": "3",
                "recoveryFrames": "60",
                "framesOnHit": "",
                "framesOnBlock": "",
                "vTriggerCancelHit": "",
                "vTriggerCancelBlock": "",
                "moveProperties": "Throw",
                "moveType": "Special Moves"
            },
            "Toss & Smash": {
                "moveCommand": "",
                "startUpFrames": "",
                "activeFrames": "",
                "recoveryFrames": "",
                "framesOnHit": "D",
                "framesOnBlock": "",
                "vTriggerCancelHit": "",
                "vTriggerCancelBlock": "",
                "moveProperties": "High",
                "moveType": "Special Moves"
            }
        },
        "Critical Art": {
            "Criminal Punisher": {
                "moveCommand": "",
                "startUpFrames": "7",
                "activeFrames": "27",
                "recoveryFrames": "59",
                "framesOnHit": "D",
                "framesOnBlock": "-35",
                "vTriggerCancelHit": "",
                "vTriggerCancelBlock": "",
                "moveProperties": "High",
                "moveType": "Critical Art"
            }
        },
        "V-System": {
            "[VS1] Double Kick": {
                "moveCommand": "",
                "startUpFrames": "14",
                "activeFrames": "6",
                "recoveryFrames": "10+15 frame(s) after landing",
                "framesOnHit": "D",
                "framesOnBlock": "-18",
                "vTriggerCancelHit": "",
                "vTriggerCancelBlock": "",
                "moveProperties": "High",
                "moveType": "V-System"
            },
            "[VS2] Crime Sway (High)": {
                "moveCommand": "",
                "startUpFrames": "",
                "activeFrames": "",
                "recoveryFrames": "36 total frames",
                "framesOnHit": "",
                "framesOnBlock": "",
                "vTriggerCancelHit": "",
                "vTriggerCancelBlock": "",
                "moveProperties": "",
                "moveType": "V-System"
            },
            "[VS2] Crime Sway (Low)": {
                "moveCommand": "",
                "startUpFrames": "",
                "activeFrames": "",
                "recoveryFrames": "36 total frames",
                "framesOnHit": "",
                "framesOnBlock": "",
                "vTriggerCancelHit": "",
                "vTriggerCancelBlock": "",
                "moveProperties": "",
                "moveType": "V-System"
            },
            "[VS2] Wrench Fist": {
                "moveCommand": "",
                "startUpFrames": "9",
                "activeFrames": "2",
                "recoveryFrames": "23",
                "framesOnHit": "D",
                "framesOnBlock": "-7",
                "vTriggerCancelHit": "D",
                "vTriggerCancelBlock": "12",
                "moveProperties": "High",
                "moveType": "V-System"
            },
            "[VS2] Lumber Sweep": {
                "moveCommand": "",
                "startUpFrames": "11",
                "activeFrames": "2",
                "recoveryFrames": "22",
                "framesOnHit": "D",
                "framesOnBlock": "-6",
                "vTriggerCancelHit": "D",
                "vTriggerCancelBlock": "12",
                "moveProperties": "High",
                "moveType": "V-System"
            },
            "Side Arm": {
                "moveCommand": "",
                "startUpFrames": "1",
                "activeFrames": "",
                "recoveryFrames": "4",
                "framesOnHit": "",
                "framesOnBlock": "",
                "vTriggerCancelHit": "",
                "vTriggerCancelBlock": "",
                "moveProperties": "",
                "moveType": "V-System"
            },
            "Prison Breaker": {
                "moveCommand": "",
                "startUpFrames": "17",
                "activeFrames": "2",
                "recoveryFrames": "23(*33)",
                "framesOnHit": "D",
                "framesOnBlock": "-2",
                "vTriggerCancelHit": "",
                "vTriggerCancelBlock": "",
                "moveProperties": "High",
                "moveType": "V-System"
            },
            "Dirty Coach": {
                "moveCommand": "",
                "startUpFrames": "1",
                "activeFrames": "",
                "recoveryFrames": "7",
                "framesOnHit": "",
                "framesOnBlock": "",
                "vTriggerCancelHit": "",
                "vTriggerCancelBlock": "",
                "moveProperties": "",
                "moveType": "V-System"
            }
        },
        "Normal Throws": {
            "Trash Out": {
                "moveCommand": "",
                "startUpFrames": "5",
                "activeFrames": "3",
                "recoveryFrames": "17",
                "framesOnHit": "D",
                "framesOnBlock": "",
                "vTriggerCancelHit": "",
                "vTriggerCancelBlock": "",
                "moveProperties": "Throw",
                "moveType": "Normal Throws"
            },
            "Crime Throw": {
                "moveCommand": "",
                "startUpFrames": "5",
                "activeFrames": "3",
                "recoveryFrames": "17",
                "framesOnHit": "D",
                "framesOnBlock": "",
                "vTriggerCancelHit": "",
                "vTriggerCancelBlock": "",
                "moveProperties": "Throw",
                "moveType": "Normal Throws"
            },
            "Secret Work": {
                "moveCommand": "",
                "startUpFrames": "5",
                "activeFrames": "3",
                "recoveryFrames": "17",
                "framesOnHit": "D",
                "framesOnBlock": "",
                "vTriggerCancelHit": "",
                "vTriggerCancelBlock": "",
                "moveProperties": "Throw",
                "moveType": "Normal Throws"
            }
        }
    }
}
