{
  "E Honda": {
    "Normal Moves": {
      "Standing LP": {
        "moveCommand": "",
        "startUpFrames": "5",
        "activeFrames": "3",
        "recoveryFrames": "9",
        "framesOnHit": "5",
        "framesOnBlock": "3",
        "vTriggerCancelHit": "9",
        "vTriggerCancelBlock": "7",
        "moveProperties": "High",
        "moveType": "Normal Moves"
      },
      "Standing MP": {
        "moveCommand": "",
        "startUpFrames": "7",
        "activeFrames": "4",
        "recoveryFrames": "13",
        "framesOnHit": "5",
        "framesOnBlock": "2",
        "vTriggerCancelHit": "13",
        "vTriggerCancelBlock": "10",
        "moveProperties": "High",
        "moveType": "Normal Moves"
      },
      "Standing HP": {
        "moveCommand": "",
        "startUpFrames": "8",
        "activeFrames": "6",
        "recoveryFrames": "22",
        "framesOnHit": "-2",
        "framesOnBlock": "-7",
        "vTriggerCancelHit": "19",
        "vTriggerCancelBlock": "14",
        "moveProperties": "High",
        "moveType": "Normal Moves"
      },
      "Standing LK": {
        "moveCommand": "",
        "startUpFrames": "4",
        "activeFrames": "3",
        "recoveryFrames": "8",
        "framesOnHit": "4",
        "framesOnBlock": "2",
        "vTriggerCancelHit": "8",
        "vTriggerCancelBlock": "6",
        "moveProperties": "High",
        "moveType": "Normal Moves"
      },
      "Standing MK": {
        "moveCommand": "",
        "startUpFrames": "6",
        "activeFrames": "2",
        "recoveryFrames": "14",
        "framesOnHit": "7",
        "framesOnBlock": "4",
        "vTriggerCancelHit": "16",
        "vTriggerCancelBlock": "13",
        "moveProperties": "High",
        "moveType": "Normal Moves"
      },
      "Standing HK": {
        "moveCommand": "",
        "startUpFrames": "8 ",
        "activeFrames": "5",
        "recoveryFrames": "21",
        "framesOnHit": "0/5",
        "framesOnBlock": "-4/2",
        "vTriggerCancelHit": "20/22",
        "vTriggerCancelBlock": "16/19",
        "moveProperties": "High",
        "moveType": "Normal Moves"
      },
      "Crouching LP": {
        "moveCommand": "",
        "startUpFrames": "5(*3)",
        "activeFrames": "3",
        "recoveryFrames": "9",
        "framesOnHit": "5",
        "framesOnBlock": "2",
        "vTriggerCancelHit": "8",
        "vTriggerCancelBlock": "5",
        "moveProperties": "High",
        "moveType": "Normal Moves"
      },
      "Crouching MP": {
        "moveCommand": "",
        "startUpFrames": "6",
        "activeFrames": "3",
        "recoveryFrames": "14",
        "framesOnHit": "4",
        "framesOnBlock": "2",
        "vTriggerCancelHit": "14",
        "vTriggerCancelBlock": "12",
        "moveProperties": "High",
        "moveType": "Normal Moves"
      },
      "Crouching HP": {
        "moveCommand": "",
        "startUpFrames": "10",
        "activeFrames": "2",
        "recoveryFrames": "21",
        "framesOnHit": "4",
        "framesOnBlock": "-5",
        "vTriggerCancelHit": "19",
        "vTriggerCancelBlock": "16",
        "moveProperties": "High",
        "moveType": "Normal Moves"
      },
      "Crouching LK": {
        "moveCommand": "",
        "startUpFrames": "4",
        "activeFrames": "2",
        "recoveryFrames": "13",
        "framesOnHit": "3",
        "framesOnBlock": "0",
        "vTriggerCancelHit": "6",
        "vTriggerCancelBlock": "3",
        "moveProperties": "Low",
        "moveType": "Normal Moves"
      },
      "Crouching MK": {
        "moveCommand": "",
        "startUpFrames": "7",
        "activeFrames": "3",
        "recoveryFrames": "14",
        "framesOnHit": "4",
        "framesOnBlock": "-2",
        "vTriggerCancelHit": "9",
        "vTriggerCancelBlock": "3",
        "moveProperties": "Low",
        "moveType": "Normal Moves"
      },
      "Crouching HK": {
        "moveCommand": "",
        "startUpFrames": "7",
        "activeFrames": "4",
        "recoveryFrames": "17",
        "framesOnHit": "D",
        "framesOnBlock": "-9",
        "vTriggerCancelHit": "D",
        "vTriggerCancelBlock": "10",
        "moveProperties": "Low",
        "moveType": "Normal Moves"
      },
      "Jumping LP": {
        "moveCommand": "",
        "startUpFrames": "4",
        "activeFrames": "5",
        "recoveryFrames": "",
        "framesOnHit": "",
        "framesOnBlock": "",
        "vTriggerCancelHit": "",
        "vTriggerCancelBlock": "",
        "moveProperties": "Mid",
        "moveType": "Normal Moves"
      },
      "Jumping MP": {
        "moveCommand": "",
        "startUpFrames": "6",
        "activeFrames": "7",
        "recoveryFrames": "",
        "framesOnHit": "",
        "framesOnBlock": "",
        "vTriggerCancelHit": "",
        "vTriggerCancelBlock": "",
        "moveProperties": "Mid",
        "moveType": "Normal Moves"
      },
      "Jumping HP": {
        "moveCommand": "",
        "startUpFrames": "7",
        "activeFrames": "3",
        "recoveryFrames": "",
        "framesOnHit": "",
        "framesOnBlock": "",
        "vTriggerCancelHit": "",
        "vTriggerCancelBlock": "",
        "moveProperties": "Mid",
        "moveType": "Normal Moves"
      },
      "Vertical Jumping HP": {
        "moveCommand": "",
        "startUpFrames": "10",
        "activeFrames": "5",
        "recoveryFrames": "",
        "framesOnHit": "",
        "framesOnBlock": "",
        "vTriggerCancelHit": "",
        "vTriggerCancelBlock": "",
        "moveProperties": "Mid",
        "moveType": "Normal Moves"
      },
      "Jumping LK": {
        "moveCommand": "",
        "startUpFrames": "4",
        "activeFrames": "9",
        "recoveryFrames": "",
        "framesOnHit": "",
        "framesOnBlock": "",
        "vTriggerCancelHit": "",
        "vTriggerCancelBlock": "",
        "moveProperties": "Mid",
        "moveType": "Normal Moves"
      },
      "Jumping MK": {
        "moveCommand": "",
        "startUpFrames": "6",
        "activeFrames": "4",
        "recoveryFrames": "",
        "framesOnHit": "",
        "framesOnBlock": "",
        "vTriggerCancelHit": "",
        "vTriggerCancelBlock": "",
        "moveProperties": "Mid",
        "moveType": "Normal Moves"
      },
      "Jumping HK": {
        "moveCommand": "",
        "startUpFrames": "9",
        "activeFrames": "6",
        "recoveryFrames": "",
        "framesOnHit": "",
        "framesOnBlock": "",
        "vTriggerCancelHit": "",
        "vTriggerCancelBlock": "",
        "moveProperties": "Mid",
        "moveType": "Normal Moves"
      }
    },
    "Special Moves": {
      "Harai-Geri": {
        "moveCommand": "Forward Roundhouse",
        "startUpFrames": "12",
        "activeFrames": "3",
        "recoveryFrames": "24",
        "framesOnHit": "2",
        "framesOnBlock": "-7",
        "vTriggerCancelHit": "21",
        "vTriggerCancelBlock": "12",
        "moveProperties": "High",
        "moveType": "Special Moves"
      },
      "Chikara-Ashi": {
        "moveCommand": "Down forward Roundhouse",
        "startUpFrames": "20",
        "activeFrames": "6",
        "recoveryFrames": "16",
        "framesOnHit": "5",
        "framesOnBlock": "2",
        "vTriggerCancelHit": "20",
        "vTriggerCancelBlock": "17",
        "moveProperties": "High",
        "moveType": "Special Moves"
      },
      "Flying Sumo Press": {
        "moveCommand": "",
        "startUpFrames": "12",
        "activeFrames": "9",
        "recoveryFrames": "",
        "framesOnHit": "",
        "framesOnBlock": "",
        "vTriggerCancelHit": "",
        "vTriggerCancelBlock": "",
        "moveProperties": "Mid",
        "moveType": "Special Moves"
      },
      "Tokoshizume": {
        "moveCommand": "",
        "startUpFrames": "20",
        "activeFrames": "6",
        "recoveryFrames": "16",
        "framesOnHit": "5",
        "framesOnBlock": "2",
        "vTriggerCancelHit": "20",
        "vTriggerCancelBlock": "17",
        "moveProperties": "High",
        "moveType": "Special Moves"
      },
      "Tsurane Harite": {
        "moveCommand": "",
        "startUpFrames": "7",
        "activeFrames": "4",
        "recoveryFrames": "19",
        "framesOnHit": "D",
        "framesOnBlock": "-6",
        "vTriggerCancelHit": "D",
        "vTriggerCancelBlock": "10",
        "moveProperties": "High",
        "moveType": "Special Moves"
      },
      "Hirate": {
        "moveCommand": "",
        "startUpFrames": "13",
        "activeFrames": "4",
        "recoveryFrames": "24",
        "framesOnHit": "D",
        "framesOnBlock": "",
        "vTriggerCancelHit": "D",
        "vTriggerCancelBlock": "",
        "moveProperties": "High",
        "moveType": "Special Moves"
      },
      "L Sumo Headbutt": {
        "moveCommand": "",
        "startUpFrames": "10",
        "activeFrames": "17",
        "recoveryFrames": "10+14 frame(s) after landing",
        "framesOnHit": "D",
        "framesOnBlock": "-4",
        "vTriggerCancelHit": "",
        "vTriggerCancelBlock": "",
        "moveProperties": "High",
        "moveType": "Special Moves"
      },
      "M Sumo Headbutt": {
        "moveCommand": "",
        "startUpFrames": "8",
        "activeFrames": "22",
        "recoveryFrames": "9+14 frame(s) after landing",
        "framesOnHit": "D",
        "framesOnBlock": "-7",
        "vTriggerCancelHit": "",
        "vTriggerCancelBlock": "",
        "moveProperties": "High",
        "moveType": "Special Moves"
      },
      "H Sumo Headbutt": {
        "moveCommand": "",
        "startUpFrames": "12",
        "activeFrames": "28",
        "recoveryFrames": "11+16 frame(s) after landing",
        "framesOnHit": "D",
        "framesOnBlock": "-12",
        "vTriggerCancelHit": "",
        "vTriggerCancelBlock": "",
        "moveProperties": "High",
        "moveType": "Special Moves"
      },
      "EX Sumo Headbutt": {
        "moveCommand": "",
        "startUpFrames": "7",
        "activeFrames": "25",
        "recoveryFrames": "9+23 frame(s) after landing",
        "framesOnHit": "D",
        "framesOnBlock": "-26",
        "vTriggerCancelHit": "",
        "vTriggerCancelBlock": "",
        "moveProperties": "High",
        "moveType": "Special Moves"
      },
      "L Hundred Hand Slap": {
        "moveCommand": "",
        "startUpFrames": "7",
        "activeFrames": "8",
        "recoveryFrames": "14",
        "framesOnHit": "3",
        "framesOnBlock": "2",
        "vTriggerCancelHit": "13",
        "vTriggerCancelBlock": "11",
        "moveProperties": "High",
        "moveType": "Special Moves"
      },
      "M Hundred Hand Slap": {
        "moveCommand": "",
        "startUpFrames": "17",
        "activeFrames": "10",
        "recoveryFrames": "14",
        "framesOnHit": "3",
        "framesOnBlock": "1",
        "vTriggerCancelHit": "12",
        "vTriggerCancelBlock": "11",
        "moveProperties": "High",
        "moveType": "Special Moves"
      },
      "H Hundred Hand Slap": {
        "moveCommand": "",
        "startUpFrames": "19",
        "activeFrames": "14",
        "recoveryFrames": "15",
        "framesOnHit": "2",
        "framesOnBlock": "-2",
        "vTriggerCancelHit": "12",
        "vTriggerCancelBlock": "11",
        "moveProperties": "High",
        "moveType": "Special Moves"
      },
      "L Hundred Hand Slap V-Skill 2 Version": {
        "moveCommand": "",
        "startUpFrames": "7",
        "activeFrames": "8",
        "recoveryFrames": "14",
        "framesOnHit": "4",
        "framesOnBlock": "2",
        "vTriggerCancelHit": "13",
        "vTriggerCancelBlock": "11",
        "moveProperties": "High",
        "moveType": "Special Moves"
      },
      "M Hundred Hand Slap V-Skill 2 Version": {
        "moveCommand": "",
        "startUpFrames": "17",
        "activeFrames": "10",
        "recoveryFrames": "14",
        "framesOnHit": "4",
        "framesOnBlock": "1",
        "vTriggerCancelHit": "12",
        "vTriggerCancelBlock": "11",
        "moveProperties": "High",
        "moveType": "Special Moves"
      },
      "H Hundred Hand Slap V-Skill 2 Version": {
        "moveCommand": "",
        "startUpFrames": "19",
        "activeFrames": "14",
        "recoveryFrames": "15",
        "framesOnHit": "4",
        "framesOnBlock": "-2",
        "vTriggerCancelHit": "12",
        "vTriggerCancelBlock": "11",
        "moveProperties": "High",
        "moveType": "Special Moves"
      },
      "EX Hundred Hand Slap": {
        "moveCommand": "",
        "startUpFrames": "16",
        "activeFrames": "14",
        "recoveryFrames": "15",
        "framesOnHit": "4",
        "framesOnBlock": "-2",
        "vTriggerCancelHit": "14",
        "vTriggerCancelBlock": "8",
        "moveProperties": "High",
        "moveType": "Special Moves"
      },
      "EX Hundred Hand Slap V-Skill 2 Version": {
        "moveCommand": "",
        "startUpFrames": "16",
        "activeFrames": "14",
        "recoveryFrames": "15",
        "framesOnHit": "6",
        "framesOnBlock": "-2",
        "vTriggerCancelHit": "14",
        "vTriggerCancelBlock": "8",
        "moveProperties": "High",
        "moveType": "Special Moves"
      },
      "L Sumo Smash": {
        "moveCommand": "",
        "startUpFrames": "11",
        "activeFrames": "9",
        "recoveryFrames": "24 frame(s) after landing",
        "framesOnHit": "D",
        "framesOnBlock": "-2",
        "vTriggerCancelHit": "",
        "vTriggerCancelBlock": "",
        "moveProperties": "High/Mid",
        "moveType": "Special Moves"
      },
      "M Sumo Smash": {
        "moveCommand": "",
        "startUpFrames": "13",
        "activeFrames": "10",
        "recoveryFrames": "24 frame(s) after landing",
        "framesOnHit": "D",
        "framesOnBlock": "-2",
        "vTriggerCancelHit": "",
        "vTriggerCancelBlock": "",
        "moveProperties": "High/Mid",
        "moveType": "Special Moves"
      },
      "H Sumo Smash": {
        "moveCommand": "",
        "startUpFrames": "16",
        "activeFrames": "16",
        "recoveryFrames": "24 frame(s) after landing",
        "framesOnHit": "D",
        "framesOnBlock": "-2",
        "vTriggerCancelHit": "",
        "vTriggerCancelBlock": "",
        "moveProperties": "High/Mid",
        "moveType": "Special Moves"
      },
      "Sumo Smash(Cross-up)": {
        "moveCommand": "",
        "startUpFrames": "",
        "activeFrames": "",
        "recoveryFrames": "",
        "framesOnHit": "D",
        "framesOnBlock": "-4",
        "vTriggerCancelHit": "",
        "vTriggerCancelBlock": "",
        "moveProperties": "Mid",
        "moveType": "Special Moves"
      },
      "EX Sumo Smash": {
        "moveCommand": "",
        "startUpFrames": "8",
        "activeFrames": "18",
        "recoveryFrames": "19 frame(s) after landing",
        "framesOnHit": "D",
        "framesOnBlock": "5",
        "vTriggerCancelHit": "",
        "vTriggerCancelBlock": "",
        "moveProperties": "High/Mid",
        "moveType": "Special Moves"
      },
      "EX Sumo Smash(Cross-up)": {
        "moveCommand": "",
        "startUpFrames": "",
        "activeFrames": "",
        "recoveryFrames": "",
        "framesOnHit": "D",
        "framesOnBlock": "-2",
        "vTriggerCancelHit": "",
        "vTriggerCancelBlock": "",
        "moveProperties": "Mid",
        "moveType": "Special Moves"
      },
      "L Oicho Throw": {
        "moveCommand": "",
        "startUpFrames": "7",
        "activeFrames": "2",
        "recoveryFrames": "60",
        "framesOnHit": "D",
        "framesOnBlock": "",
        "vTriggerCancelHit": "",
        "vTriggerCancelBlock": "",
        "moveProperties": "Throw",
        "moveType": "Special Moves"
      },
      "M Oicho Throw": {
        "moveCommand": "",
        "startUpFrames": "7",
        "activeFrames": "2",
        "recoveryFrames": "60",
        "framesOnHit": "D",
        "framesOnBlock": "",
        "vTriggerCancelHit": "",
        "vTriggerCancelBlock": "",
        "moveProperties": "Throw",
        "moveType": "Special Moves"
      },
      "H Oicho Throw": {
        "moveCommand": "",
        "startUpFrames": "7",
        "activeFrames": "2",
        "recoveryFrames": "60",
        "framesOnHit": "D",
        "framesOnBlock": "",
        "vTriggerCancelHit": "",
        "vTriggerCancelBlock": "",
        "moveProperties": "Throw",
        "moveType": "Special Moves"
      },
      "EX Oicho Throw": {
        "moveCommand": "",
        "startUpFrames": "5",
        "activeFrames": "2",
        "recoveryFrames": "60",
        "framesOnHit": "D",
        "framesOnBlock": "",
        "vTriggerCancelHit": "",
        "vTriggerCancelBlock": "",
        "moveProperties": "Throw",
        "moveType": "Special Moves"
      },
      "V-Oni-Daikaku": {
        "moveCommand": "",
        "startUpFrames": "10",
        "activeFrames": "24",
        "recoveryFrames": "10+10 frame(s) after landing",
        "framesOnHit": "D",
        "framesOnBlock": "-4",
        "vTriggerCancelHit": "",
        "vTriggerCancelBlock": "",
        "moveProperties": "High",
        "moveType": "Special Moves"
      },
      "V-Oni-Daikaku(Max Hold)": {
        "moveCommand": "",
        "startUpFrames": "60",
        "activeFrames": "24",
        "recoveryFrames": "10+10 frame(s) after landing",
        "framesOnHit": "D",
        "framesOnBlock": "GB",
        "vTriggerCancelHit": "",
        "vTriggerCancelBlock": "",
        "moveProperties": "High",
        "moveType": "Special Moves"
      },
      "V-Oni-Muso": {
        "moveCommand": "",
        "startUpFrames": "3",
        "activeFrames": "24",
        "recoveryFrames": "10+10 frame(s) after landing",
        "framesOnHit": "D",
        "framesOnBlock": "",
        "vTriggerCancelHit": "",
        "vTriggerCancelBlock": "",
        "moveProperties": "High",
        "moveType": "Special Moves"
      },
      "V-Iwato Biraki": {
        "moveCommand": "",
        "startUpFrames": "28",
        "activeFrames": "20",
        "recoveryFrames": "44",
        "framesOnHit": "D",
        "framesOnBlock": "",
        "vTriggerCancelHit": "",
        "vTriggerCancelBlock": "",
        "moveProperties": "Throw",
        "moveType": "Special Moves"
      }
    },
    "Critical Art": {
      "Kamigashima": {
        "moveCommand": "",
        "startUpFrames": "9",
        "activeFrames": "29",
        "recoveryFrames": "9+28 frame(s) after landing",
        "framesOnHit": "D",
        "framesOnBlock": "-26",
        "vTriggerCancelHit": "",
        "vTriggerCancelBlock": "",
        "moveProperties": "High",
        "moveType": "Critical Art"
      }
    },
    "V-System": {
      "[VS1] Neko Damashi": {
        "moveCommand": "",
        "startUpFrames": "15",
        "activeFrames": "4",
        "recoveryFrames": "24",
        "framesOnHit": "3",
        "framesOnBlock": "-6",
        "vTriggerCancelHit": "24",
        "vTriggerCancelBlock": "15",
        "moveProperties": "High",
        "moveType": "V-System"
      },
      "[VS2] Sumo Spirit": {
        "moveCommand": "",
        "startUpFrames": "",
        "activeFrames": "",
        "recoveryFrames": "50 total frames",
        "framesOnHit": "",
        "framesOnBlock": "",
        "vTriggerCancelHit": "",
        "vTriggerCancelBlock": "",
        "moveProperties": "",
        "moveType": "V-System"
      },
      "Onigawara": {
        "moveCommand": "",
        "startUpFrames": "1",
        "activeFrames": "",
        "recoveryFrames": "5",
        "framesOnHit": "",
        "framesOnBlock": "",
        "vTriggerCancelHit": "",
        "vTriggerCancelBlock": "",
        "moveProperties": "",
        "moveType": "V-System"
      },
      "Raiden-Ho": {
        "moveCommand": "",
        "startUpFrames": "17",
        "activeFrames": "2",
        "recoveryFrames": "24",
        "framesOnHit": "D",
        "framesOnBlock": "-2",
        "vTriggerCancelHit": "",
        "vTriggerCancelBlock": "",
        "moveProperties": "High",
        "moveType": "V-System"
      },
      "Tajikarao": {
        "moveCommand": "",
        "startUpFrames": "1",
        "activeFrames": "",
        "recoveryFrames": "5",
        "framesOnHit": "",
        "framesOnBlock": "",
        "vTriggerCancelHit": "",
        "vTriggerCancelBlock": "",
        "moveProperties": "",
        "moveType": "V-System"
      }
    },
    "Normal Throws": {
      "Saba-Ori": {
        "moveCommand": "",
        "startUpFrames": "5",
        "activeFrames": "3",
        "recoveryFrames": "17",
        "framesOnHit": "",
        "framesOnBlock": "",
        "vTriggerCancelHit": "",
        "vTriggerCancelBlock": "",
        "moveProperties": "Throw",
        "moveType": "Normal Throws"
      },
      "Tawara Throw": {
        "moveCommand": "",
        "startUpFrames": "5",
        "activeFrames": "3",
        "recoveryFrames": "17",
        "framesOnHit": "",
        "framesOnBlock": "",
        "vTriggerCancelHit": "",
        "vTriggerCancelBlock": "",
        "moveProperties": "Throw",
        "moveType": "Normal Throws"
      }
    }
  }
}
