{
    "Ed": {
        "DP": "Psycho Upper",
        "Fireball": "Psycho Shoot",
        "Normal Moves": {
            "Standing LP": {
                "moveCommand": "",
                "startUpFrames": "4",
                "activeFrames": "2",
                "recoveryFrames": "8",
                "framesOnHit": "5",
                "framesOnBlock": "3",
                "vTriggerCancelHit": "",
                "vTriggerCancelBlock": "",
                "moveProperties": "High",
                "moveType": "Normal Moves"
            },
            "Standing MP": {
                "moveCommand": "",
                "startUpFrames": "6",
                "activeFrames": "3",
                "recoveryFrames": "16",
                "framesOnHit": "9",
                "framesOnBlock": "3",
                "vTriggerCancelHit": "",
                "vTriggerCancelBlock": "",
                "moveProperties": "High",
                "moveType": "Normal Moves"
            },
            "Standing HP": {
                "moveCommand": "",
                "startUpFrames": "11",
                "activeFrames": "3",
                "recoveryFrames": "21",
                "framesOnHit": "2",
                "framesOnBlock": "-2",
                "vTriggerCancelHit": "",
                "vTriggerCancelBlock": "",
                "moveProperties": "High",
                "moveType": "Normal Moves"
            },
            "Standing LK": {
                "moveCommand": "",
                "startUpFrames": "3",
                "activeFrames": "3",
                "recoveryFrames": "8",
                "framesOnHit": "2",
                "framesOnBlock": "1",
                "vTriggerCancelHit": "",
                "vTriggerCancelBlock": "",
                "moveProperties": "High",
                "moveType": "Normal Moves"
            },
            "Standing MK": {
                "moveCommand": "",
                "startUpFrames": "7",
                "activeFrames": "3",
                "recoveryFrames": "15",
                "framesOnHit": "4",
                "framesOnBlock": "2",
                "vTriggerCancelHit": "",
                "vTriggerCancelBlock": "",
                "moveProperties": "High",
                "moveType": "Normal Moves"
            },
            "Standing HK": {
                "moveCommand": "",
                "startUpFrames": "15",
                "activeFrames": "4",
                "recoveryFrames": "22",
                "framesOnHit": "2",
                "framesOnBlock": "-4",
                "vTriggerCancelHit": "",
                "vTriggerCancelBlock": "",
                "moveProperties": "High",
                "moveType": "Normal Moves"
            },
            "Crouching LP": {
                "moveCommand": "",
                "startUpFrames": "4",
                "activeFrames": "2",
                "recoveryFrames": "8",
                "framesOnHit": "5",
                "framesOnBlock": "3",
                "vTriggerCancelHit": "",
                "vTriggerCancelBlock": "",
                "moveProperties": "High",
                "moveType": "Normal Moves"
            },
            "Crouching MP": {
                "moveCommand": "",
                "startUpFrames": "6",
                "activeFrames": "3",
                "recoveryFrames": "12",
                "framesOnHit": "5",
                "framesOnBlock": "2",
                "vTriggerCancelHit": "",
                "vTriggerCancelBlock": "",
                "moveProperties": "High",
                "moveType": "Normal Moves"
            },
            "Crouching HP": {
                "moveCommand": "",
                "startUpFrames": "8",
                "activeFrames": "6",
                "recoveryFrames": "21",
                "framesOnHit": "1",
                "framesOnBlock": "-5",
                "vTriggerCancelHit": "",
                "vTriggerCancelBlock": "",
                "moveProperties": "High",
                "moveType": "Normal Moves"
            },
            "Crouching LK": {
                "moveCommand": "",
                "startUpFrames": "4",
                "activeFrames": "2",
                "recoveryFrames": "8",
                "framesOnHit": "2",
                "framesOnBlock": "0",
                "vTriggerCancelHit": "",
                "vTriggerCancelBlock": "",
                "moveProperties": "Low",
                "moveType": "Normal Moves"
            },
            "Crouching MK": {
                "moveCommand": "",
                "startUpFrames": "7",
                "activeFrames": "2",
                "recoveryFrames": "17",
                "framesOnHit": "1",
                "framesOnBlock": "-3",
                "vTriggerCancelHit": "",
                "vTriggerCancelBlock": "",
                "moveProperties": "Low",
                "moveType": "Normal Moves"
            },
            "Crouching HK": {
                "moveCommand": "",
                "startUpFrames": "10",
                "activeFrames": "5",
                "recoveryFrames": "24(*22)",
                "framesOnHit": "D",
                "framesOnBlock": "-10",
                "vTriggerCancelHit": "",
                "vTriggerCancelBlock": "",
                "moveProperties": "Low",
                "moveType": "Normal Moves"
            },
            "Jumping LP": {
                "moveCommand": "",
                "startUpFrames": "4",
                "activeFrames": "5",
                "recoveryFrames": "",
                "framesOnHit": "",
                "framesOnBlock": "",
                "vTriggerCancelHit": "",
                "vTriggerCancelBlock": "",
                "moveProperties": "Mid",
                "moveType": "Normal Moves"
            },
            "Jumping MP": {
                "moveCommand": "",
                "startUpFrames": "7",
                "activeFrames": "4",
                "recoveryFrames": "",
                "framesOnHit": "",
                "framesOnBlock": "",
                "vTriggerCancelHit": "",
                "vTriggerCancelBlock": "",
                "moveProperties": "Mid",
                "moveType": "Normal Moves"
            },
            "Jumping HP": {
                "moveCommand": "",
                "startUpFrames": "9",
                "activeFrames": "4",
                "recoveryFrames": "",
                "framesOnHit": "",
                "framesOnBlock": "",
                "vTriggerCancelHit": "",
                "vTriggerCancelBlock": "",
                "moveProperties": "Mid",
                "moveType": "Normal Moves"
            },
            "Jumping LK": {
                "moveCommand": "",
                "startUpFrames": "3",
                "activeFrames": "6",
                "recoveryFrames": "",
                "framesOnHit": "",
                "framesOnBlock": "",
                "vTriggerCancelHit": "",
                "vTriggerCancelBlock": "",
                "moveProperties": "Mid",
                "moveType": "Normal Moves"
            },
            "Jumping MK": {
                "moveCommand": "",
                "startUpFrames": "8",
                "activeFrames": "5",
                "recoveryFrames": "",
                "framesOnHit": "",
                "framesOnBlock": "",
                "vTriggerCancelHit": "",
                "vTriggerCancelBlock": "",
                "moveProperties": "Mid",
                "moveType": "Normal Moves"
            },
            "Jumping HK": {
                "moveCommand": "",
                "startUpFrames": "9",
                "activeFrames": "5",
                "recoveryFrames": "",
                "framesOnHit": "",
                "framesOnBlock": "",
                "vTriggerCancelHit": "",
                "vTriggerCancelBlock": "",
                "moveProperties": "Mid",
                "moveType": "Normal Moves"
            }
        },
        "Special Moves": {
            "Psycho Flicker": {
                "moveCommand": "",
                "startUpFrames": "6",
                "activeFrames": "6",
                "recoveryFrames": "22",
                "framesOnHit": "3",
                "framesOnBlock": "-2",
                "vTriggerCancelHit": "",
                "vTriggerCancelBlock": "",
                "moveProperties": "High",
                "moveType": "Special Moves"
            },
            "Psycho Spark": {
                "moveCommand": "",
                "startUpFrames": "11",
                "activeFrames": "8",
                "recoveryFrames": "16",
                "framesOnHit": "1",
                "framesOnBlock": "-2",
                "vTriggerCancelHit": "",
                "vTriggerCancelBlock": "",
                "moveProperties": "High",
                "moveType": "Special Moves"
            },
            "Psycho Shoot": {
                "moveCommand": "",
                "startUpFrames": "13",
                "activeFrames": "",
                "recoveryFrames": "39 total frames",
                "framesOnHit": "4",
                "framesOnBlock": "-4",
                "vTriggerCancelHit": "",
                "vTriggerCancelBlock": "",
                "moveProperties": "High",
                "moveType": "Special Moves"
            },
            "EX Psycho Shoot": {
                "moveCommand": "",
                "startUpFrames": "13",
                "activeFrames": "",
                "recoveryFrames": "36 total frames",
                "framesOnHit": "D",
                "framesOnBlock": "8",
                "vTriggerCancelHit": "",
                "vTriggerCancelBlock": "",
                "moveProperties": "High",
                "moveType": "Special Moves"
            },
            "Psycho Knuckle": {
                "moveCommand": "",
                "startUpFrames": "30",
                "activeFrames": "12",
                "recoveryFrames": "27",
                "framesOnHit": "(crumple)",
                "framesOnBlock": "-2",
                "vTriggerCancelHit": "",
                "vTriggerCancelBlock": "",
                "moveProperties": "High",
                "moveType": "Special Moves"
            },
            "Psycho Upper": {
                "moveCommand": "",
                "startUpFrames": "16",
                "activeFrames": "5",
                "recoveryFrames": "33",
                "framesOnHit": "D",
                "framesOnBlock": "-16",
                "vTriggerCancelHit": "",
                "vTriggerCancelBlock": "",
                "moveProperties": "High",
                "moveType": "Special Moves"
            },
            "EX Psycho Upper": {
                "moveCommand": "",
                "startUpFrames": "16(*13)",
                "activeFrames": "11",
                "recoveryFrames": "32",
                "framesOnHit": "D",
                "framesOnBlock": "-20",
                "vTriggerCancelHit": "",
                "vTriggerCancelBlock": "",
                "moveProperties": "High",
                "moveType": "Special Moves"
            },
            "Psycho Rising": {
                "moveCommand": "",
                "startUpFrames": "12",
                "activeFrames": "18",
                "recoveryFrames": "26 frame(s) after landing",
                "framesOnHit": "D",
                "framesOnBlock": "-38",
                "vTriggerCancelHit": "",
                "vTriggerCancelBlock": "",
                "moveProperties": "High",
                "moveType": "Special Moves"
            },
            "Psycho Splash": {
                "moveCommand": "",
                "startUpFrames": "14",
                "activeFrames": "Until landing",
                "recoveryFrames": "26 frame(s) after landing",
                "framesOnHit": "D",
                "framesOnBlock": "",
                "vTriggerCancelHit": "",
                "vTriggerCancelBlock": "",
                "moveProperties": "High",
                "moveType": "Special Moves"
            },
            "EX Psycho Splash": {
                "moveCommand": "",
                "startUpFrames": "14",
                "activeFrames": "Until landing",
                "recoveryFrames": "13 frame(s) after landing",
                "framesOnHit": "D",
                "framesOnBlock": "",
                "vTriggerCancelHit": "",
                "vTriggerCancelBlock": "",
                "moveProperties": "High",
                "moveType": "Special Moves"
            },
            "V-Ultra Snatcher Ground": {
                "moveCommand": "",
                "startUpFrames": "26",
                "activeFrames": "8",
                "recoveryFrames": "37",
                "framesOnHit": "6",
                "framesOnBlock": "3",
                "vTriggerCancelHit": "",
                "vTriggerCancelBlock": "",
                "moveProperties": "High",
                "moveType": "Special Moves"
            },
            "V-Ultra Snatcher Air": {
                "moveCommand": "",
                "startUpFrames": "16",
                "activeFrames": "7",
                "recoveryFrames": "32",
                "framesOnHit": "D",
                "framesOnBlock": "",
                "vTriggerCancelHit": "",
                "vTriggerCancelBlock": "",
                "moveProperties": "High",
                "moveType": "Special Moves"
            }
        },
        "Critical Art": {
            "Psycho Barrage ": {
                "moveCommand": "",
                "startUpFrames": "1+12",
                "activeFrames": "14",
                "recoveryFrames": "49",
                "framesOnHit": "D",
                "framesOnBlock": "-21",
                "vTriggerCancelHit": "",
                "vTriggerCancelBlock": "",
                "moveProperties": "High",
                "moveType": "Critical Art"
            },
            "Psycho Barrage": {
                "moveCommand": "",
                "startUpFrames": "1+12",
                "activeFrames": "14",
                "recoveryFrames": "49",
                "framesOnHit": "D",
                "framesOnBlock": "-21",
                "vTriggerCancelHit": "",
                "vTriggerCancelBlock": "",
                "moveProperties": "High",
                "moveType": "Critical Art"
            }
        },
        "V-System": {
            "[VS1] Psycho Snatcher Ground": {
                "moveCommand": "",
                "startUpFrames": "21",
                "activeFrames": "6",
                "recoveryFrames": "40",
                "framesOnHit": "D",
                "framesOnBlock": "-2",
                "vTriggerCancelHit": "",
                "vTriggerCancelBlock": "",
                "moveProperties": "High",
                "moveType": "V-System"
            },
            "[VS1] Psycho Snatcher Ground (Hold Button)": {
                "moveCommand": "",
                "startUpFrames": "35",
                "activeFrames": "6",
                "recoveryFrames": "40",
                "framesOnHit": "D",
                "framesOnBlock": "3",
                "vTriggerCancelHit": "",
                "vTriggerCancelBlock": "",
                "moveProperties": "High",
                "moveType": "V-System"
            },
            "[VS1] Psycho Snatcher Air": {
                "moveCommand": "",
                "startUpFrames": "9",
                "activeFrames": "4",
                "recoveryFrames": "47",
                "framesOnHit": "D",
                "framesOnBlock": "",
                "vTriggerCancelHit": "",
                "vTriggerCancelBlock": "",
                "moveProperties": "High",
                "moveType": "V-System"
            },
            "[VS1] Psycho Snatcher Air (Hold Button)": {
                "moveCommand": "",
                "startUpFrames": "26",
                "activeFrames": "6",
                "recoveryFrames": "40",
                "framesOnHit": "D",
                "framesOnBlock": "",
                "vTriggerCancelHit": "",
                "vTriggerCancelBlock": "",
                "moveProperties": "High",
                "moveType": "V-System"
            },
            "[VS2] Psycho Swing": {
                "moveCommand": "",
                "startUpFrames": "22",
                "activeFrames": "3",
                "recoveryFrames": "20",
                "framesOnHit": "D",
                "framesOnBlock": "-6",
                "vTriggerCancelHit": "",
                "vTriggerCancelBlock": "",
                "moveProperties": "High",
                "moveType": "V-System"
            },
            "[VS2] Psycho Swing (Hold Button)": {
                "moveCommand": "",
                "startUpFrames": "38",
                "activeFrames": "3",
                "recoveryFrames": "19",
                "framesOnHit": "D",
                "framesOnBlock": "-2",
                "vTriggerCancelHit": "",
                "vTriggerCancelBlock": "",
                "moveProperties": "High",
                "moveType": "V-System"
            },
            "[VS2] Psycho Smash": {
                "moveCommand": "",
                "startUpFrames": "11",
                "activeFrames": "5",
                "recoveryFrames": "21",
                "framesOnHit": "D",
                "framesOnBlock": "-6",
                "vTriggerCancelHit": "",
                "vTriggerCancelBlock": "",
                "moveProperties": "High",
                "moveType": "V-System"
            },
            "[VS2] Psycho Smash (Hold Button)": {
                "moveCommand": "",
                "startUpFrames": "31",
                "activeFrames": "5",
                "recoveryFrames": "17(*19)",
                "framesOnHit": "D",
                "framesOnBlock": "3",
                "vTriggerCancelHit": "",
                "vTriggerCancelBlock": "",
                "moveProperties": "High",
                "moveType": "V-System"
            },
            "Psycho Cannon": {
                "moveCommand": "",
                "startUpFrames": "1+15(*12)",
                "activeFrames": "",
                "recoveryFrames": "25 total frames(*21)",
                "framesOnHit": "D",
                "framesOnBlock": "",
                "vTriggerCancelHit": "",
                "vTriggerCancelBlock": "",
                "moveProperties": "High",
                "moveType": "V-System"
            },
            "Kill Step": {
                "moveCommand": "",
                "startUpFrames": "",
                "activeFrames": "",
                "recoveryFrames": "31 total frames",
                "framesOnHit": "",
                "framesOnBlock": "",
                "vTriggerCancelHit": "",
                "vTriggerCancelBlock": "",
                "moveProperties": "",
                "moveType": "V-System"
            },
            "Enhanced Snatcher": {
                "moveCommand": "",
                "startUpFrames": "1",
                "activeFrames": "",
                "recoveryFrames": "5",
                "framesOnHit": "",
                "framesOnBlock": "",
                "vTriggerCancelHit": "",
                "vTriggerCancelBlock": "",
                "moveProperties": "",
                "moveType": "V-System"
            }
        },
        "Normal Throws": {
            "Psycho Blow": {
                "moveCommand": "",
                "startUpFrames": "5",
                "activeFrames": "3",
                "recoveryFrames": "17",
                "framesOnHit": "D",
                "framesOnBlock": "",
                "vTriggerCancelHit": "",
                "vTriggerCancelBlock": "",
                "moveProperties": "Throw",
                "moveType": "Normal Throws"
            },
            "Cheat & Smash": {
                "moveCommand": "",
                "startUpFrames": "5",
                "activeFrames": "3",
                "recoveryFrames": "17",
                "framesOnHit": "D",
                "framesOnBlock": "",
                "vTriggerCancelHit": "",
                "vTriggerCancelBlock": "",
                "moveProperties": "Throw",
                "moveType": "Normal Throws"
            }
        }
    }
}
