{
    "Falke": {
        "DP": "Psycho Schneide",
        "Fireball": "Psycho Kanonen",
        "Normal Moves": {
            "Standing LP": {
                "moveCommand": "",
                "startUpFrames": "4",
                "activeFrames": "3",
                "recoveryFrames": "9",
                "framesOnHit": "5",
                "framesOnBlock": "2",
                "vTriggerCancelHit": "5",
                "vTriggerCancelBlock": "2",
                "moveProperties": "High",
                "moveType": "Normal Moves"
            },
            "Standing MP": {
                "moveCommand": "",
                "startUpFrames": "6",
                "activeFrames": "3",
                "recoveryFrames": "15",
                "framesOnHit": "8",
                "framesOnBlock": "3",
                "vTriggerCancelHit": "14",
                "vTriggerCancelBlock": "9",
                "moveProperties": "High",
                "moveType": "Normal Moves"
            },
            "Standing HP": {
                "moveCommand": "",
                "startUpFrames": "10",
                "activeFrames": "3",
                "recoveryFrames": "22",
                "framesOnHit": "4",
                "framesOnBlock": "-3",
                "vTriggerCancelHit": "17",
                "vTriggerCancelBlock": "10",
                "moveProperties": "High",
                "moveType": "Normal Moves"
            },
            "Standing LK": {
                "moveCommand": "",
                "startUpFrames": "5",
                "activeFrames": "2",
                "recoveryFrames": "11",
                "framesOnHit": "4",
                "framesOnBlock": "3",
                "vTriggerCancelHit": "5",
                "vTriggerCancelBlock": "4",
                "moveProperties": "High",
                "moveType": "Normal Moves"
            },
            "Standing MK": {
                "moveCommand": "",
                "startUpFrames": "8",
                "activeFrames": "3",
                "recoveryFrames": "16",
                "framesOnHit": "2",
                "framesOnBlock": "-2",
                "vTriggerCancelHit": "9",
                "vTriggerCancelBlock": "5",
                "moveProperties": "High",
                "moveType": "Normal Moves"
            },
            "Standing HK": {
                "moveCommand": "",
                "startUpFrames": "12 ",
                "activeFrames": "3",
                "recoveryFrames": "23",
                "framesOnHit": "3",
                "framesOnBlock": "-4",
                "vTriggerCancelHit": "17",
                "vTriggerCancelBlock": "10",
                "moveProperties": "High",
                "moveType": "Normal Moves"
            },
            "Crouching LP": {
                "moveCommand": "",
                "startUpFrames": "4",
                "activeFrames": "3",
                "recoveryFrames": "10",
                "framesOnHit": "3",
                "framesOnBlock": "2",
                "vTriggerCancelHit": "4",
                "vTriggerCancelBlock": "3",
                "moveProperties": "High",
                "moveType": "Normal Moves"
            },
            "Crouching MP": {
                "moveCommand": "",
                "startUpFrames": "9",
                "activeFrames": "2",
                "recoveryFrames": "18",
                "framesOnHit": "4",
                "framesOnBlock": "-2",
                "vTriggerCancelHit": "12",
                "vTriggerCancelBlock": "6",
                "moveProperties": "High",
                "moveType": "Normal Moves"
            },
            "Crouching HP": {
                "moveCommand": "",
                "startUpFrames": "8",
                "activeFrames": "3",
                "recoveryFrames": "27",
                "framesOnHit": "-2",
                "framesOnBlock": "-8",
                "vTriggerCancelHit": "15",
                "vTriggerCancelBlock": "9",
                "moveProperties": "High",
                "moveType": "Normal Moves"
            },
            "Crouching LK": {
                "moveCommand": "",
                "startUpFrames": "4",
                "activeFrames": "2",
                "recoveryFrames": "9",
                "framesOnHit": "3",
                "framesOnBlock": "2",
                "vTriggerCancelHit": "2",
                "vTriggerCancelBlock": "1",
                "moveProperties": "Low",
                "moveType": "Normal Moves"
            },
            "Crouching MK": {
                "moveCommand": "",
                "startUpFrames": "7",
                "activeFrames": "2",
                "recoveryFrames": "17",
                "framesOnHit": "2",
                "framesOnBlock": "-2",
                "vTriggerCancelHit": "9",
                "vTriggerCancelBlock": "5",
                "moveProperties": "Low",
                "moveType": "Normal Moves"
            },
            "Crouching HK": {
                "moveCommand": "",
                "startUpFrames": "10",
                "activeFrames": "2",
                "recoveryFrames": "24",
                "framesOnHit": "D",
                "framesOnBlock": "-12",
                "vTriggerCancelHit": "D",
                "vTriggerCancelBlock": "2",
                "moveProperties": "Low",
                "moveType": "Normal Moves"
            },
            "Jumping LP": {
                "moveCommand": "",
                "startUpFrames": "4",
                "activeFrames": "6",
                "recoveryFrames": "",
                "framesOnHit": "",
                "framesOnBlock": "",
                "vTriggerCancelHit": "",
                "vTriggerCancelBlock": "",
                "moveProperties": "Mid",
                "moveType": "Normal Moves"
            },
            "Jumping MP": {
                "moveCommand": "",
                "startUpFrames": "9",
                "activeFrames": "4",
                "recoveryFrames": "",
                "framesOnHit": "",
                "framesOnBlock": "",
                "vTriggerCancelHit": "",
                "vTriggerCancelBlock": "",
                "moveProperties": "Mid",
                "moveType": "Normal Moves"
            },
            "Jumping HP": {
                "moveCommand": "",
                "startUpFrames": "12",
                "activeFrames": "3",
                "recoveryFrames": "",
                "framesOnHit": "",
                "framesOnBlock": "",
                "vTriggerCancelHit": "",
                "vTriggerCancelBlock": "",
                "moveProperties": "Mid",
                "moveType": "Normal Moves"
            },
            "Jumping LK": {
                "moveCommand": "",
                "startUpFrames": "3",
                "activeFrames": "5",
                "recoveryFrames": "",
                "framesOnHit": "",
                "framesOnBlock": "",
                "vTriggerCancelHit": "",
                "vTriggerCancelBlock": "",
                "moveProperties": "Mid",
                "moveType": "Normal Moves"
            },
            "Jumping MK": {
                "moveCommand": "",
                "startUpFrames": "7",
                "activeFrames": "5",
                "recoveryFrames": "",
                "framesOnHit": "",
                "framesOnBlock": "",
                "vTriggerCancelHit": "",
                "vTriggerCancelBlock": "",
                "moveProperties": "Mid",
                "moveType": "Normal Moves"
            },
            "Jumping HK": {
                "moveCommand": "",
                "startUpFrames": "9",
                "activeFrames": "5",
                "recoveryFrames": "",
                "framesOnHit": "",
                "framesOnBlock": "",
                "vTriggerCancelHit": "",
                "vTriggerCancelBlock": "",
                "moveProperties": "Mid",
                "moveType": "Normal Moves"
            }
        },
        "Special Moves": {
            "Psycho Spitze": {
                "moveCommand": "Forward Fierce",
                "startUpFrames": "14",
                "activeFrames": "2",
                "recoveryFrames": "25",
                "framesOnHit": "0",
                "framesOnBlock": "-10",
                "vTriggerCancelHit": "15",
                "vTriggerCancelBlock": "5",
                "moveProperties": "High",
                "moveType": "Special Moves"
            },
            "Blaukraehe": {
                "moveCommand": "Down forward Roundhouse",
                "startUpFrames": "15",
                "activeFrames": "6",
                "recoveryFrames": "14",
                "framesOnHit": "6",
                "framesOnBlock": "3",
                "vTriggerCancelHit": "14",
                "vTriggerCancelBlock": "11",
                "moveProperties": "Low",
                "moveType": "Special Moves"
            },
            "Zweitrit": {
                "moveCommand": "",
                "startUpFrames": "12",
                "activeFrames": "3",
                "recoveryFrames": "12",
                "framesOnHit": "D",
                "framesOnBlock": "-14",
                "vTriggerCancelHit": "D",
                "vTriggerCancelBlock": "4",
                "moveProperties": "High",
                "moveType": "Special Moves"
            },
            "Psycho Seele": {
                "moveCommand": "",
                "startUpFrames": "*13",
                "activeFrames": "7",
                "recoveryFrames": "52 total frames",
                "framesOnHit": "D",
                "framesOnBlock": "",
                "vTriggerCancelHit": "",
                "vTriggerCancelBlock": "",
                "moveProperties": "High",
                "moveType": "Special Moves"
            },
            "Luftjagd": {
                "moveCommand": "",
                "startUpFrames": "16",
                "activeFrames": "Until landing",
                "recoveryFrames": "15 frame(s) after landing",
                "framesOnHit": "",
                "framesOnBlock": "",
                "vTriggerCancelHit": "",
                "vTriggerCancelBlock": "",
                "moveProperties": "High",
                "moveType": "Special Moves"
            },
            "Psycho Kugel": {
                "moveCommand": "",
                "startUpFrames": "16",
                "activeFrames": "6",
                "recoveryFrames": "26",
                "framesOnHit": "7",
                "framesOnBlock": "2",
                "vTriggerCancelHit": "21",
                "vTriggerCancelBlock": "17",
                "moveProperties": "High",
                "moveType": "Special Moves"
            },
            "Psycho Kanonen": {
                "moveCommand": "",
                "startUpFrames": "24",
                "activeFrames": "",
                "recoveryFrames": "55 total frames",
                "framesOnHit": "4",
                "framesOnBlock": "-3",
                "vTriggerCancelHit": "25",
                "vTriggerCancelBlock": "18",
                "moveProperties": "High",
                "moveType": "Special Moves"
            },
            "Psycho Feder": {
                "moveCommand": "",
                "startUpFrames": "16",
                "activeFrames": "",
                "recoveryFrames": "9 frame(s) after landing",
                "framesOnHit": "",
                "framesOnBlock": "",
                "vTriggerCancelHit": "",
                "vTriggerCancelBlock": "",
                "moveProperties": "High",
                "moveType": "Special Moves"
            },
            "Psycho Schneide": {
                "moveCommand": "",
                "startUpFrames": "8",
                "activeFrames": "6",
                "recoveryFrames": "38",
                "framesOnHit": "D",
                "framesOnBlock": "-17",
                "vTriggerCancelHit": "",
                "vTriggerCancelBlock": "",
                "moveProperties": "High",
                "moveType": "Special Moves"
            },
            "EX Psycho Schneide": {
                "moveCommand": "",
                "startUpFrames": "12",
                "activeFrames": "7",
                "recoveryFrames": "44",
                "framesOnHit": "D",
                "framesOnBlock": "-25",
                "vTriggerCancelHit": "",
                "vTriggerCancelBlock": "",
                "moveProperties": "High",
                "moveType": "Special Moves"
            },
            "Katapult": {
                "moveCommand": "",
                "startUpFrames": "16",
                "activeFrames": "4",
                "recoveryFrames": "31",
                "framesOnHit": "D",
                "framesOnBlock": "-10",
                "vTriggerCancelHit": "",
                "vTriggerCancelBlock": "",
                "moveProperties": "High",
                "moveType": "Special Moves"
            },
            "EX Katapult": {
                "moveCommand": "",
                "startUpFrames": "20",
                "activeFrames": "4",
                "recoveryFrames": "22",
                "framesOnHit": "D",
                "framesOnBlock": "-10",
                "vTriggerCancelHit": "",
                "vTriggerCancelBlock": "",
                "moveProperties": "High",
                "moveType": "Special Moves"
            },
            "EX Katapult (Hit)": {
                "moveCommand": "",
                "startUpFrames": "20",
                "activeFrames": "7",
                "recoveryFrames": "24",
                "framesOnHit": "D",
                "framesOnBlock": "",
                "vTriggerCancelHit": "",
                "vTriggerCancelBlock": "",
                "moveProperties": "High",
                "moveType": "Special Moves"
            },
            "Psycho Schrot": {
                "moveCommand": "",
                "startUpFrames": "14 (*16)",
                "activeFrames": "3(*14)",
                "recoveryFrames": "23",
                "framesOnHit": "D",
                "framesOnBlock": "4",
                "vTriggerCancelHit": "",
                "vTriggerCancelBlock": "",
                "moveProperties": "High",
                "moveType": "Special Moves"
            },
            "Psycho Panzer": {
                "moveCommand": "",
                "startUpFrames": "20",
                "activeFrames": "",
                "recoveryFrames": "53",
                "framesOnHit": "D",
                "framesOnBlock": "-6",
                "vTriggerCancelHit": "",
                "vTriggerCancelBlock": "",
                "moveProperties": "High",
                "moveType": "Special Moves"
            },
            "Psycho Jaeger": {
                "moveCommand": "",
                "startUpFrames": "15",
                "activeFrames": "",
                "recoveryFrames": "9 frame(s) after landing",
                "framesOnHit": "",
                "framesOnBlock": "",
                "vTriggerCancelHit": "",
                "vTriggerCancelBlock": "",
                "moveProperties": "High",
                "moveType": "Special Moves"
            },
            "Psycho Sturm": {
                "moveCommand": "",
                "startUpFrames": "15",
                "activeFrames": "2",
                "recoveryFrames": "26",
                "framesOnHit": "D",
                "framesOnBlock": "-11",
                "vTriggerCancelHit": "",
                "vTriggerCancelBlock": "",
                "moveProperties": "High",
                "moveType": "Special Moves"
            },
            "Psycho Klinge": {
                "moveCommand": "",
                "startUpFrames": "33",
                "activeFrames": "5",
                "recoveryFrames": "7+5 frame(s) after landing",
                "framesOnHit": "7",
                "framesOnBlock": "3",
                "vTriggerCancelHit": "",
                "vTriggerCancelBlock": "",
                "moveProperties": "Mid",
                "moveType": "Special Moves"
            }
        },
        "Critical Art": {
            "Psycho Fluegel": {
                "moveCommand": "",
                "startUpFrames": "1+3",
                "activeFrames": "3",
                "recoveryFrames": "58",
                "framesOnHit": "D",
                "framesOnBlock": "-35",
                "vTriggerCancelHit": "",
                "vTriggerCancelBlock": "",
                "moveProperties": "High",
                "moveType": "Critical Art"
            }
        },
        "V-System": {
            "[VS1] Psycho Trombe": {
                "moveCommand": "",
                "startUpFrames": "14",
                "activeFrames": "15",
                "recoveryFrames": "22",
                "framesOnHit": "D",
                "framesOnBlock": "-10",
                "vTriggerCancelHit": "D",
                "vTriggerCancelBlock": "3",
                "moveProperties": "High",
                "moveType": "V-System"
            },
            "[VS2] Psycho Mine": {
                "moveCommand": "",
                "startUpFrames": "*13",
                "activeFrames": "7",
                "recoveryFrames": "52 total frames",
                "framesOnHit": "D",
                "framesOnBlock": "",
                "vTriggerCancelHit": "",
                "vTriggerCancelBlock": "",
                "moveProperties": "High",
                "moveType": "V-System"
            },
            "Staerken": {
                "moveCommand": "",
                "startUpFrames": "1",
                "activeFrames": "",
                "recoveryFrames": "5",
                "framesOnHit": "",
                "framesOnBlock": "",
                "vTriggerCancelHit": "",
                "vTriggerCancelBlock": "",
                "moveProperties": "",
                "moveType": "V-System"
            },
            "Psycho Impulse": {
                "moveCommand": "",
                "startUpFrames": "17",
                "activeFrames": "4",
                "recoveryFrames": "25",
                "framesOnHit": "D",
                "framesOnBlock": "-2",
                "vTriggerCancelHit": "",
                "vTriggerCancelBlock": "",
                "moveProperties": "High",
                "moveType": "V-System"
            },
            "V[VS1] Psycho Trombe": {
                "moveCommand": "",
                "startUpFrames": "14",
                "activeFrames": "15",
                "recoveryFrames": "22",
                "framesOnHit": "D",
                "framesOnBlock": "-6",
                "vTriggerCancelHit": "",
                "vTriggerCancelBlock": "",
                "moveProperties": "High",
                "moveType": "V-System"
            },
            "Psycho Angriff": {
                "moveCommand": "",
                "startUpFrames": "1+9",
                "activeFrames": "6",
                "recoveryFrames": "31",
                "framesOnHit": "D",
                "framesOnBlock": "-28",
                "vTriggerCancelHit": "",
                "vTriggerCancelBlock": "",
                "moveProperties": "High",
                "moveType": "V-System"
            }
        },
        "Normal Throws": {
            "Wirbel Wind": {
                "moveCommand": "",
                "startUpFrames": "5",
                "activeFrames": "3",
                "recoveryFrames": "17",
                "framesOnHit": "",
                "framesOnBlock": "",
                "vTriggerCancelHit": "",
                "vTriggerCancelBlock": "",
                "moveProperties": "Throw",
                "moveType": "Normal Throws"
            },
            "Luftstrom": {
                "moveCommand": "",
                "startUpFrames": "5",
                "activeFrames": "3",
                "recoveryFrames": "17",
                "framesOnHit": "",
                "framesOnBlock": "",
                "vTriggerCancelHit": "",
                "vTriggerCancelBlock": "",
                "moveProperties": "Throw",
                "moveType": "Normal Throws"
            },
            "Windstoss": {
                "moveCommand": "",
                "startUpFrames": "5",
                "activeFrames": "2",
                "recoveryFrames": "6 frame(s) after landing",
                "framesOnHit": "",
                "framesOnBlock": "",
                "vTriggerCancelHit": "",
                "vTriggerCancelBlock": "",
                "moveProperties": "Throw",
                "moveType": "Normal Throws"
            }
        }
    }
}
