{
  "Fang": {
    "Fireball": "Nishikyu",
    "Normal Moves": {
      "Standing LP": {
        "moveCommand": "",
        "startUpFrames": "4",
        "activeFrames": "3",
        "recoveryFrames": "6",
        "framesOnHit": "5",
        "framesOnBlock": "2",
        "vTriggerCancelHit": "2",
        "vTriggerCancelBlock": "-1",
        "moveProperties": "High",
        "moveType": "Normal Moves"
      },
      "Standing MP": {
        "moveCommand": "",
        "startUpFrames": "7",
        "activeFrames": "4",
        "recoveryFrames": "15",
        "framesOnHit": "2",
        "framesOnBlock": "-3",
        "vTriggerCancelHit": "9",
        "vTriggerCancelBlock": "5",
        "moveProperties": "High",
        "moveType": "Normal Moves"
      },
      "Standing HP": {
        "moveCommand": "",
        "startUpFrames": "7",
        "activeFrames": "3",
        "recoveryFrames": "19",
        "framesOnHit": "1",
        "framesOnBlock": "-2",
        "vTriggerCancelHit": "12",
        "vTriggerCancelBlock": "9",
        "moveProperties": "High",
        "moveType": "Normal Moves"
      },
      "Standing LK": {
        "moveCommand": "",
        "startUpFrames": "6",
        "activeFrames": "3",
        "recoveryFrames": "7",
        "framesOnHit": "5",
        "framesOnBlock": "3",
        "vTriggerCancelHit": "3",
        "vTriggerCancelBlock": "1",
        "moveProperties": "High",
        "moveType": "Normal Moves"
      },
      "Standing MK": {
        "moveCommand": "",
        "startUpFrames": "5",
        "activeFrames": "4",
        "recoveryFrames": "14",
        "framesOnHit": "3",
        "framesOnBlock": "1",
        "vTriggerCancelHit": "10/8",
        "vTriggerCancelBlock": "5/6",
        "moveProperties": "High",
        "moveType": "Normal Moves"
      },
      "Standing HK": {
        "moveCommand": "",
        "startUpFrames": "12",
        "activeFrames": "4",
        "recoveryFrames": "16",
        "framesOnHit": "6",
        "framesOnBlock": "1",
        "vTriggerCancelHit": "11/13",
        "vTriggerCancelBlock": "8/8",
        "moveProperties": "High",
        "moveType": "Normal Moves"
      },
      "Crouching LP": {
        "moveCommand": "",
        "startUpFrames": "4",
        "activeFrames": "3",
        "recoveryFrames": "8",
        "framesOnHit": "3",
        "framesOnBlock": "1",
        "vTriggerCancelHit": "3",
        "vTriggerCancelBlock": "1",
        "moveProperties": "High",
        "moveType": "Normal Moves"
      },
      "Crouching MP": {
        "moveCommand": "",
        "startUpFrames": "6",
        "activeFrames": "2",
        "recoveryFrames": "16",
        "framesOnHit": "1",
        "framesOnBlock": "-2",
        "vTriggerCancelHit": "8",
        "vTriggerCancelBlock": "5",
        "moveProperties": "High",
        "moveType": "Normal Moves"
      },
      "Crouching HP": {
        "moveCommand": "",
        "startUpFrames": "9",
        "activeFrames": "5",
        "recoveryFrames": "19",
        "framesOnHit": "D",
        "framesOnBlock": "-6",
        "vTriggerCancelHit": "D/8",
        "vTriggerCancelBlock": "7/5",
        "moveProperties": "High",
        "moveType": "Normal Moves"
      },
      "Crouching LK": {
        "moveCommand": "",
        "startUpFrames": "5",
        "activeFrames": "3",
        "recoveryFrames": "7",
        "framesOnHit": "4",
        "framesOnBlock": "1",
        "vTriggerCancelHit": "3",
        "vTriggerCancelBlock": "0",
        "moveProperties": "Low",
        "moveType": "Normal Moves"
      },
      "Crouching MK": {
        "moveCommand": "",
        "startUpFrames": "8",
        "activeFrames": "5",
        "recoveryFrames": "14",
        "framesOnHit": "5",
        "framesOnBlock": "3",
        "vTriggerCancelHit": "9/10",
        "vTriggerCancelBlock": "5/8",
        "moveProperties": "High",
        "moveType": "Normal Moves"
      },
      "Crouching HK": {
        "moveCommand": "",
        "startUpFrames": "9",
        "activeFrames": "4",
        "recoveryFrames": "24",
        "framesOnHit": "D",
        "framesOnBlock": "-12",
        "vTriggerCancelHit": "7",
        "vTriggerCancelBlock": "4",
        "moveProperties": "Low",
        "moveType": "Normal Moves"
      },
      "Jumping LP": {
        "moveCommand": "",
        "startUpFrames": "4",
        "activeFrames": "5",
        "recoveryFrames": "",
        "framesOnHit": "",
        "framesOnBlock": "",
        "vTriggerCancelHit": "",
        "vTriggerCancelBlock": "",
        "moveProperties": "Mid",
        "moveType": "Normal Moves"
      },
      "Jumping MP": {
        "moveCommand": "",
        "startUpFrames": "5",
        "activeFrames": "4",
        "recoveryFrames": "",
        "framesOnHit": "",
        "framesOnBlock": "",
        "vTriggerCancelHit": "",
        "vTriggerCancelBlock": "",
        "moveProperties": "Mid",
        "moveType": "Normal Moves"
      },
      "Jumping HP": {
        "moveCommand": "",
        "startUpFrames": "8",
        "activeFrames": "5",
        "recoveryFrames": "",
        "framesOnHit": "",
        "framesOnBlock": "",
        "vTriggerCancelHit": "",
        "vTriggerCancelBlock": "",
        "moveProperties": "Mid",
        "moveType": "Normal Moves"
      },
      "Jumping LK": {
        "moveCommand": "",
        "startUpFrames": "4",
        "activeFrames": "6",
        "recoveryFrames": "",
        "framesOnHit": "",
        "framesOnBlock": "",
        "vTriggerCancelHit": "",
        "vTriggerCancelBlock": "",
        "moveProperties": "Mid",
        "moveType": "Normal Moves"
      },
      "Jumping MK": {
        "moveCommand": "",
        "startUpFrames": "5",
        "activeFrames": "4",
        "recoveryFrames": "",
        "framesOnHit": "",
        "framesOnBlock": "",
        "vTriggerCancelHit": "",
        "vTriggerCancelBlock": "",
        "moveProperties": "Mid/High",
        "moveType": "Normal Moves"
      },
      "Forward Jump HK": {
        "moveCommand": "",
        "startUpFrames": "9",
        "activeFrames": "4",
        "recoveryFrames": "",
        "framesOnHit": "",
        "framesOnBlock": "",
        "vTriggerCancelHit": "",
        "vTriggerCancelBlock": "",
        "moveProperties": "Mid/High",
        "moveType": "Normal Moves"
      },
      "Vertical/Back Jump HK": {
        "moveCommand": "",
        "startUpFrames": "9",
        "activeFrames": "4",
        "recoveryFrames": "",
        "framesOnHit": "",
        "framesOnBlock": "",
        "vTriggerCancelHit": "",
        "vTriggerCancelBlock": "",
        "moveProperties": "Mid/High",
        "moveType": "Normal Moves"
      }
    },
    "Special Moves": {
      "Nirenko": {
        "moveCommand": "Down forward Fierce",
        "startUpFrames": "12",
        "activeFrames": "4",
        "recoveryFrames": "21",
        "framesOnHit": "0",
        "framesOnBlock": "-5",
        "vTriggerCancelHit": "13",
        "vTriggerCancelBlock": "7",
        "moveProperties": "High",
        "moveType": "Special Moves"
      },
      "Senpukuga (Prone)": {
        "moveCommand": "",
        "startUpFrames": "",
        "activeFrames": "",
        "recoveryFrames": "54 total frames",
        "framesOnHit": "",
        "framesOnBlock": "",
        "vTriggerCancelHit": "",
        "vTriggerCancelBlock": "",
        "moveProperties": "",
        "moveType": "Special Moves"
      },
      "Senpukuga (Attack)": {
        "moveCommand": "",
        "startUpFrames": "10",
        "activeFrames": "4",
        "recoveryFrames": "14",
        "framesOnHit": "6",
        "framesOnBlock": "2",
        "vTriggerCancelHit": "11/11",
        "vTriggerCancelBlock": "7/7",
        "moveProperties": "High",
        "moveType": "Special Moves"
      },
      "Nishikyu": {
        "moveCommand": "",
        "startUpFrames": "13",
        "activeFrames": "",
        "recoveryFrames": "60 total frames",
        "framesOnHit": "-7",
        "framesOnBlock": "-11",
        "vTriggerCancelHit": "",
        "vTriggerCancelBlock": "",
        "moveProperties": "High",
        "moveType": "Special Moves"
      },
      "EX Nishikyu": {
        "moveCommand": "",
        "startUpFrames": "13",
        "activeFrames": "",
        "recoveryFrames": "49 total frames",
        "framesOnHit": "3",
        "framesOnBlock": "-1",
        "vTriggerCancelHit": "",
        "vTriggerCancelBlock": "",
        "moveProperties": "High",
        "moveType": "Special Moves"
      },
      "L Ryobenda": {
        "moveCommand": "",
        "startUpFrames": "14",
        "activeFrames": "3",
        "recoveryFrames": "29",
        "framesOnHit": "D",
        "framesOnBlock": "-9",
        "vTriggerCancelHit": "",
        "vTriggerCancelBlock": "",
        "moveProperties": "High",
        "moveType": "Special Moves"
      },
      "M Ryobenda": {
        "moveCommand": "",
        "startUpFrames": "19",
        "activeFrames": "80",
        "recoveryFrames": "46 total frames",
        "framesOnHit": "1",
        "framesOnBlock": "-8",
        "vTriggerCancelHit": "",
        "vTriggerCancelBlock": "",
        "moveProperties": "High",
        "moveType": "Special Moves"
      },
      "H Ryobenda": {
        "moveCommand": "",
        "startUpFrames": "23",
        "activeFrames": "120",
        "recoveryFrames": "52 total frames",
        "framesOnHit": "-1",
        "framesOnBlock": "-10",
        "vTriggerCancelHit": "",
        "vTriggerCancelBlock": "",
        "moveProperties": "High",
        "moveType": "Special Moves"
      },
      "EX Ryobenda": {
        "moveCommand": "",
        "startUpFrames": "15",
        "activeFrames": "2",
        "recoveryFrames": "48 total frames",
        "framesOnHit": "D",
        "framesOnBlock": "2",
        "vTriggerCancelHit": "",
        "vTriggerCancelBlock": "",
        "moveProperties": "High",
        "moveType": "Special Moves"
      },
      "EX Ryobenda (Placed Poison)": {
        "moveCommand": "",
        "startUpFrames": "",
        "activeFrames": "220",
        "recoveryFrames": "",
        "framesOnHit": "",
        "framesOnBlock": "",
        "vTriggerCancelHit": "",
        "vTriggerCancelBlock": "",
        "moveProperties": "High",
        "moveType": "Special Moves"
      },
      "L Sotoja": {
        "moveCommand": "",
        "startUpFrames": "13",
        "activeFrames": "8",
        "recoveryFrames": "23",
        "framesOnHit": "0",
        "framesOnBlock": "-11",
        "vTriggerCancelHit": "",
        "vTriggerCancelBlock": "",
        "moveProperties": "High",
        "moveType": "Special Moves"
      },
      "M Sotoja": {
        "moveCommand": "",
        "startUpFrames": "16",
        "activeFrames": "8",
        "recoveryFrames": "23(*22)",
        "framesOnHit": "D/-1",
        "framesOnBlock": "-9",
        "vTriggerCancelHit": "",
        "vTriggerCancelBlock": "",
        "moveProperties": "High",
        "moveType": "Special Moves"
      },
      "H Sotoja": {
        "moveCommand": "",
        "startUpFrames": "21",
        "activeFrames": "8",
        "recoveryFrames": "24(*23)",
        "framesOnHit": "D/-2",
        "framesOnBlock": "-10",
        "vTriggerCancelHit": "",
        "vTriggerCancelBlock": "",
        "moveProperties": "High",
        "moveType": "Special Moves"
      },
      "EX Sotoja": {
        "moveCommand": "",
        "startUpFrames": "14",
        "activeFrames": "8",
        "recoveryFrames": "18",
        "framesOnHit": "D",
        "framesOnBlock": "-2",
        "vTriggerCancelHit": "",
        "vTriggerCancelBlock": "",
        "moveProperties": "High",
        "moveType": "Special Moves"
      },
      "L Nikankyaku": {
        "moveCommand": "",
        "startUpFrames": "",
        "activeFrames": "",
        "recoveryFrames": "29 total frames",
        "framesOnHit": "",
        "framesOnBlock": "",
        "vTriggerCancelHit": "",
        "vTriggerCancelBlock": "",
        "moveProperties": "",
        "moveType": "Special Moves"
      },
      "M Nikankyaku": {
        "moveCommand": "",
        "startUpFrames": "",
        "activeFrames": "",
        "recoveryFrames": "29 total frames",
        "framesOnHit": "",
        "framesOnBlock": "",
        "vTriggerCancelHit": "",
        "vTriggerCancelBlock": "",
        "moveProperties": "",
        "moveType": "Special Moves"
      },
      "H Nikankyaku": {
        "moveCommand": "",
        "startUpFrames": "",
        "activeFrames": "",
        "recoveryFrames": "31 total frames",
        "framesOnHit": "",
        "framesOnBlock": "",
        "vTriggerCancelHit": "",
        "vTriggerCancelBlock": "",
        "moveProperties": "",
        "moveType": "Special Moves"
      },
      "EX Nikankyaku": {
        "moveCommand": "",
        "startUpFrames": "",
        "activeFrames": "",
        "recoveryFrames": "33 total frames",
        "framesOnHit": "",
        "framesOnBlock": "",
        "vTriggerCancelHit": "",
        "vTriggerCancelBlock": "",
        "moveProperties": "",
        "moveType": "Special Moves"
      },
      "Nikyoushu": {
        "moveCommand": "",
        "startUpFrames": "",
        "activeFrames": "",
        "recoveryFrames": "9 frame(s) after landing",
        "framesOnHit": "",
        "framesOnBlock": "",
        "vTriggerCancelHit": "",
        "vTriggerCancelBlock": "",
        "moveProperties": "",
        "moveType": "Special Moves"
      },
      "V-Nishikyu": {
        "moveCommand": "",
        "startUpFrames": "13",
        "activeFrames": "",
        "recoveryFrames": "60 total frames",
        "framesOnHit": "1",
        "framesOnBlock": "-2",
        "vTriggerCancelHit": "",
        "vTriggerCancelBlock": "",
        "moveProperties": "High",
        "moveType": "Special Moves"
      },
      "V-EX 二Nishikyu": {
        "moveCommand": "",
        "startUpFrames": "13",
        "activeFrames": "",
        "recoveryFrames": "49 total frames",
        "framesOnHit": "D",
        "framesOnBlock": "3",
        "vTriggerCancelHit": "",
        "vTriggerCancelBlock": "",
        "moveProperties": "High",
        "moveType": "Special Moves"
      },
      "V-L Ryobenda": {
        "moveCommand": "",
        "startUpFrames": "14",
        "activeFrames": "23",
        "recoveryFrames": "29",
        "framesOnHit": "D",
        "framesOnBlock": "-9",
        "vTriggerCancelHit": "",
        "vTriggerCancelBlock": "",
        "moveProperties": "High",
        "moveType": "Special Moves"
      },
      "V-M Ryobenda": {
        "moveCommand": "",
        "startUpFrames": "19",
        "activeFrames": "100",
        "recoveryFrames": "46 total frames",
        "framesOnHit": "D",
        "framesOnBlock": "0",
        "vTriggerCancelHit": "",
        "vTriggerCancelBlock": "",
        "moveProperties": "High",
        "moveType": "Special Moves"
      },
      "V-H Ryobenda": {
        "moveCommand": "",
        "startUpFrames": "23",
        "activeFrames": "140",
        "recoveryFrames": "52 total frames",
        "framesOnHit": "D",
        "framesOnBlock": "0",
        "vTriggerCancelHit": "",
        "vTriggerCancelBlock": "",
        "moveProperties": "High",
        "moveType": "Special Moves"
      },
      "V-EX Ryobenda": {
        "moveCommand": "",
        "startUpFrames": "15",
        "activeFrames": "2",
        "recoveryFrames": "49 total frames",
        "framesOnHit": "D",
        "framesOnBlock": "6",
        "vTriggerCancelHit": "",
        "vTriggerCancelBlock": "",
        "moveProperties": "High",
        "moveType": "Special Moves"
      },
      "V-EX Ryobenda (Placed Poison)": {
        "moveCommand": "",
        "startUpFrames": "",
        "activeFrames": "240",
        "recoveryFrames": "",
        "framesOnHit": "",
        "framesOnBlock": "",
        "vTriggerCancelHit": "",
        "vTriggerCancelBlock": "",
        "moveProperties": "High",
        "moveType": "Special Moves"
      }
    },
    "Critical Art": {
      "Shishiruirui": {
        "moveCommand": "",
        "startUpFrames": "10",
        "activeFrames": "9",
        "recoveryFrames": "4 frame(s) after landing",
        "framesOnHit": "D",
        "framesOnBlock": "",
        "vTriggerCancelHit": "",
        "vTriggerCancelBlock": "",
        "moveProperties": "High",
        "moveType": "Critical Art"
      }
    },
    "V-System": {
      "[VS1] Nishodoku": {
        "moveCommand": "",
        "startUpFrames": "22",
        "activeFrames": "250",
        "recoveryFrames": "40 total frames",
        "framesOnHit": "",
        "framesOnBlock": "",
        "vTriggerCancelHit": "",
        "vTriggerCancelBlock": "",
        "moveProperties": "",
        "moveType": "V-System"
      },
      "V[VS1] Nishodoku": {
        "moveCommand": "",
        "startUpFrames": "22",
        "activeFrames": "259",
        "recoveryFrames": "45 total frames",
        "framesOnHit": "2",
        "framesOnBlock": "-2",
        "vTriggerCancelHit": "",
        "vTriggerCancelBlock": "",
        "moveProperties": "High",
        "moveType": "V-System"
      },
      "[VS2] Sodokubu": {
        "moveCommand": "",
        "startUpFrames": "3",
        "activeFrames": "10",
        "recoveryFrames": "54",
        "framesOnHit": "",
        "framesOnBlock": "",
        "vTriggerCancelHit": "",
        "vTriggerCancelBlock": "",
        "moveProperties": "",
        "moveType": "V-System"
      },
      "[VS2] Sodokubu (upon successful parry)": {
        "moveCommand": "",
        "startUpFrames": "3",
        "activeFrames": "8",
        "recoveryFrames": "62",
        "framesOnHit": "D",
        "framesOnBlock": "-42",
        "vTriggerCancelHit": "",
        "vTriggerCancelBlock": "",
        "moveProperties": "High",
        "moveType": "V-System"
      },
      "V[VS2] Sodokubu (upon successful parry)": {
        "moveCommand": "",
        "startUpFrames": "3",
        "activeFrames": "8",
        "recoveryFrames": "62",
        "framesOnHit": "D",
        "framesOnBlock": "-42",
        "vTriggerCancelHit": "",
        "vTriggerCancelBlock": "",
        "moveProperties": "High",
        "moveType": "V-System"
      },
      "Dokunomu": {
        "moveCommand": "",
        "startUpFrames": "1",
        "activeFrames": "",
        "recoveryFrames": "2",
        "framesOnHit": "",
        "framesOnBlock": "",
        "vTriggerCancelHit": "",
        "vTriggerCancelBlock": "",
        "moveProperties": "",
        "moveType": "V-System"
      },
      "Nikaiho": {
        "moveCommand": "",
        "startUpFrames": "",
        "activeFrames": "",
        "recoveryFrames": "31 total frames",
        "framesOnHit": "",
        "framesOnBlock": "",
        "vTriggerCancelHit": "",
        "vTriggerCancelBlock": "",
        "moveProperties": "",
        "moveType": "V-System"
      },
      "Koryo Dokuda": {
        "moveCommand": "",
        "startUpFrames": "1",
        "activeFrames": "",
        "recoveryFrames": "2",
        "framesOnHit": "",
        "framesOnBlock": "",
        "vTriggerCancelHit": "",
        "vTriggerCancelBlock": "",
        "moveProperties": "",
        "moveType": "V-System"
      }
    },
    "Normal Throws": {
      "Shimonshu": {
        "moveCommand": "",
        "startUpFrames": "5",
        "activeFrames": "3",
        "recoveryFrames": "17",
        "framesOnHit": "",
        "framesOnBlock": "",
        "vTriggerCancelHit": "",
        "vTriggerCancelBlock": "",
        "moveProperties": "Throw",
        "moveType": "Normal Throws"
      },
      "Kyoshitsugeki": {
        "moveCommand": "",
        "startUpFrames": "5",
        "activeFrames": "3",
        "recoveryFrames": "17",
        "framesOnHit": "",
        "framesOnBlock": "",
        "vTriggerCancelHit": "",
        "vTriggerCancelBlock": "",
        "moveProperties": "Throw",
        "moveType": "Normal Throws"
      }
    }
  }
}
