{
    "G": {
        "Fireball": "G Burst",
        "Normal Moves": {
            "Standing LP": {
                "moveCommand": "",
                "startUpFrames": "4",
                "activeFrames": "2",
                "recoveryFrames": "8",
                "framesOnHit": "5",
                "framesOnBlock": "3",
                "vTriggerCancelHit": "4",
                "vTriggerCancelBlock": "2",
                "moveProperties": "High",
                "moveType": "Normal Moves"
            },
            "Standing MP": {
                "moveCommand": "",
                "startUpFrames": "6",
                "activeFrames": "3",
                "recoveryFrames": "12",
                "framesOnHit": "7",
                "framesOnBlock": "3",
                "vTriggerCancelHit": "11",
                "vTriggerCancelBlock": "7",
                "moveProperties": "High",
                "moveType": "Normal Moves"
            },
            "Standing HP": {
                "moveCommand": "",
                "startUpFrames": "11",
                "activeFrames": "4",
                "recoveryFrames": "21",
                "framesOnHit": "3",
                "framesOnBlock": "-3",
                "vTriggerCancelHit": "16",
                "vTriggerCancelBlock": "10",
                "moveProperties": "High",
                "moveType": "Normal Moves"
            },
            "Standing LK": {
                "moveCommand": "",
                "startUpFrames": "5",
                "activeFrames": "3",
                "recoveryFrames": "10",
                "framesOnHit": "4",
                "framesOnBlock": "1",
                "vTriggerCancelHit": "6",
                "vTriggerCancelBlock": "3",
                "moveProperties": "High",
                "moveType": "Normal Moves"
            },
            "Standing MK": {
                "moveCommand": "",
                "startUpFrames": "9",
                "activeFrames": "3",
                "recoveryFrames": "17",
                "framesOnHit": "2",
                "framesOnBlock": "-2",
                "vTriggerCancelHit": "16",
                "vTriggerCancelBlock": "12",
                "moveProperties": "High",
                "moveType": "Normal Moves"
            },
            "Standing HK": {
                "moveCommand": "",
                "startUpFrames": "9",
                "activeFrames": "5",
                "recoveryFrames": "25",
                "framesOnHit": "2",
                "framesOnBlock": "-5",
                "vTriggerCancelHit": "19/21",
                "vTriggerCancelBlock": "14/14",
                "moveProperties": "High",
                "moveType": "Normal Moves"
            },
            "Crouching LP": {
                "moveCommand": "",
                "startUpFrames": "4",
                "activeFrames": "3",
                "recoveryFrames": "8",
                "framesOnHit": "5",
                "framesOnBlock": "2",
                "vTriggerCancelHit": "4",
                "vTriggerCancelBlock": "1",
                "moveProperties": "High",
                "moveType": "Normal Moves"
            },
            "Crouching MP": {
                "moveCommand": "",
                "startUpFrames": "7",
                "activeFrames": "3",
                "recoveryFrames": "15",
                "framesOnHit": "5",
                "framesOnBlock": "2",
                "vTriggerCancelHit": "11",
                "vTriggerCancelBlock": "8",
                "moveProperties": "High",
                "moveType": "Normal Moves"
            },
            "Crouching HP": {
                "moveCommand": "",
                "startUpFrames": "8",
                "activeFrames": "4",
                "recoveryFrames": "21",
                "framesOnHit": "1",
                "framesOnBlock": "-3",
                "vTriggerCancelHit": "9",
                "vTriggerCancelBlock": "5",
                "moveProperties": "High",
                "moveType": "Normal Moves"
            },
            "Crouching LK": {
                "moveCommand": "",
                "startUpFrames": "4",
                "activeFrames": "2",
                "recoveryFrames": "9",
                "framesOnHit": "4",
                "framesOnBlock": "1",
                "vTriggerCancelHit": "4",
                "vTriggerCancelBlock": "1",
                "moveProperties": "Low",
                "moveType": "Normal Moves"
            },
            "Crouching MK": {
                "moveCommand": "",
                "startUpFrames": "8",
                "activeFrames": "3",
                "recoveryFrames": "14",
                "framesOnHit": "4",
                "framesOnBlock": "-2",
                "vTriggerCancelHit": "10",
                "vTriggerCancelBlock": "4",
                "moveProperties": "Low",
                "moveType": "Normal Moves"
            },
            "Crouching HK": {
                "moveCommand": "",
                "startUpFrames": "10",
                "activeFrames": "2",
                "recoveryFrames": "28",
                "framesOnHit": "D",
                "framesOnBlock": "-14",
                "vTriggerCancelHit": "D",
                "vTriggerCancelBlock": "5",
                "moveProperties": "Low",
                "moveType": "Normal Moves"
            },
            "Jumping LP": {
                "moveCommand": "",
                "startUpFrames": "3",
                "activeFrames": "6",
                "recoveryFrames": "",
                "framesOnHit": "",
                "framesOnBlock": "",
                "vTriggerCancelHit": "",
                "vTriggerCancelBlock": "",
                "moveProperties": "Mid",
                "moveType": "Normal Moves"
            },
            "Jumping MP": {
                "moveCommand": "",
                "startUpFrames": "7",
                "activeFrames": "6",
                "recoveryFrames": "",
                "framesOnHit": "",
                "framesOnBlock": "",
                "vTriggerCancelHit": "",
                "vTriggerCancelBlock": "",
                "moveProperties": "Mid",
                "moveType": "Normal Moves"
            },
            "Jumping HP": {
                "moveCommand": "",
                "startUpFrames": "9",
                "activeFrames": "5",
                "recoveryFrames": "",
                "framesOnHit": "",
                "framesOnBlock": "",
                "vTriggerCancelHit": "",
                "vTriggerCancelBlock": "",
                "moveProperties": "Mid",
                "moveType": "Normal Moves"
            },
            "Jumping LK": {
                "moveCommand": "",
                "startUpFrames": "4",
                "activeFrames": "7",
                "recoveryFrames": "",
                "framesOnHit": "",
                "framesOnBlock": "",
                "vTriggerCancelHit": "",
                "vTriggerCancelBlock": "",
                "moveProperties": "Mid",
                "moveType": "Normal Moves"
            },
            "Jumping MK": {
                "moveCommand": "",
                "startUpFrames": "5",
                "activeFrames": "6",
                "recoveryFrames": "",
                "framesOnHit": "",
                "framesOnBlock": "",
                "vTriggerCancelHit": "",
                "vTriggerCancelBlock": "",
                "moveProperties": "Mid",
                "moveType": "Normal Moves"
            },
            "Jumping HK": {
                "moveCommand": "",
                "startUpFrames": "11",
                "activeFrames": "5",
                "recoveryFrames": "",
                "framesOnHit": "",
                "framesOnBlock": "",
                "vTriggerCancelHit": "",
                "vTriggerCancelBlock": "",
                "moveProperties": "Mid",
                "moveType": "Normal Moves"
            }
        },
        "Special Moves": {
            "Wild President": {
                "moveCommand": "Forward Fierce",
                "startUpFrames": "15",
                "activeFrames": "3",
                "recoveryFrames": "22",
                "framesOnHit": "2",
                "framesOnBlock": "-4",
                "vTriggerCancelHit": "21",
                "vTriggerCancelBlock": "15",
                "moveProperties": "High",
                "moveType": "Special Moves"
            },
            "Strong President": {
                "moveCommand": "Back Fierce",
                "startUpFrames": "9",
                "activeFrames": "5",
                "recoveryFrames": "23",
                "framesOnHit": "D",
                "framesOnBlock": "-5",
                "vTriggerCancelHit": "D",
                "vTriggerCancelBlock": "10",
                "moveProperties": "High",
                "moveType": "Special Moves"
            },
            "Crash President": {
                "moveCommand": "Forward Roundhouse",
                "startUpFrames": "25",
                "activeFrames": "2",
                "recoveryFrames": "22",
                "framesOnHit": "1",
                "framesOnBlock": "-7",
                "vTriggerCancelHit": "",
                "vTriggerCancelBlock": "",
                "moveProperties": "Mid",
                "moveType": "Special Moves"
            },
            "Flying President": {
                "moveCommand": "",
                "startUpFrames": "9",
                "activeFrames": "7",
                "recoveryFrames": "",
                "framesOnHit": "",
                "framesOnBlock": "",
                "vTriggerCancelHit": "",
                "vTriggerCancelBlock": "",
                "moveProperties": "Mid",
                "moveType": "Special Moves"
            },
            "Message To The People * Pattern 1": {
                "moveCommand": "",
                "startUpFrames": "",
                "activeFrames": "",
                "recoveryFrames": "1660 total frames",
                "framesOnHit": "",
                "framesOnBlock": "",
                "vTriggerCancelHit": "",
                "vTriggerCancelBlock": "",
                "moveProperties": "",
                "moveType": "Special Moves"
            },
            "Message To The People * Pattern 2": {
                "moveCommand": "",
                "startUpFrames": "",
                "activeFrames": "",
                "recoveryFrames": "1760 total frames",
                "framesOnHit": "",
                "framesOnBlock": "",
                "vTriggerCancelHit": "",
                "vTriggerCancelBlock": "",
                "moveProperties": "",
                "moveType": "Special Moves"
            },
            "Message To The People * Pattern 3": {
                "moveCommand": "",
                "startUpFrames": "",
                "activeFrames": "",
                "recoveryFrames": "1720 total frames",
                "framesOnHit": "",
                "framesOnBlock": "",
                "vTriggerCancelHit": "",
                "vTriggerCancelBlock": "",
                "moveProperties": "",
                "moveType": "Special Moves"
            },
            "Message To The People (Cancel)": {
                "moveCommand": "",
                "startUpFrames": "",
                "activeFrames": "",
                "recoveryFrames": "",
                "framesOnHit": "",
                "framesOnBlock": "",
                "vTriggerCancelHit": "",
                "vTriggerCancelBlock": "",
                "moveProperties": "",
                "moveType": "Special Moves"
            },
            "L G Smash Over Level 1": {
                "moveCommand": "",
                "startUpFrames": "16",
                "activeFrames": "5",
                "recoveryFrames": "21",
                "framesOnHit": "D",
                "framesOnBlock": "-4",
                "vTriggerCancelHit": "",
                "vTriggerCancelBlock": "",
                "moveProperties": "High",
                "moveType": "Special Moves"
            },
            "M G Smash Over Level 1": {
                "moveCommand": "",
                "startUpFrames": "20",
                "activeFrames": "5",
                "recoveryFrames": "21",
                "framesOnHit": "D",
                "framesOnBlock": "-4",
                "vTriggerCancelHit": "",
                "vTriggerCancelBlock": "",
                "moveProperties": "High",
                "moveType": "Special Moves"
            },
            "H G Smash Over Level 1": {
                "moveCommand": "",
                "startUpFrames": "25(*22)",
                "activeFrames": "5",
                "recoveryFrames": "21",
                "framesOnHit": "D",
                "framesOnBlock": "-4",
                "vTriggerCancelHit": "",
                "vTriggerCancelBlock": "",
                "moveProperties": "High",
                "moveType": "Special Moves"
            },
            "L G Smash Over Level 2": {
                "moveCommand": "",
                "startUpFrames": "16",
                "activeFrames": "5",
                "recoveryFrames": "21",
                "framesOnHit": "D",
                "framesOnBlock": "-4",
                "vTriggerCancelHit": "",
                "vTriggerCancelBlock": "",
                "moveProperties": "High",
                "moveType": "Special Moves"
            },
            "M G Smash Over Level 2": {
                "moveCommand": "",
                "startUpFrames": "20",
                "activeFrames": "5",
                "recoveryFrames": "21",
                "framesOnHit": "D",
                "framesOnBlock": "-4",
                "vTriggerCancelHit": "",
                "vTriggerCancelBlock": "",
                "moveProperties": "High",
                "moveType": "Special Moves"
            },
            "H G Smash Over Level 2": {
                "moveCommand": "",
                "startUpFrames": "25(*22)",
                "activeFrames": "5",
                "recoveryFrames": "21",
                "framesOnHit": "D",
                "framesOnBlock": "-4",
                "vTriggerCancelHit": "",
                "vTriggerCancelBlock": "",
                "moveProperties": "High",
                "moveType": "Special Moves"
            },
            "G Smash Over Level 3": {
                "moveCommand": "",
                "startUpFrames": "13",
                "activeFrames": "5",
                "recoveryFrames": "22",
                "framesOnHit": "D",
                "framesOnBlock": "-6",
                "vTriggerCancelHit": "D",
                "vTriggerCancelBlock": "10",
                "moveProperties": "High",
                "moveType": "Special Moves"
            },
            "V-G Smash Over": {
                "moveCommand": "",
                "startUpFrames": "13",
                "activeFrames": "5",
                "recoveryFrames": "22",
                "framesOnHit": "D",
                "framesOnBlock": "-6",
                "vTriggerCancelHit": "",
                "vTriggerCancelBlock": "",
                "moveProperties": "High",
                "moveType": "Special Moves"
            },
            "V-G Smash Over (Cancel)": {
                "moveCommand": "",
                "startUpFrames": "13",
                "activeFrames": "5",
                "recoveryFrames": "22",
                "framesOnHit": "D",
                "framesOnBlock": "-6",
                "vTriggerCancelHit": "",
                "vTriggerCancelBlock": "",
                "moveProperties": "High",
                "moveType": "Special Moves"
            },
            "EX G Smash Over": {
                "moveCommand": "",
                "startUpFrames": "13",
                "activeFrames": "5",
                "recoveryFrames": "22",
                "framesOnHit": "D",
                "framesOnBlock": "-6",
                "vTriggerCancelHit": "D",
                "vTriggerCancelBlock": "10",
                "moveProperties": "High",
                "moveType": "Special Moves"
            },
            "L G Smash Under Level 1": {
                "moveCommand": "",
                "startUpFrames": "13",
                "activeFrames": "5",
                "recoveryFrames": "25",
                "framesOnHit": "D",
                "framesOnBlock": "-8",
                "vTriggerCancelHit": "",
                "vTriggerCancelBlock": "",
                "moveProperties": "Low",
                "moveType": "Special Moves"
            },
            "M G Smash Under Level 1": {
                "moveCommand": "",
                "startUpFrames": "16",
                "activeFrames": "5",
                "recoveryFrames": "25",
                "framesOnHit": "D",
                "framesOnBlock": "-8",
                "vTriggerCancelHit": "",
                "vTriggerCancelBlock": "",
                "moveProperties": "Low",
                "moveType": "Special Moves"
            },
            "H G Smash Under Level 1": {
                "moveCommand": "",
                "startUpFrames": "23(*20)",
                "activeFrames": "5",
                "recoveryFrames": "25",
                "framesOnHit": "D",
                "framesOnBlock": "-8",
                "vTriggerCancelHit": "",
                "vTriggerCancelBlock": "",
                "moveProperties": "Low",
                "moveType": "Special Moves"
            },
            "L G Smash Under Level 2": {
                "moveCommand": "",
                "startUpFrames": "13",
                "activeFrames": "5",
                "recoveryFrames": "22",
                "framesOnHit": "D",
                "framesOnBlock": "-8",
                "vTriggerCancelHit": "",
                "vTriggerCancelBlock": "",
                "moveProperties": "Low",
                "moveType": "Special Moves"
            },
            "M G Smash Under Level 2": {
                "moveCommand": "",
                "startUpFrames": "16",
                "activeFrames": "5",
                "recoveryFrames": "22",
                "framesOnHit": "D",
                "framesOnBlock": "-6",
                "vTriggerCancelHit": "",
                "vTriggerCancelBlock": "",
                "moveProperties": "Low",
                "moveType": "Special Moves"
            },
            "H G Smash Under Level 2": {
                "moveCommand": "",
                "startUpFrames": "23(*20)",
                "activeFrames": "5",
                "recoveryFrames": "22",
                "framesOnHit": "D",
                "framesOnBlock": "-6",
                "vTriggerCancelHit": "",
                "vTriggerCancelBlock": "",
                "moveProperties": "Low",
                "moveType": "Special Moves"
            },
            "G Smash Under Level 3": {
                "moveCommand": "",
                "startUpFrames": "18(*13)",
                "activeFrames": "5",
                "recoveryFrames": "22",
                "framesOnHit": "D",
                "framesOnBlock": "-8",
                "vTriggerCancelHit": "D",
                "vTriggerCancelBlock": "4",
                "moveProperties": "Low",
                "moveType": "Special Moves"
            },
            "V-G Smash Under": {
                "moveCommand": "",
                "startUpFrames": "18(*13)",
                "activeFrames": "5",
                "recoveryFrames": "22",
                "framesOnHit": "D",
                "framesOnBlock": "-8",
                "vTriggerCancelHit": "",
                "vTriggerCancelBlock": "",
                "moveProperties": "Low",
                "moveType": "Special Moves"
            },
            "V-G Smash Under (Cancel)": {
                "moveCommand": "",
                "startUpFrames": "18(*13)",
                "activeFrames": "5",
                "recoveryFrames": "22",
                "framesOnHit": "D",
                "framesOnBlock": "-8",
                "vTriggerCancelHit": "",
                "vTriggerCancelBlock": "",
                "moveProperties": "Low",
                "moveType": "Special Moves"
            },
            "EX G Smash Under": {
                "moveCommand": "",
                "startUpFrames": "18(*13)",
                "activeFrames": "5",
                "recoveryFrames": "22",
                "framesOnHit": "D",
                "framesOnBlock": "-8",
                "vTriggerCancelHit": "D",
                "vTriggerCancelBlock": "4",
                "moveProperties": "Low",
                "moveType": "Special Moves"
            },
            "L G Burst Level 1": {
                "moveCommand": "",
                "startUpFrames": "15",
                "activeFrames": "11",
                "recoveryFrames": "46 total frames",
                "framesOnHit": "-3",
                "framesOnBlock": "-8",
                "vTriggerCancelHit": "",
                "vTriggerCancelBlock": "",
                "moveProperties": "High",
                "moveType": "Special Moves"
            },
            "M G Burst Level 1": {
                "moveCommand": "",
                "startUpFrames": "20",
                "activeFrames": "11",
                "recoveryFrames": "49 total frames",
                "framesOnHit": "-1",
                "framesOnBlock": "-6",
                "vTriggerCancelHit": "",
                "vTriggerCancelBlock": "",
                "moveProperties": "High",
                "moveType": "Special Moves"
            },
            "H G Burst Level 1": {
                "moveCommand": "",
                "startUpFrames": "25",
                "activeFrames": "11",
                "recoveryFrames": "52 total frames",
                "framesOnHit": "1",
                "framesOnBlock": "-4",
                "vTriggerCancelHit": "",
                "vTriggerCancelBlock": "",
                "moveProperties": "High",
                "moveType": "Special Moves"
            },
            "L G Burst Level 2": {
                "moveCommand": "",
                "startUpFrames": "15",
                "activeFrames": "11",
                "recoveryFrames": "46 total frames",
                "framesOnHit": "±0",
                "framesOnBlock": "-5",
                "vTriggerCancelHit": "",
                "vTriggerCancelBlock": "",
                "moveProperties": "High",
                "moveType": "Special Moves"
            },
            "M G Burst Level 2": {
                "moveCommand": "",
                "startUpFrames": "20",
                "activeFrames": "11",
                "recoveryFrames": "49 total frames",
                "framesOnHit": "2",
                "framesOnBlock": "-3",
                "vTriggerCancelHit": "",
                "vTriggerCancelBlock": "",
                "moveProperties": "High",
                "moveType": "Special Moves"
            },
            "H G Burst Level 2": {
                "moveCommand": "",
                "startUpFrames": "25",
                "activeFrames": "11",
                "recoveryFrames": "52 total frames",
                "framesOnHit": "4",
                "framesOnBlock": "-1",
                "vTriggerCancelHit": "",
                "vTriggerCancelBlock": "",
                "moveProperties": "High",
                "moveType": "Special Moves"
            },
            "G Burst Level 3": {
                "moveCommand": "",
                "startUpFrames": "15",
                "activeFrames": "30",
                "recoveryFrames": "64 total frames",
                "framesOnHit": "D",
                "framesOnBlock": "-2",
                "vTriggerCancelHit": "D",
                "vTriggerCancelBlock": "34",
                "moveProperties": "High",
                "moveType": "Special Moves"
            },
            "V-G Burst": {
                "moveCommand": "",
                "startUpFrames": "15",
                "activeFrames": "30",
                "recoveryFrames": "64 total frames",
                "framesOnHit": "D",
                "framesOnBlock": "-2",
                "vTriggerCancelHit": "",
                "vTriggerCancelBlock": "",
                "moveProperties": "High",
                "moveType": "Special Moves"
            },
            "V-G Burst (Cancel)": {
                "moveCommand": "",
                "startUpFrames": "15",
                "activeFrames": "30",
                "recoveryFrames": "64 total frames",
                "framesOnHit": "D",
                "framesOnBlock": "-2",
                "vTriggerCancelHit": "",
                "vTriggerCancelBlock": "",
                "moveProperties": "High",
                "moveType": "Special Moves"
            },
            "EX G Burst": {
                "moveCommand": "",
                "startUpFrames": "15",
                "activeFrames": "30",
                "recoveryFrames": "64 total frames",
                "framesOnHit": "D",
                "framesOnBlock": "-2",
                "vTriggerCancelHit": "D",
                "vTriggerCancelBlock": "34",
                "moveProperties": "High",
                "moveType": "Special Moves"
            },
            "L G Spin Kick Level 1": {
                "moveCommand": "",
                "startUpFrames": "20",
                "activeFrames": "7",
                "recoveryFrames": "20",
                "framesOnHit": "3",
                "framesOnBlock": "-5",
                "vTriggerCancelHit": "",
                "vTriggerCancelBlock": "",
                "moveProperties": "High",
                "moveType": "Special Moves"
            },
            "M G Spin Kick Level 1": {
                "moveCommand": "",
                "startUpFrames": "25",
                "activeFrames": "7",
                "recoveryFrames": "22",
                "framesOnHit": "3",
                "framesOnBlock": "-5",
                "vTriggerCancelHit": "",
                "vTriggerCancelBlock": "",
                "moveProperties": "High",
                "moveType": "Special Moves"
            },
            "H G Spin Kick Level 1": {
                "moveCommand": "",
                "startUpFrames": "28",
                "activeFrames": "7",
                "recoveryFrames": "22",
                "framesOnHit": "3",
                "framesOnBlock": "-5",
                "vTriggerCancelHit": "",
                "vTriggerCancelBlock": "",
                "moveProperties": "High",
                "moveType": "Special Moves"
            },
            "L G Spin Kick Level 2": {
                "moveCommand": "",
                "startUpFrames": "17",
                "activeFrames": "9",
                "recoveryFrames": "19",
                "framesOnHit": "5",
                "framesOnBlock": "-5",
                "vTriggerCancelHit": "",
                "vTriggerCancelBlock": "",
                "moveProperties": "High",
                "moveType": "Special Moves"
            },
            "M G Spin Kick Level 2": {
                "moveCommand": "",
                "startUpFrames": "22",
                "activeFrames": "9",
                "recoveryFrames": "22",
                "framesOnHit": "5",
                "framesOnBlock": "-5",
                "vTriggerCancelHit": "",
                "vTriggerCancelBlock": "",
                "moveProperties": "High",
                "moveType": "Special Moves"
            },
            "H G Spin Kick Level 2": {
                "moveCommand": "",
                "startUpFrames": "25",
                "activeFrames": "9",
                "recoveryFrames": "22",
                "framesOnHit": "5",
                "framesOnBlock": "-5",
                "vTriggerCancelHit": "",
                "vTriggerCancelBlock": "",
                "moveProperties": "High",
                "moveType": "Special Moves"
            },
            "G Spin Kick Level 3": {
                "moveCommand": "",
                "startUpFrames": "20",
                "activeFrames": "7",
                "recoveryFrames": "22",
                "framesOnHit": "D",
                "framesOnBlock": "-2",
                "vTriggerCancelHit": "",
                "vTriggerCancelBlock": "",
                "moveProperties": "High",
                "moveType": "Special Moves"
            },
            "V-G Spin Kick": {
                "moveCommand": "",
                "startUpFrames": "20",
                "activeFrames": "7",
                "recoveryFrames": "22",
                "framesOnHit": "D",
                "framesOnBlock": "-2",
                "vTriggerCancelHit": "",
                "vTriggerCancelBlock": "",
                "moveProperties": "High",
                "moveType": "Special Moves"
            },
            "V-G Spin Kick (Cancel)": {
                "moveCommand": "",
                "startUpFrames": "20",
                "activeFrames": "7",
                "recoveryFrames": "22",
                "framesOnHit": "D",
                "framesOnBlock": "-2",
                "vTriggerCancelHit": "",
                "vTriggerCancelBlock": "",
                "moveProperties": "High",
                "moveType": "Special Moves"
            },
            "EX G Spin Kick": {
                "moveCommand": "",
                "startUpFrames": "20",
                "activeFrames": "7",
                "recoveryFrames": "22",
                "framesOnHit": "D",
                "framesOnBlock": "-2",
                "vTriggerCancelHit": "",
                "vTriggerCancelBlock": "",
                "moveProperties": "High",
                "moveType": "Special Moves"
            },
            "G Impact Level 1": {
                "moveCommand": "",
                "startUpFrames": "12",
                "activeFrames": "2",
                "recoveryFrames": "60",
                "framesOnHit": "D",
                "framesOnBlock": "",
                "vTriggerCancelHit": "",
                "vTriggerCancelBlock": "",
                "moveProperties": "Throw",
                "moveType": "Special Moves"
            },
            "G Impact Level 2": {
                "moveCommand": "",
                "startUpFrames": "12",
                "activeFrames": "2",
                "recoveryFrames": "60",
                "framesOnHit": "D",
                "framesOnBlock": "",
                "vTriggerCancelHit": "",
                "vTriggerCancelBlock": "",
                "moveProperties": "Throw",
                "moveType": "Special Moves"
            },
            "G Impact Level 3": {
                "moveCommand": "",
                "startUpFrames": "12",
                "activeFrames": "2",
                "recoveryFrames": "60",
                "framesOnHit": "D",
                "framesOnBlock": "",
                "vTriggerCancelHit": "",
                "vTriggerCancelBlock": "",
                "moveProperties": "Throw",
                "moveType": "Special Moves"
            },
            "V-G Impact": {
                "moveCommand": "",
                "startUpFrames": "12",
                "activeFrames": "2",
                "recoveryFrames": "60",
                "framesOnHit": "D",
                "framesOnBlock": "",
                "vTriggerCancelHit": "",
                "vTriggerCancelBlock": "",
                "moveProperties": "Throw",
                "moveType": "Special Moves"
            },
            "V-G Impact (Cancel)": {
                "moveCommand": "",
                "startUpFrames": "5",
                "activeFrames": "2",
                "recoveryFrames": "60",
                "framesOnHit": "D",
                "framesOnBlock": "",
                "vTriggerCancelHit": "",
                "vTriggerCancelBlock": "",
                "moveProperties": "Throw",
                "moveType": "Special Moves"
            },
            "EX G Impact": {
                "moveCommand": "",
                "startUpFrames": "12",
                "activeFrames": "2",
                "recoveryFrames": "60",
                "framesOnHit": "D",
                "framesOnBlock": "",
                "vTriggerCancelHit": "",
                "vTriggerCancelBlock": "",
                "moveProperties": "Throw",
                "moveType": "Special Moves"
            },
            "G Charge": {
                "moveCommand": "",
                "startUpFrames": "",
                "activeFrames": "",
                "recoveryFrames": "64 total frames",
                "framesOnHit": "",
                "framesOnBlock": "",
                "vTriggerCancelHit": "",
                "vTriggerCancelBlock": "",
                "moveProperties": "",
                "moveType": "Special Moves"
            },
            "G Charge (Hold)": {
                "moveCommand": "",
                "startUpFrames": "",
                "activeFrames": "",
                "recoveryFrames": "128 total frames",
                "framesOnHit": "",
                "framesOnBlock": "",
                "vTriggerCancelHit": "",
                "vTriggerCancelBlock": "",
                "moveProperties": "",
                "moveType": "Special Moves"
            },
            "G Charge (Cancel)": {
                "moveCommand": "",
                "startUpFrames": "",
                "activeFrames": "",
                "recoveryFrames": "69 total frames",
                "framesOnHit": "",
                "framesOnBlock": "",
                "vTriggerCancelHit": "",
                "vTriggerCancelBlock": "",
                "moveProperties": "",
                "moveType": "Special Moves"
            },
            "EX　G Smash Over": {
                "moveCommand": "",
                "startUpFrames": "13",
                "activeFrames": "5",
                "recoveryFrames": "22",
                "framesOnHit": "D",
                "framesOnBlock": "-6",
                "vTriggerCancelHit": "",
                "vTriggerCancelBlock": "",
                "moveProperties": "High",
                "moveType": "Special Moves"
            },
            "G Explosion": {
                "moveCommand": "",
                "startUpFrames": "12",
                "activeFrames": "12",
                "recoveryFrames": "38",
                "framesOnHit": "D",
                "framesOnBlock": "-28",
                "vTriggerCancelHit": "",
                "vTriggerCancelBlock": "",
                "moveProperties": "High",
                "moveType": "Special Moves"
            },
            "G Rage": {
                "moveCommand": "",
                "startUpFrames": "20",
                "activeFrames": "3",
                "recoveryFrames": "60",
                "framesOnHit": "",
                "framesOnBlock": "",
                "vTriggerCancelHit": "",
                "vTriggerCancelBlock": "",
                "moveProperties": "Throw",
                "moveType": "Special Moves"
            },
            "G Rage (Cancel)": {
                "moveCommand": "",
                "startUpFrames": "25",
                "activeFrames": "3",
                "recoveryFrames": "60",
                "framesOnHit": "",
                "framesOnBlock": "",
                "vTriggerCancelHit": "",
                "vTriggerCancelBlock": "",
                "moveProperties": "Throw",
                "moveType": "Special Moves"
            }
        },
        "Critical Art": {
            "Pangaea Burst": {
                "moveCommand": "",
                "startUpFrames": "1+5",
                "activeFrames": "13×3",
                "recoveryFrames": "73",
                "framesOnHit": "D",
                "framesOnBlock": "-39",
                "vTriggerCancelHit": "",
                "vTriggerCancelBlock": "",
                "moveProperties": "High",
                "moveType": "Critical Art"
            }
        },
        "V-System": {
            "[VS1] G Barrier": {
                "moveCommand": "",
                "startUpFrames": "13(*9)",
                "activeFrames": "13(*23)",
                "recoveryFrames": "23",
                "framesOnHit": "D",
                "framesOnBlock": "-17",
                "vTriggerCancelHit": "D",
                "vTriggerCancelBlock": "5",
                "moveProperties": "High",
                "moveType": "V-System"
            },
            "[VS1] Airborne G Barrier": {
                "moveCommand": "",
                "startUpFrames": "13(*9)",
                "activeFrames": "16(*26)",
                "recoveryFrames": "11 frame(s) after landing",
                "framesOnHit": "D",
                "framesOnBlock": "",
                "vTriggerCancelHit": "",
                "vTriggerCancelBlock": "",
                "moveProperties": "High",
                "moveType": "V-System"
            },
            "V[VS1] G Barrier": {
                "moveCommand": "",
                "startUpFrames": "13(*9)",
                "activeFrames": "26(*30)",
                "recoveryFrames": "63 total frames",
                "framesOnHit": "D",
                "framesOnBlock": "-2",
                "vTriggerCancelHit": "",
                "vTriggerCancelBlock": "",
                "moveProperties": "High",
                "moveType": "V-System"
            },
            "V[VS1] Airborne G Barrier": {
                "moveCommand": "",
                "startUpFrames": "13(*9)",
                "activeFrames": "13(*20)",
                "recoveryFrames": "11 frame(s) after landing",
                "framesOnHit": "D",
                "framesOnBlock": "",
                "vTriggerCancelHit": "",
                "vTriggerCancelBlock": "",
                "moveProperties": "High",
                "moveType": "V-System"
            },
            "[VS2] G Protection": {
                "moveCommand": "",
                "startUpFrames": "31",
                "activeFrames": "",
                "recoveryFrames": "60 total frames",
                "framesOnHit": "",
                "framesOnBlock": "",
                "vTriggerCancelHit": "",
                "vTriggerCancelBlock": "",
                "moveProperties": "",
                "moveType": "V-System"
            },
            "V[VS2] G Protection": {
                "moveCommand": "",
                "startUpFrames": "31",
                "activeFrames": "",
                "recoveryFrames": "60 total frames",
                "framesOnHit": "",
                "framesOnBlock": "",
                "vTriggerCancelHit": "",
                "vTriggerCancelBlock": "",
                "moveProperties": "",
                "moveType": "V-System"
            },
            "Maximum President": {
                "moveCommand": "",
                "startUpFrames": "1",
                "activeFrames": "",
                "recoveryFrames": "8",
                "framesOnHit": "",
                "framesOnBlock": "",
                "vTriggerCancelHit": "",
                "vTriggerCancelBlock": "",
                "moveProperties": "",
                "moveType": "V-System"
            },
            "G Revenge": {
                "moveCommand": "",
                "startUpFrames": "17",
                "activeFrames": "2",
                "recoveryFrames": "24",
                "framesOnHit": "D",
                "framesOnBlock": "-2",
                "vTriggerCancelHit": "",
                "vTriggerCancelBlock": "",
                "moveProperties": "High",
                "moveType": "V-System"
            },
            "Dangerous President": {
                "moveCommand": "",
                "startUpFrames": "1",
                "activeFrames": "",
                "recoveryFrames": "6",
                "framesOnHit": "",
                "framesOnBlock": "",
                "vTriggerCancelHit": "",
                "vTriggerCancelBlock": "",
                "moveProperties": "",
                "moveType": "V-System"
            }
        },
        "Normal Throws": {
            "Violence President": {
                "moveCommand": "",
                "startUpFrames": "5",
                "activeFrames": "3",
                "recoveryFrames": "17",
                "framesOnHit": "",
                "framesOnBlock": "",
                "vTriggerCancelHit": "",
                "vTriggerCancelBlock": "",
                "moveProperties": "Throw",
                "moveType": "Normal Throws"
            },
            "Destroy President": {
                "moveCommand": "",
                "startUpFrames": "5",
                "activeFrames": "3",
                "recoveryFrames": "17",
                "framesOnHit": "",
                "framesOnBlock": "",
                "vTriggerCancelHit": "",
                "vTriggerCancelBlock": "",
                "moveProperties": "Throw",
                "moveType": "Normal Throws"
            },
            "Shining President": {
                "moveCommand": "",
                "startUpFrames": "5",
                "activeFrames": "3",
                "recoveryFrames": "17",
                "framesOnHit": "",
                "framesOnBlock": "",
                "vTriggerCancelHit": "",
                "vTriggerCancelBlock": "",
                "moveProperties": "Throw",
                "moveType": "Normal Throws"
            }
        }
    }
}
