{
  "Gill": {
    "Fireball": "Pyrokinesis",
    "Normal Moves": {
      "Standing LP": {
        "moveCommand": "",
        "startUpFrames": "4",
        "activeFrames": "3",
        "recoveryFrames": "9",
        "framesOnHit": "4",
        "framesOnBlock": "2",
        "vTriggerCancelHit": "9",
        "vTriggerCancelBlock": "7",
        "moveProperties": "High",
        "moveType": "Normal Moves"
      },
      "Standing MP": {
        "moveCommand": "",
        "startUpFrames": "7",
        "activeFrames": "3",
        "recoveryFrames": "13",
        "framesOnHit": "6",
        "framesOnBlock": "3",
        "vTriggerCancelHit": "15",
        "vTriggerCancelBlock": "12",
        "moveProperties": "High",
        "moveType": "Normal Moves"
      },
      "Standing HP": {
        "moveCommand": "",
        "startUpFrames": "13",
        "activeFrames": "3",
        "recoveryFrames": "17",
        "framesOnHit": "6(*10)",
        "framesOnBlock": "-2",
        "vTriggerCancelHit": "19(*23)",
        "vTriggerCancelBlock": "11",
        "moveProperties": "High",
        "moveType": "Normal Moves"
      },
      "Standing LK": {
        "moveCommand": "",
        "startUpFrames": "4",
        "activeFrames": "3",
        "recoveryFrames": "8",
        "framesOnHit": "5",
        "framesOnBlock": "3",
        "vTriggerCancelHit": "9",
        "vTriggerCancelBlock": "7",
        "moveProperties": "High",
        "moveType": "Normal Moves"
      },
      "Standing MK": {
        "moveCommand": "",
        "startUpFrames": "9",
        "activeFrames": "3",
        "recoveryFrames": "16",
        "framesOnHit": "3",
        "framesOnBlock": "-4",
        "vTriggerCancelHit": "15",
        "vTriggerCancelBlock": "8",
        "moveProperties": "High",
        "moveType": "Normal Moves"
      },
      "Standing HK": {
        "moveCommand": "",
        "startUpFrames": "11",
        "activeFrames": "3",
        "recoveryFrames": "23",
        "framesOnHit": "2(*D)",
        "framesOnBlock": "-4",
        "vTriggerCancelHit": "18(*D)",
        "vTriggerCancelBlock": "12",
        "moveProperties": "High",
        "moveType": "Normal Moves"
      },
      "Crouching LP": {
        "moveCommand": "",
        "startUpFrames": "3",
        "activeFrames": "2",
        "recoveryFrames": "9",
        "framesOnHit": "3",
        "framesOnBlock": "1",
        "vTriggerCancelHit": "6",
        "vTriggerCancelBlock": "4",
        "moveProperties": "High",
        "moveType": "Normal Moves"
      },
      "Crouching MP": {
        "moveCommand": "",
        "startUpFrames": "6",
        "activeFrames": "2",
        "recoveryFrames": "16",
        "framesOnHit": "2",
        "framesOnBlock": "-2",
        "vTriggerCancelHit": "13",
        "vTriggerCancelBlock": "9",
        "moveProperties": "High",
        "moveType": "Normal Moves"
      },
      "Crouching HP": {
        "moveCommand": "",
        "startUpFrames": "7",
        "activeFrames": "5",
        "recoveryFrames": "21",
        "framesOnHit": "D",
        "framesOnBlock": "-9",
        "vTriggerCancelHit": "D",
        "vTriggerCancelBlock": "8",
        "moveProperties": "High",
        "moveType": "Normal Moves"
      },
      "Crouching LK": {
        "moveCommand": "",
        "startUpFrames": "4",
        "activeFrames": "2",
        "recoveryFrames": "8",
        "framesOnHit": "3",
        "framesOnBlock": "0",
        "vTriggerCancelHit": "6",
        "vTriggerCancelBlock": "3",
        "moveProperties": "Low",
        "moveType": "Normal Moves"
      },
      "Crouching MK": {
        "moveCommand": "",
        "startUpFrames": "8",
        "activeFrames": "2",
        "recoveryFrames": "17",
        "framesOnHit": "2",
        "framesOnBlock": "-2",
        "vTriggerCancelHit": "14",
        "vTriggerCancelBlock": "10",
        "moveProperties": "Low",
        "moveType": "Normal Moves"
      },
      "Crouching HK": {
        "moveCommand": "",
        "startUpFrames": "12",
        "activeFrames": "2",
        "recoveryFrames": "26",
        "framesOnHit": "D",
        "framesOnBlock": "-13",
        "vTriggerCancelHit": "D",
        "vTriggerCancelBlock": "8",
        "moveProperties": "Low",
        "moveType": "Normal Moves"
      },
      "Jumping LP": {
        "moveCommand": "",
        "startUpFrames": "3",
        "activeFrames": "5",
        "recoveryFrames": "",
        "framesOnHit": "",
        "framesOnBlock": "",
        "vTriggerCancelHit": "",
        "vTriggerCancelBlock": "",
        "moveProperties": "Mid",
        "moveType": "Normal Moves"
      },
      "Jumping MP": {
        "moveCommand": "",
        "startUpFrames": "6",
        "activeFrames": "3",
        "recoveryFrames": "",
        "framesOnHit": "",
        "framesOnBlock": "",
        "vTriggerCancelHit": "",
        "vTriggerCancelBlock": "",
        "moveProperties": "Mid",
        "moveType": "Normal Moves"
      },
      "Jumping HP": {
        "moveCommand": "",
        "startUpFrames": "10",
        "activeFrames": "4",
        "recoveryFrames": "",
        "framesOnHit": "",
        "framesOnBlock": "",
        "vTriggerCancelHit": "",
        "vTriggerCancelBlock": "",
        "moveProperties": "Mid",
        "moveType": "Normal Moves"
      },
      "Jumping LK": {
        "moveCommand": "",
        "startUpFrames": "3",
        "activeFrames": "6",
        "recoveryFrames": "",
        "framesOnHit": "",
        "framesOnBlock": "",
        "vTriggerCancelHit": "",
        "vTriggerCancelBlock": "",
        "moveProperties": "Mid",
        "moveType": "Normal Moves"
      },
      "Jumping MK": {
        "moveCommand": "",
        "startUpFrames": "6",
        "activeFrames": "5",
        "recoveryFrames": "",
        "framesOnHit": "",
        "framesOnBlock": "",
        "vTriggerCancelHit": "",
        "vTriggerCancelBlock": "",
        "moveProperties": "Mid",
        "moveType": "Normal Moves"
      },
      "Jumping HK": {
        "moveCommand": "",
        "startUpFrames": "10",
        "activeFrames": "3",
        "recoveryFrames": "",
        "framesOnHit": "",
        "framesOnBlock": "",
        "vTriggerCancelHit": "",
        "vTriggerCancelBlock": "",
        "moveProperties": "Mid",
        "moveType": "Normal Moves"
      }
    },
    "Special Moves": {
      "Cryo Drop Elbow": {
        "moveCommand": "Forward Fierce",
        "startUpFrames": "22",
        "activeFrames": "3",
        "recoveryFrames": "19",
        "framesOnHit": "1(*D)",
        "framesOnBlock": "-8",
        "vTriggerCancelHit": "",
        "vTriggerCancelBlock": "",
        "moveProperties": "Mid",
        "moveType": "Special Moves"
      },
      "Pyro Quarrel Kick": {
        "moveCommand": "Forward Roundhouse",
        "startUpFrames": "15",
        "activeFrames": "4",
        "recoveryFrames": "21(*127)",
        "framesOnHit": "4(*2D)",
        "framesOnBlock": "-6",
        "vTriggerCancelHit": "16(*2D)",
        "vTriggerCancelBlock": "12",
        "moveProperties": "High",
        "moveType": "Special Moves"
      },
      "Cryo Rise Kick": {
        "moveCommand": "Back Roundhouse",
        "startUpFrames": "9",
        "activeFrames": "4",
        "recoveryFrames": "21",
        "framesOnHit": "3(*13)",
        "framesOnBlock": "-7",
        "vTriggerCancelHit": "20(*D)",
        "vTriggerCancelBlock": "10",
        "moveProperties": "High",
        "moveType": "Special Moves"
      },
      "Guilty Straight": {
        "moveCommand": "",
        "startUpFrames": "7",
        "activeFrames": "3",
        "recoveryFrames": "20",
        "framesOnHit": "-2",
        "framesOnBlock": "-5",
        "vTriggerCancelHit": "14",
        "vTriggerCancelBlock": "11",
        "moveProperties": "High",
        "moveType": "Special Moves"
      },
      "Penalty Break": {
        "moveCommand": "",
        "startUpFrames": "7",
        "activeFrames": "3",
        "recoveryFrames": "17",
        "framesOnHit": "-3",
        "framesOnBlock": "-8",
        "vTriggerCancelHit": "6",
        "vTriggerCancelBlock": "1",
        "moveProperties": "Low",
        "moveType": "Special Moves"
      },
      "L Pyrokinesis": {
        "moveCommand": "",
        "startUpFrames": "14",
        "activeFrames": "",
        "recoveryFrames": "49 total frames",
        "framesOnHit": "-2",
        "framesOnBlock": "-6",
        "vTriggerCancelHit": "",
        "vTriggerCancelBlock": "",
        "moveProperties": "High",
        "moveType": "Special Moves"
      },
      "M Pyrokinesis": {
        "moveCommand": "",
        "startUpFrames": "14",
        "activeFrames": "",
        "recoveryFrames": "49 total frames",
        "framesOnHit": "-2",
        "framesOnBlock": "-6",
        "vTriggerCancelHit": "",
        "vTriggerCancelBlock": "",
        "moveProperties": "High",
        "moveType": "Special Moves"
      },
      "H Pyrokinesis": {
        "moveCommand": "",
        "startUpFrames": "14",
        "activeFrames": "",
        "recoveryFrames": "49 total frames",
        "framesOnHit": "",
        "framesOnBlock": "",
        "vTriggerCancelHit": "",
        "vTriggerCancelBlock": "",
        "moveProperties": "High",
        "moveType": "Special Moves"
      },
      "EX Pyrokinesis L": {
        "moveCommand": "",
        "startUpFrames": "14",
        "activeFrames": "",
        "recoveryFrames": "45 total frames",
        "framesOnHit": "2",
        "framesOnBlock": "1",
        "vTriggerCancelHit": "27",
        "vTriggerCancelBlock": "26",
        "moveProperties": "High",
        "moveType": "Special Moves"
      },
      "EX Pyrokinesis M": {
        "moveCommand": "",
        "startUpFrames": "14",
        "activeFrames": "",
        "recoveryFrames": "45 total frames",
        "framesOnHit": "2",
        "framesOnBlock": "1",
        "vTriggerCancelHit": "27",
        "vTriggerCancelBlock": "26",
        "moveProperties": "High",
        "moveType": "Special Moves"
      },
      "EX Pyrokinesis H": {
        "moveCommand": "",
        "startUpFrames": "14",
        "activeFrames": "",
        "recoveryFrames": "43 total frames",
        "framesOnHit": "",
        "framesOnBlock": "",
        "vTriggerCancelHit": "",
        "vTriggerCancelBlock": "",
        "moveProperties": "High",
        "moveType": "Special Moves"
      },
      "L Cryokinesis": {
        "moveCommand": "",
        "startUpFrames": "22",
        "activeFrames": "",
        "recoveryFrames": "51 total frames",
        "framesOnHit": "1",
        "framesOnBlock": "-4",
        "vTriggerCancelHit": "",
        "vTriggerCancelBlock": "",
        "moveProperties": "High",
        "moveType": "Special Moves"
      },
      "M Cryokinesis": {
        "moveCommand": "",
        "startUpFrames": "22",
        "activeFrames": "",
        "recoveryFrames": "51 total frames",
        "framesOnHit": "1",
        "framesOnBlock": "-4",
        "vTriggerCancelHit": "",
        "vTriggerCancelBlock": "",
        "moveProperties": "High",
        "moveType": "Special Moves"
      },
      "H Cryokinesis": {
        "moveCommand": "",
        "startUpFrames": "22",
        "activeFrames": "",
        "recoveryFrames": "51 total frames",
        "framesOnHit": "",
        "framesOnBlock": "",
        "vTriggerCancelHit": "",
        "vTriggerCancelBlock": "",
        "moveProperties": "High",
        "moveType": "Special Moves"
      },
      "EX Cryokinesis L": {
        "moveCommand": "",
        "startUpFrames": "22",
        "activeFrames": "",
        "recoveryFrames": "51 total frames",
        "framesOnHit": "2",
        "framesOnBlock": "3",
        "vTriggerCancelHit": "25",
        "vTriggerCancelBlock": "26",
        "moveProperties": "High",
        "moveType": "Special Moves"
      },
      "EX Cryokinesis M": {
        "moveCommand": "",
        "startUpFrames": "22",
        "activeFrames": "",
        "recoveryFrames": "51 total frames",
        "framesOnHit": "2",
        "framesOnBlock": "3",
        "vTriggerCancelHit": "25",
        "vTriggerCancelBlock": "26",
        "moveProperties": "High",
        "moveType": "Special Moves"
      },
      "EX Cryokinesis H": {
        "moveCommand": "",
        "startUpFrames": "22",
        "activeFrames": "",
        "recoveryFrames": "51 total frames",
        "framesOnHit": "",
        "framesOnBlock": "",
        "vTriggerCancelHit": "",
        "vTriggerCancelBlock": "",
        "moveProperties": "High",
        "moveType": "Special Moves"
      },
      "V-L Cryokinesis": {
        "moveCommand": "",
        "startUpFrames": "22",
        "activeFrames": "",
        "recoveryFrames": "47 total frames(*51)",
        "framesOnHit": "6(*2)",
        "framesOnBlock": "1(*-3)",
        "vTriggerCancelHit": "",
        "vTriggerCancelBlock": "",
        "moveProperties": "High",
        "moveType": "Special Moves"
      },
      "V-M Cryokinesis": {
        "moveCommand": "",
        "startUpFrames": "22",
        "activeFrames": "",
        "recoveryFrames": "47 total frames(*51)",
        "framesOnHit": "6(*2)",
        "framesOnBlock": "1(*-3)",
        "vTriggerCancelHit": "",
        "vTriggerCancelBlock": "",
        "moveProperties": "High",
        "moveType": "Special Moves"
      },
      "V-H Cryokinesis": {
        "moveCommand": "",
        "startUpFrames": "22",
        "activeFrames": "",
        "recoveryFrames": "47 total frames(*51)",
        "framesOnHit": "",
        "framesOnBlock": "",
        "vTriggerCancelHit": "",
        "vTriggerCancelBlock": "",
        "moveProperties": "High",
        "moveType": "Special Moves"
      },
      "L Pyro Cyber Lariat": {
        "moveCommand": "",
        "startUpFrames": "12(*9)",
        "activeFrames": "4",
        "recoveryFrames": "20",
        "framesOnHit": "D",
        "framesOnBlock": "-6",
        "vTriggerCancelHit": "",
        "vTriggerCancelBlock": "",
        "moveProperties": "High",
        "moveType": "Special Moves"
      },
      "M Pyro Cyber Lariat": {
        "moveCommand": "",
        "startUpFrames": "22(*15)",
        "activeFrames": "4",
        "recoveryFrames": "20",
        "framesOnHit": "D",
        "framesOnBlock": "-6",
        "vTriggerCancelHit": "",
        "vTriggerCancelBlock": "",
        "moveProperties": "High",
        "moveType": "Special Moves"
      },
      "H Pyro Cyber Lariat": {
        "moveCommand": "",
        "startUpFrames": "31(*21)",
        "activeFrames": "4",
        "recoveryFrames": "20",
        "framesOnHit": "D",
        "framesOnBlock": "-6",
        "vTriggerCancelHit": "",
        "vTriggerCancelBlock": "",
        "moveProperties": "High",
        "moveType": "Special Moves"
      },
      "EX Pyro Cyber Lariat": {
        "moveCommand": "",
        "startUpFrames": "22(*12)",
        "activeFrames": "4",
        "recoveryFrames": "22",
        "framesOnHit": "D",
        "framesOnBlock": "-12",
        "vTriggerCancelHit": "",
        "vTriggerCancelBlock": "",
        "moveProperties": "High",
        "moveType": "Special Moves"
      },
      "L Cryo Cyber Lariat": {
        "moveCommand": "",
        "startUpFrames": "12(*9)",
        "activeFrames": "4",
        "recoveryFrames": "20",
        "framesOnHit": "D",
        "framesOnBlock": "-6",
        "vTriggerCancelHit": "",
        "vTriggerCancelBlock": "",
        "moveProperties": "High",
        "moveType": "Special Moves"
      },
      "M Cryo Cyber Lariat": {
        "moveCommand": "",
        "startUpFrames": "22(*15)",
        "activeFrames": "4",
        "recoveryFrames": "20",
        "framesOnHit": "D",
        "framesOnBlock": "-6",
        "vTriggerCancelHit": "",
        "vTriggerCancelBlock": "",
        "moveProperties": "High",
        "moveType": "Special Moves"
      },
      "H Cryo Cyber Lariat": {
        "moveCommand": "",
        "startUpFrames": "31(*21)",
        "activeFrames": "4",
        "recoveryFrames": "20",
        "framesOnHit": "D",
        "framesOnBlock": "-6",
        "vTriggerCancelHit": "",
        "vTriggerCancelBlock": "",
        "moveProperties": "High",
        "moveType": "Special Moves"
      },
      "EX Cryo Cyber Lariat": {
        "moveCommand": "",
        "startUpFrames": "22(*12)",
        "activeFrames": "4",
        "recoveryFrames": "22",
        "framesOnHit": "D",
        "framesOnBlock": "-12",
        "vTriggerCancelHit": "",
        "vTriggerCancelBlock": "",
        "moveProperties": "High",
        "moveType": "Special Moves"
      },
      "V-L Cryo Cyber Lariat": {
        "moveCommand": "",
        "startUpFrames": "12(*9)",
        "activeFrames": "4",
        "recoveryFrames": "20",
        "framesOnHit": "D",
        "framesOnBlock": "-6",
        "vTriggerCancelHit": "",
        "vTriggerCancelBlock": "",
        "moveProperties": "High",
        "moveType": "Special Moves"
      },
      "V-M Cryo Cyber Lariat": {
        "moveCommand": "",
        "startUpFrames": "22(*15)",
        "activeFrames": "4",
        "recoveryFrames": "20",
        "framesOnHit": "D",
        "framesOnBlock": "-6",
        "vTriggerCancelHit": "",
        "vTriggerCancelBlock": "",
        "moveProperties": "High",
        "moveType": "Special Moves"
      },
      "V-H Cryo Cyber Lariat": {
        "moveCommand": "",
        "startUpFrames": "31(*21)",
        "activeFrames": "4",
        "recoveryFrames": "20",
        "framesOnHit": "D",
        "framesOnBlock": "-6",
        "vTriggerCancelHit": "",
        "vTriggerCancelBlock": "",
        "moveProperties": "High",
        "moveType": "Special Moves"
      },
      "L Moonsault Knee Drop": {
        "moveCommand": "",
        "startUpFrames": "33",
        "activeFrames": "5",
        "recoveryFrames": "11 frame(s) after landing",
        "framesOnHit": "D",
        "framesOnBlock": "-2",
        "vTriggerCancelHit": "",
        "vTriggerCancelBlock": "",
        "moveProperties": "Mid",
        "moveType": "Special Moves"
      },
      "M Moonsault Knee Drop": {
        "moveCommand": "",
        "startUpFrames": "35",
        "activeFrames": "5",
        "recoveryFrames": "11 frame(s) after landing",
        "framesOnHit": "D",
        "framesOnBlock": "-2",
        "vTriggerCancelHit": "",
        "vTriggerCancelBlock": "",
        "moveProperties": "Mid",
        "moveType": "Special Moves"
      },
      "H Moonsault Knee Drop": {
        "moveCommand": "",
        "startUpFrames": "37",
        "activeFrames": "3",
        "recoveryFrames": "11 frame(s) after landing",
        "framesOnHit": "D",
        "framesOnBlock": "-2",
        "vTriggerCancelHit": "",
        "vTriggerCancelBlock": "",
        "moveProperties": "Mid",
        "moveType": "Special Moves"
      },
      "EX Moonsault Knee Drop": {
        "moveCommand": "",
        "startUpFrames": "10",
        "activeFrames": "14",
        "recoveryFrames": "10 frame(s) after landing",
        "framesOnHit": "D",
        "framesOnBlock": "-2",
        "vTriggerCancelHit": "",
        "vTriggerCancelBlock": "",
        "moveProperties": "Mid",
        "moveType": "Special Moves"
      },
      "V-Tree Of Frost": {
        "moveCommand": "",
        "startUpFrames": "22",
        "activeFrames": "10",
        "recoveryFrames": "23",
        "framesOnHit": "D",
        "framesOnBlock": "-10",
        "vTriggerCancelHit": "",
        "vTriggerCancelBlock": "",
        "moveProperties": "High",
        "moveType": "Special Moves"
      },
      "V-Delay Freeze Lance": {
        "moveCommand": "",
        "startUpFrames": "50",
        "activeFrames": "",
        "recoveryFrames": "58 total frames",
        "framesOnHit": "58",
        "framesOnBlock": "",
        "vTriggerCancelHit": "",
        "vTriggerCancelBlock": "",
        "moveProperties": "High",
        "moveType": "Special Moves"
      },
      "V-L Pyrokinesis": {
        "moveCommand": "",
        "startUpFrames": "14",
        "activeFrames": "",
        "recoveryFrames": "49 total frames",
        "framesOnHit": "0",
        "framesOnBlock": "-4",
        "vTriggerCancelHit": "",
        "vTriggerCancelBlock": "",
        "moveProperties": "High",
        "moveType": "Special Moves"
      },
      "V-M Pyrokinesis": {
        "moveCommand": "",
        "startUpFrames": "14",
        "activeFrames": "",
        "recoveryFrames": "49 total frames",
        "framesOnHit": "0",
        "framesOnBlock": "-4",
        "vTriggerCancelHit": "",
        "vTriggerCancelBlock": "",
        "moveProperties": "High",
        "moveType": "Special Moves"
      },
      "V-H Pyrokinesis": {
        "moveCommand": "",
        "startUpFrames": "14",
        "activeFrames": "",
        "recoveryFrames": "49 total frames",
        "framesOnHit": "",
        "framesOnBlock": "",
        "vTriggerCancelHit": "",
        "vTriggerCancelBlock": "",
        "moveProperties": "High",
        "moveType": "Special Moves"
      },
      "V-L Pyro Cyber Lariat": {
        "moveCommand": "",
        "startUpFrames": "12(*9)",
        "activeFrames": "4",
        "recoveryFrames": "20",
        "framesOnHit": "D",
        "framesOnBlock": "-6",
        "vTriggerCancelHit": "",
        "vTriggerCancelBlock": "",
        "moveProperties": "High",
        "moveType": "Special Moves"
      },
      "V-M Pyro Cyber Lariat": {
        "moveCommand": "",
        "startUpFrames": "22(*15)",
        "activeFrames": "4",
        "recoveryFrames": "20",
        "framesOnHit": "D",
        "framesOnBlock": "-6",
        "vTriggerCancelHit": "",
        "vTriggerCancelBlock": "",
        "moveProperties": "High",
        "moveType": "Special Moves"
      },
      "V-H Pyro Cyber Lariat": {
        "moveCommand": "",
        "startUpFrames": "31(*21)",
        "activeFrames": "4",
        "recoveryFrames": "20",
        "framesOnHit": "D",
        "framesOnBlock": "-6",
        "vTriggerCancelHit": "",
        "vTriggerCancelBlock": "",
        "moveProperties": "High",
        "moveType": "Special Moves"
      },
      "V-Burn Storm": {
        "moveCommand": "",
        "startUpFrames": "12",
        "activeFrames": "14",
        "recoveryFrames": "17",
        "framesOnHit": "D",
        "framesOnBlock": "-9",
        "vTriggerCancelHit": "",
        "vTriggerCancelBlock": "",
        "moveProperties": "High",
        "moveType": "Special Moves"
      },
      "V-Flame Javelin": {
        "moveCommand": "",
        "startUpFrames": "22",
        "activeFrames": "",
        "recoveryFrames": "62 total frames",
        "framesOnHit": "D",
        "framesOnBlock": "-2",
        "vTriggerCancelHit": "",
        "vTriggerCancelBlock": "",
        "moveProperties": "High",
        "moveType": "Special Moves"
      },
      "V-Volcanic Storm": {
        "moveCommand": "",
        "startUpFrames": "19",
        "activeFrames": "",
        "recoveryFrames": "62 total frames",
        "framesOnHit": "D",
        "framesOnBlock": "-4",
        "vTriggerCancelHit": "",
        "vTriggerCancelBlock": "",
        "moveProperties": "High",
        "moveType": "Special Moves"
      }
    },
    "Critical Art": {
      "Seraphic Wing": {
        "moveCommand": "",
        "startUpFrames": "5",
        "activeFrames": "29",
        "recoveryFrames": "39",
        "framesOnHit": "D",
        "framesOnBlock": "-32",
        "vTriggerCancelHit": "",
        "vTriggerCancelBlock": "",
        "moveProperties": "High",
        "moveType": "Critical Art"
      }
    },
    "V-System": {
      "[VS1] Hail Sting": {
        "moveCommand": "",
        "startUpFrames": "44",
        "activeFrames": "Until landing",
        "recoveryFrames": "53 total frames",
        "framesOnHit": "",
        "framesOnBlock": "",
        "vTriggerCancelHit": "",
        "vTriggerCancelBlock": "",
        "moveProperties": "High",
        "moveType": "V-System"
      },
      "V[VS1] Hail Sting": {
        "moveCommand": "",
        "startUpFrames": "44",
        "activeFrames": "Until landing",
        "recoveryFrames": "53 total frames",
        "framesOnHit": "",
        "framesOnBlock": "",
        "vTriggerCancelHit": "",
        "vTriggerCancelBlock": "",
        "moveProperties": "High",
        "moveType": "V-System"
      },
      "[VS2] Blocking (Standing)": {
        "moveCommand": "",
        "startUpFrames": "2",
        "activeFrames": "9",
        "recoveryFrames": "30",
        "framesOnHit": "",
        "framesOnBlock": "",
        "vTriggerCancelHit": "",
        "vTriggerCancelBlock": "",
        "moveProperties": "",
        "moveType": "V-System"
      },
      "[VS2] Blocking (Crouching)": {
        "moveCommand": "",
        "startUpFrames": "2",
        "activeFrames": "9",
        "recoveryFrames": "30",
        "framesOnHit": "",
        "framesOnBlock": "",
        "vTriggerCancelHit": "",
        "vTriggerCancelBlock": "",
        "moveProperties": "",
        "moveType": "V-System"
      },
      "Ice Of Doom": {
        "moveCommand": "",
        "startUpFrames": "1",
        "activeFrames": "",
        "recoveryFrames": "5",
        "framesOnHit": "",
        "framesOnBlock": "",
        "vTriggerCancelHit": "",
        "vTriggerCancelBlock": "",
        "moveProperties": "",
        "moveType": "V-System"
      },
      "Pryo Reverse Kick": {
        "moveCommand": "",
        "startUpFrames": "17",
        "activeFrames": "2",
        "recoveryFrames": "24",
        "framesOnHit": "D",
        "framesOnBlock": "-2",
        "vTriggerCancelHit": "",
        "vTriggerCancelBlock": "",
        "moveProperties": "High",
        "moveType": "V-System"
      },
      "[VS1] Meteor Strike": {
        "moveCommand": "",
        "startUpFrames": "44",
        "activeFrames": "Until landing",
        "recoveryFrames": "53 total frames",
        "framesOnHit": "",
        "framesOnBlock": "",
        "vTriggerCancelHit": "",
        "vTriggerCancelBlock": "",
        "moveProperties": "High",
        "moveType": "V-System"
      },
      "V[VS1] Meteor Strike": {
        "moveCommand": "",
        "startUpFrames": "44",
        "activeFrames": "Until landing",
        "recoveryFrames": "53 total frames",
        "framesOnHit": "",
        "framesOnBlock": "",
        "vTriggerCancelHit": "",
        "vTriggerCancelBlock": "",
        "moveProperties": "High",
        "moveType": "V-System"
      },
      "Primal Fire": {
        "moveCommand": "",
        "startUpFrames": "1",
        "activeFrames": "",
        "recoveryFrames": "5",
        "framesOnHit": "",
        "framesOnBlock": "",
        "vTriggerCancelHit": "",
        "vTriggerCancelBlock": "",
        "moveProperties": "",
        "moveType": "V-System"
      }
    },
    "Normal Throws": {
      "Impact Claw": {
        "moveCommand": "",
        "startUpFrames": "5",
        "activeFrames": "3",
        "recoveryFrames": "17",
        "framesOnHit": "",
        "framesOnBlock": "",
        "vTriggerCancelHit": "",
        "vTriggerCancelBlock": "",
        "moveProperties": "Throw",
        "moveType": "Normal Throws"
      },
      "Guilty Bomb": {
        "moveCommand": "",
        "startUpFrames": "5",
        "activeFrames": "3",
        "recoveryFrames": "17",
        "framesOnHit": "",
        "framesOnBlock": "",
        "vTriggerCancelHit": "",
        "vTriggerCancelBlock": "",
        "moveProperties": "Throw",
        "moveType": "Normal Throws"
      }
    }
  }
}
