{
  "Guile": {
    "DP": "Somersault Kick",
    "Fireball": "Sonic Boom",
    "Normal Moves": {
      "Standing LP": {
        "moveCommand": "",
        "startUpFrames": "4",
        "activeFrames": "2",
        "recoveryFrames": "8",
        "framesOnHit": "4",
        "framesOnBlock": "3",
        "vTriggerCancelHit": "6",
        "vTriggerCancelBlock": "5",
        "moveProperties": "High",
        "moveType": "Normal Moves"
      },
      "Standing MP": {
        "moveCommand": "",
        "startUpFrames": "6",
        "activeFrames": "3",
        "recoveryFrames": "13",
        "framesOnHit": "6",
        "framesOnBlock": "2",
        "vTriggerCancelHit": "14",
        "vTriggerCancelBlock": "10",
        "moveProperties": "High",
        "moveType": "Normal Moves"
      },
      "Standing HP": {
        "moveCommand": "",
        "startUpFrames": "8",
        "activeFrames": "3",
        "recoveryFrames": "18",
        "framesOnHit": "7",
        "framesOnBlock": "-4",
        "vTriggerCancelHit": "20",
        "vTriggerCancelBlock": "9",
        "moveProperties": "High",
        "moveType": "Normal Moves"
      },
      "Standing LK": {
        "moveCommand": "",
        "startUpFrames": "4",
        "activeFrames": "3",
        "recoveryFrames": "9",
        "framesOnHit": "4",
        "framesOnBlock": "2",
        "vTriggerCancelHit": "8",
        "vTriggerCancelBlock": "6",
        "moveProperties": "High",
        "moveType": "Normal Moves"
      },
      "Standing MK": {
        "moveCommand": "",
        "startUpFrames": "7",
        "activeFrames": "3",
        "recoveryFrames": "15",
        "framesOnHit": "3",
        "framesOnBlock": "-1",
        "vTriggerCancelHit": "13",
        "vTriggerCancelBlock": "9",
        "moveProperties": "High",
        "moveType": "Normal Moves"
      },
      "Standing HK": {
        "moveCommand": "",
        "startUpFrames": "14",
        "activeFrames": "3",
        "recoveryFrames": "18",
        "framesOnHit": "2",
        "framesOnBlock": "-3",
        "vTriggerCancelHit": "15",
        "vTriggerCancelBlock": "10",
        "moveProperties": "High",
        "moveType": "Normal Moves"
      },
      "Crouching LP": {
        "moveCommand": "",
        "startUpFrames": "4",
        "activeFrames": "3",
        "recoveryFrames": "7",
        "framesOnHit": "4",
        "framesOnBlock": "2",
        "vTriggerCancelHit": "6",
        "vTriggerCancelBlock": "4",
        "moveProperties": "High",
        "moveType": "Normal Moves"
      },
      "Crouching MP": {
        "moveCommand": "",
        "startUpFrames": "6",
        "activeFrames": "2",
        "recoveryFrames": "13",
        "framesOnHit": "3",
        "framesOnBlock": "1",
        "vTriggerCancelHit": "10",
        "vTriggerCancelBlock": "8",
        "moveProperties": "High",
        "moveType": "Normal Moves"
      },
      "Crouching HP": {
        "moveCommand": "",
        "startUpFrames": "9",
        "activeFrames": "5",
        "recoveryFrames": "16",
        "framesOnHit": "2",
        "framesOnBlock": "-4",
        "vTriggerCancelHit": "15",
        "vTriggerCancelBlock": "9",
        "moveProperties": "High",
        "moveType": "Normal Moves"
      },
      "Crouching LK": {
        "moveCommand": "",
        "startUpFrames": "4",
        "activeFrames": "3",
        "recoveryFrames": "8",
        "framesOnHit": "2",
        "framesOnBlock": "0",
        "vTriggerCancelHit": "5",
        "vTriggerCancelBlock": "3",
        "moveProperties": "Low",
        "moveType": "Normal Moves"
      },
      "Crouching MK": {
        "moveCommand": "",
        "startUpFrames": "7",
        "activeFrames": "2",
        "recoveryFrames": "15",
        "framesOnHit": "2",
        "framesOnBlock": "-4",
        "vTriggerCancelHit": "11",
        "vTriggerCancelBlock": "5",
        "moveProperties": "Low",
        "moveType": "Normal Moves"
      },
      "Crouching HK": {
        "moveCommand": "",
        "startUpFrames": "7",
        "activeFrames": "5",
        "recoveryFrames": "20",
        "framesOnHit": "D",
        "framesOnBlock": "-13",
        "vTriggerCancelHit": "D",
        "vTriggerCancelBlock": "12",
        "moveProperties": "Low",
        "moveType": "Normal Moves"
      },
      "Jumping LP": {
        "moveCommand": "",
        "startUpFrames": "4",
        "activeFrames": "5",
        "recoveryFrames": "",
        "framesOnHit": "",
        "framesOnBlock": "",
        "vTriggerCancelHit": "",
        "vTriggerCancelBlock": "",
        "moveProperties": "Mid",
        "moveType": "Normal Moves"
      },
      "Jumping MP": {
        "moveCommand": "",
        "startUpFrames": "5",
        "activeFrames": "5",
        "recoveryFrames": "",
        "framesOnHit": "",
        "framesOnBlock": "",
        "vTriggerCancelHit": "",
        "vTriggerCancelBlock": "",
        "moveProperties": "Mid",
        "moveType": "Normal Moves"
      },
      "Jumping HP": {
        "moveCommand": "",
        "startUpFrames": "8",
        "activeFrames": "5",
        "recoveryFrames": "",
        "framesOnHit": "",
        "framesOnBlock": "",
        "vTriggerCancelHit": "",
        "vTriggerCancelBlock": "",
        "moveProperties": "Mid",
        "moveType": "Normal Moves"
      },
      "Jumping LK": {
        "moveCommand": "",
        "startUpFrames": "4",
        "activeFrames": "5",
        "recoveryFrames": "",
        "framesOnHit": "",
        "framesOnBlock": "",
        "vTriggerCancelHit": "",
        "vTriggerCancelBlock": "",
        "moveProperties": "Mid",
        "moveType": "Normal Moves"
      },
      "Jumping MK": {
        "moveCommand": "",
        "startUpFrames": "7",
        "activeFrames": "5",
        "recoveryFrames": "",
        "framesOnHit": "",
        "framesOnBlock": "",
        "vTriggerCancelHit": "",
        "vTriggerCancelBlock": "",
        "moveProperties": "Mid",
        "moveType": "Normal Moves"
      },
      "Jumping HK": {
        "moveCommand": "",
        "startUpFrames": "10",
        "activeFrames": "5",
        "recoveryFrames": "",
        "framesOnHit": "",
        "framesOnBlock": "",
        "vTriggerCancelHit": "",
        "vTriggerCancelBlock": "",
        "moveProperties": "Mid",
        "moveType": "Normal Moves"
      }
    },
    "Special Moves": {
      "Knee Bazooka": {
        "moveCommand": "Back or Forward Short",
        "startUpFrames": "8",
        "activeFrames": "5",
        "recoveryFrames": "20",
        "framesOnHit": "-1",
        "framesOnBlock": "-3",
        "vTriggerCancelHit": "",
        "vTriggerCancelBlock": "",
        "moveProperties": "High",
        "moveType": "Special Moves"
      },
      "Rolling Sobat": {
        "moveCommand": "Back or Forward Forward",
        "startUpFrames": "12",
        "activeFrames": "2",
        "recoveryFrames": "17(*20)",
        "framesOnHit": "2",
        "framesOnBlock": "-2",
        "vTriggerCancelHit": "",
        "vTriggerCancelBlock": "",
        "moveProperties": "High",
        "moveType": "Special Moves"
      },
      "Reverse Spin Kick": {
        "moveCommand": "Forward Roundhouse",
        "startUpFrames": "16",
        "activeFrames": "3",
        "recoveryFrames": "18",
        "framesOnHit": "4",
        "framesOnBlock": "-2",
        "vTriggerCancelHit": "",
        "vTriggerCancelBlock": "",
        "moveProperties": "High",
        "moveType": "Special Moves"
      },
      "Burn Straight": {
        "moveCommand": "Back Fierce",
        "startUpFrames": "8",
        "activeFrames": "3",
        "recoveryFrames": "20",
        "framesOnHit": "2",
        "framesOnBlock": "-1",
        "vTriggerCancelHit": "17",
        "vTriggerCancelBlock": "14",
        "moveProperties": "High",
        "moveType": "Special Moves"
      },
      "Spinning Back Knuckle": {
        "moveCommand": "Forward Fierce",
        "startUpFrames": "11",
        "activeFrames": "3",
        "recoveryFrames": "16",
        "framesOnHit": "4",
        "framesOnBlock": "-1",
        "vTriggerCancelHit": "15",
        "vTriggerCancelBlock": "10",
        "moveProperties": "High",
        "moveType": "Special Moves"
      },
      "Full Bullet Magnum": {
        "moveCommand": "Forward Strong",
        "startUpFrames": "21",
        "activeFrames": "2",
        "recoveryFrames": "19",
        "framesOnHit": "1",
        "framesOnBlock": "-7",
        "vTriggerCancelHit": "",
        "vTriggerCancelBlock": "",
        "moveProperties": "Mid",
        "moveType": "Special Moves"
      },
      "Guile High Kick": {
        "moveCommand": "Down forward Roundhouse",
        "startUpFrames": "11",
        "activeFrames": "2",
        "recoveryFrames": "25",
        "framesOnHit": "D",
        "framesOnBlock": "-3",
        "vTriggerCancelHit": "",
        "vTriggerCancelBlock": "",
        "moveProperties": "High",
        "moveType": "Special Moves"
      },
      "Drake Fang": {
        "moveCommand": "",
        "startUpFrames": "16",
        "activeFrames": "4",
        "recoveryFrames": "21",
        "framesOnHit": "1",
        "framesOnBlock": "-7",
        "vTriggerCancelHit": "",
        "vTriggerCancelBlock": "",
        "moveProperties": "Mid",
        "moveType": "Special Moves"
      },
      "Tall Edge": {
        "moveCommand": "",
        "startUpFrames": "6",
        "activeFrames": "3",
        "recoveryFrames": "17",
        "framesOnHit": "1",
        "framesOnBlock": "-8",
        "vTriggerCancelHit": "13",
        "vTriggerCancelBlock": "4",
        "moveProperties": "High",
        "moveType": "Special Moves"
      },
      "Bullet Revolver": {
        "moveCommand": "",
        "startUpFrames": "10",
        "activeFrames": "3",
        "recoveryFrames": "22",
        "framesOnHit": "D",
        "framesOnBlock": "-8",
        "vTriggerCancelHit": "D",
        "vTriggerCancelBlock": "9",
        "moveProperties": "High",
        "moveType": "Special Moves"
      },
      "Swing Out": {
        "moveCommand": "",
        "startUpFrames": "10",
        "activeFrames": "3",
        "recoveryFrames": "22",
        "framesOnHit": "D",
        "framesOnBlock": "-8",
        "vTriggerCancelHit": "D",
        "vTriggerCancelBlock": "9",
        "moveProperties": "High",
        "moveType": "Special Moves"
      },
      "Taurus Combination": {
        "moveCommand": "",
        "startUpFrames": "7",
        "activeFrames": "3",
        "recoveryFrames": "15",
        "framesOnHit": "D",
        "framesOnBlock": "-4",
        "vTriggerCancelHit": "D",
        "vTriggerCancelBlock": "6",
        "moveProperties": "High",
        "moveType": "Special Moves"
      },
      "Sonic Boom": {
        "moveCommand": "",
        "startUpFrames": "10",
        "activeFrames": "",
        "recoveryFrames": "40 total frames",
        "framesOnHit": "7",
        "framesOnBlock": "2",
        "vTriggerCancelHit": "28",
        "vTriggerCancelBlock": "23",
        "moveProperties": "High",
        "moveType": "Special Moves"
      },
      "V-Sonic Break (1st Projectile)": {
        "moveCommand": "",
        "startUpFrames": "10",
        "activeFrames": "",
        "recoveryFrames": "36 total frames",
        "framesOnHit": "5",
        "framesOnBlock": "1",
        "vTriggerCancelHit": "",
        "vTriggerCancelBlock": "",
        "moveProperties": "High",
        "moveType": "Special Moves"
      },
      "V-Sonic Break (additional projectiles)": {
        "moveCommand": "",
        "startUpFrames": "10",
        "activeFrames": "",
        "recoveryFrames": "36 total frames",
        "framesOnHit": "5",
        "framesOnBlock": "1",
        "vTriggerCancelHit": "",
        "vTriggerCancelBlock": "",
        "moveProperties": "High",
        "moveType": "Special Moves"
      },
      "EX Sonic Boom": {
        "moveCommand": "",
        "startUpFrames": "10",
        "activeFrames": "",
        "recoveryFrames": "36 total frames",
        "framesOnHit": "D",
        "framesOnBlock": "4",
        "vTriggerCancelHit": "D",
        "vTriggerCancelBlock": "23",
        "moveProperties": "High",
        "moveType": "Special Moves"
      },
      "V-EX Sonic Break": {
        "moveCommand": "",
        "startUpFrames": "10",
        "activeFrames": "",
        "recoveryFrames": "36 total frames",
        "framesOnHit": "D",
        "framesOnBlock": "11",
        "vTriggerCancelHit": "",
        "vTriggerCancelBlock": "",
        "moveProperties": "High",
        "moveType": "Special Moves"
      },
      "Sonic Cross": {
        "moveCommand": "",
        "startUpFrames": "10(*46)",
        "activeFrames": "",
        "recoveryFrames": "33 total frames",
        "framesOnHit": "D",
        "framesOnBlock": "",
        "vTriggerCancelHit": "",
        "vTriggerCancelBlock": "",
        "moveProperties": "High",
        "moveType": "Special Moves"
      },
      "EX Sonic Cross": {
        "moveCommand": "",
        "startUpFrames": "10(*46)",
        "activeFrames": "",
        "recoveryFrames": "31 total frames",
        "framesOnHit": "D",
        "framesOnBlock": "",
        "vTriggerCancelHit": "",
        "vTriggerCancelBlock": "",
        "moveProperties": "High",
        "moveType": "Special Moves"
      },
      "L Somersault Kick": {
        "moveCommand": "",
        "startUpFrames": "4",
        "activeFrames": "12",
        "recoveryFrames": "23+13 frame(s) after landing",
        "framesOnHit": "D",
        "framesOnBlock": "-28",
        "vTriggerCancelHit": "",
        "vTriggerCancelBlock": "",
        "moveProperties": "High",
        "moveType": "Special Moves"
      },
      "M Somersault Kick": {
        "moveCommand": "",
        "startUpFrames": "5",
        "activeFrames": "12",
        "recoveryFrames": "23+13 frame(s) after landing",
        "framesOnHit": "D",
        "framesOnBlock": "-28",
        "vTriggerCancelHit": "",
        "vTriggerCancelBlock": "",
        "moveProperties": "High",
        "moveType": "Special Moves"
      },
      "H Somersault Kick": {
        "moveCommand": "",
        "startUpFrames": "6",
        "activeFrames": "12",
        "recoveryFrames": "25+13 frame(s) after landing",
        "framesOnHit": "D",
        "framesOnBlock": "-30",
        "vTriggerCancelHit": "",
        "vTriggerCancelBlock": "",
        "moveProperties": "High",
        "moveType": "Special Moves"
      },
      "EX Somersault Kick": {
        "moveCommand": "",
        "startUpFrames": "4",
        "activeFrames": "12",
        "recoveryFrames": "27+17 frame(s) after landing",
        "framesOnHit": "D",
        "framesOnBlock": "-36",
        "vTriggerCancelHit": "",
        "vTriggerCancelBlock": "",
        "moveProperties": "High",
        "moveType": "Special Moves"
      },
      "V-L Somersault Kick": {
        "moveCommand": "",
        "startUpFrames": "4",
        "activeFrames": "12",
        "recoveryFrames": "23+13 frame(s) after landing",
        "framesOnHit": "D",
        "framesOnBlock": "-14",
        "vTriggerCancelHit": "",
        "vTriggerCancelBlock": "",
        "moveProperties": "High",
        "moveType": "Special Moves"
      },
      "V-M Somersault Kick": {
        "moveCommand": "",
        "startUpFrames": "4",
        "activeFrames": "12",
        "recoveryFrames": "23+13 frame(s) after landing",
        "framesOnHit": "D",
        "framesOnBlock": "-14",
        "vTriggerCancelHit": "",
        "vTriggerCancelBlock": "",
        "moveProperties": "High",
        "moveType": "Special Moves"
      },
      "V-H Somersault Kick": {
        "moveCommand": "",
        "startUpFrames": "4",
        "activeFrames": "12",
        "recoveryFrames": "23+13 frame(s) after landing",
        "framesOnHit": "D",
        "framesOnBlock": "-14",
        "vTriggerCancelHit": "",
        "vTriggerCancelBlock": "",
        "moveProperties": "High",
        "moveType": "Special Moves"
      },
      "V-EX Somersault Kick": {
        "moveCommand": "",
        "startUpFrames": "4",
        "activeFrames": "16",
        "recoveryFrames": "29+30 frame(s) after landing",
        "framesOnHit": "D",
        "framesOnBlock": "-45",
        "vTriggerCancelHit": "",
        "vTriggerCancelBlock": "",
        "moveProperties": "High",
        "moveType": "Special Moves"
      }
    },
    "Critical Art": {
      "Sonic Hurricane": {
        "moveCommand": "",
        "startUpFrames": "1+5",
        "activeFrames": "50",
        "recoveryFrames": "104 total frames",
        "framesOnHit": "D",
        "framesOnBlock": "-41",
        "vTriggerCancelHit": "",
        "vTriggerCancelBlock": "",
        "moveProperties": "High",
        "moveType": "Critical Art"
      },
      "V-Sonic Tempest": {
        "moveCommand": "",
        "startUpFrames": "1+5",
        "activeFrames": "50",
        "recoveryFrames": "104 total frames",
        "framesOnHit": "D",
        "framesOnBlock": "5",
        "vTriggerCancelHit": "",
        "vTriggerCancelBlock": "",
        "moveProperties": "High",
        "moveType": "Critical Art"
      }
    },
    "V-System": {
      "[VS1] Sonic Blade": {
        "moveCommand": "",
        "startUpFrames": "18",
        "activeFrames": "42",
        "recoveryFrames": "49 total frames",
        "framesOnHit": "-5",
        "framesOnBlock": "-10",
        "vTriggerCancelHit": "",
        "vTriggerCancelBlock": "",
        "moveProperties": "High",
        "moveType": "V-System"
      },
      "[VS2] Dive Sonic": {
        "moveCommand": "",
        "startUpFrames": "25 (*22)",
        "activeFrames": "",
        "recoveryFrames": "59 total frames (*54)",
        "framesOnHit": "4",
        "framesOnBlock": "-7",
        "vTriggerCancelHit": "",
        "vTriggerCancelBlock": "",
        "moveProperties": "High",
        "moveType": "V-System"
      },
      "Solid Puncher": {
        "moveCommand": "",
        "startUpFrames": "1",
        "activeFrames": "",
        "recoveryFrames": "8",
        "framesOnHit": "",
        "framesOnBlock": "",
        "vTriggerCancelHit": "",
        "vTriggerCancelBlock": "",
        "moveProperties": "",
        "moveType": "V-System"
      },
      "Reverse Back Knuckle": {
        "moveCommand": "",
        "startUpFrames": "17",
        "activeFrames": "2",
        "recoveryFrames": "23",
        "framesOnHit": "D",
        "framesOnBlock": "-2",
        "vTriggerCancelHit": "",
        "vTriggerCancelBlock": "",
        "moveProperties": "High",
        "moveType": "V-System"
      },
      "Knife Edge": {
        "moveCommand": "",
        "startUpFrames": "1",
        "activeFrames": "",
        "recoveryFrames": "9",
        "framesOnHit": "",
        "framesOnBlock": "",
        "vTriggerCancelHit": "",
        "vTriggerCancelBlock": "",
        "moveProperties": "",
        "moveType": "V-System"
      }
    },
    "Normal Throws": {
      "Dragon Suplex": {
        "moveCommand": "",
        "startUpFrames": "5",
        "activeFrames": "3",
        "recoveryFrames": "17",
        "framesOnHit": "D",
        "framesOnBlock": "",
        "vTriggerCancelHit": "",
        "vTriggerCancelBlock": "",
        "moveProperties": "Throw",
        "moveType": "Normal Throws"
      },
      "Judo Throw": {
        "moveCommand": "",
        "startUpFrames": "5",
        "activeFrames": "3",
        "recoveryFrames": "17",
        "framesOnHit": "D",
        "framesOnBlock": "",
        "vTriggerCancelHit": "",
        "vTriggerCancelBlock": "",
        "moveProperties": "Throw",
        "moveType": "Normal Throws"
      },
      "Flying Mare": {
        "moveCommand": "",
        "startUpFrames": "5",
        "activeFrames": "2",
        "recoveryFrames": "6 frame(s) after landing",
        "framesOnHit": "D",
        "framesOnBlock": "",
        "vTriggerCancelHit": "",
        "vTriggerCancelBlock": "",
        "moveProperties": "Throw",
        "moveType": "Normal Throws"
      },
      "Flying Buster Chop": {
        "moveCommand": "",
        "startUpFrames": "5",
        "activeFrames": "2",
        "recoveryFrames": "6 frame(s) after landing",
        "framesOnHit": "D",
        "framesOnBlock": "",
        "vTriggerCancelHit": "",
        "vTriggerCancelBlock": "",
        "moveProperties": "Throw",
        "moveType": "Normal Throws"
      }
    }
  }
}
