{
  "Juri": {
    "DP": "Tensenrin",
    "Fireball": "Fuharenkyaku",
    "Normal Moves": {
      "Standing LP": {
        "moveCommand": "",
        "startUpFrames": "3",
        "activeFrames": "2",
        "recoveryFrames": "7",
        "framesOnHit": "4",
        "framesOnBlock": "2",
        "vTriggerCancelHit": "1",
        "vTriggerCancelBlock": "-1",
        "moveProperties": "High",
        "moveType": "Normal Moves"
      },
      "V-Standing LP": {
        "moveCommand": "",
        "startUpFrames": "3",
        "activeFrames": "2",
        "recoveryFrames": "7",
        "framesOnHit": "4",
        "framesOnBlock": "2",
        "vTriggerCancelHit": "",
        "vTriggerCancelBlock": "",
        "moveProperties": "High",
        "moveType": "Normal Moves"
      },
      "V-Standing LP (Chain Combo)": {
        "moveCommand": "",
        "startUpFrames": "3",
        "activeFrames": "2",
        "recoveryFrames": "7",
        "framesOnHit": "4",
        "framesOnBlock": "2",
        "vTriggerCancelHit": "",
        "vTriggerCancelBlock": "",
        "moveProperties": "High",
        "moveType": "Normal Moves"
      },
      "Standing MP": {
        "moveCommand": "",
        "startUpFrames": "5",
        "activeFrames": "3",
        "recoveryFrames": "11",
        "framesOnHit": "5",
        "framesOnBlock": "2",
        "vTriggerCancelHit": "7",
        "vTriggerCancelBlock": "4",
        "moveProperties": "High",
        "moveType": "Normal Moves"
      },
      "V-Standing MP": {
        "moveCommand": "",
        "startUpFrames": "5",
        "activeFrames": "3",
        "recoveryFrames": "11",
        "framesOnHit": "5",
        "framesOnBlock": "2",
        "vTriggerCancelHit": "",
        "vTriggerCancelBlock": "",
        "moveProperties": "High",
        "moveType": "Normal Moves"
      },
      "V-Standing MP (Chain Combo)": {
        "moveCommand": "",
        "startUpFrames": "5",
        "activeFrames": "3",
        "recoveryFrames": "11",
        "framesOnHit": "5",
        "framesOnBlock": "-1",
        "vTriggerCancelHit": "",
        "vTriggerCancelBlock": "",
        "moveProperties": "High",
        "moveType": "Normal Moves"
      },
      "Standing HP": {
        "moveCommand": "",
        "startUpFrames": "8",
        "activeFrames": "3",
        "recoveryFrames": "17",
        "framesOnHit": "4",
        "framesOnBlock": "-3",
        "vTriggerCancelHit": "12",
        "vTriggerCancelBlock": "5",
        "moveProperties": "High",
        "moveType": "Normal Moves"
      },
      "V-Standing HP": {
        "moveCommand": "",
        "startUpFrames": "8",
        "activeFrames": "3",
        "recoveryFrames": "17",
        "framesOnHit": "4",
        "framesOnBlock": "-3",
        "vTriggerCancelHit": "",
        "vTriggerCancelBlock": "",
        "moveProperties": "High",
        "moveType": "Normal Moves"
      },
      "V-Standing HP (Chain Combo)": {
        "moveCommand": "",
        "startUpFrames": "8",
        "activeFrames": "3",
        "recoveryFrames": "17",
        "framesOnHit": "D",
        "framesOnBlock": "-6",
        "vTriggerCancelHit": "",
        "vTriggerCancelBlock": "",
        "moveProperties": "High",
        "moveType": "Normal Moves"
      },
      "Standing LK": {
        "moveCommand": "",
        "startUpFrames": "4",
        "activeFrames": "4",
        "recoveryFrames": "8",
        "framesOnHit": "4",
        "framesOnBlock": "1",
        "vTriggerCancelHit": "4",
        "vTriggerCancelBlock": "1",
        "moveProperties": "High",
        "moveType": "Normal Moves"
      },
      "V-Standing LK": {
        "moveCommand": "",
        "startUpFrames": "4",
        "activeFrames": "4",
        "recoveryFrames": "8",
        "framesOnHit": "4",
        "framesOnBlock": "1",
        "vTriggerCancelHit": "",
        "vTriggerCancelBlock": "",
        "moveProperties": "High",
        "moveType": "Normal Moves"
      },
      "V-Standing LK (Chain Combo)": {
        "moveCommand": "",
        "startUpFrames": "4",
        "activeFrames": "4",
        "recoveryFrames": "8",
        "framesOnHit": "4",
        "framesOnBlock": "1",
        "vTriggerCancelHit": "",
        "vTriggerCancelBlock": "",
        "moveProperties": "High",
        "moveType": "Normal Moves"
      },
      "Standing MK": {
        "moveCommand": "",
        "startUpFrames": "5",
        "activeFrames": "4",
        "recoveryFrames": "15",
        "framesOnHit": "1",
        "framesOnBlock": "-4",
        "vTriggerCancelHit": "7",
        "vTriggerCancelBlock": "2",
        "moveProperties": "High",
        "moveType": "Normal Moves"
      },
      "V-Standing MK": {
        "moveCommand": "",
        "startUpFrames": "5",
        "activeFrames": "4",
        "recoveryFrames": "15",
        "framesOnHit": "1",
        "framesOnBlock": "-4",
        "vTriggerCancelHit": "",
        "vTriggerCancelBlock": "",
        "moveProperties": "High",
        "moveType": "Normal Moves"
      },
      "V-Standing MK (Chain Combo)": {
        "moveCommand": "",
        "startUpFrames": "6",
        "activeFrames": "4",
        "recoveryFrames": "15",
        "framesOnHit": "1",
        "framesOnBlock": "-7",
        "vTriggerCancelHit": "",
        "vTriggerCancelBlock": "",
        "moveProperties": "High",
        "moveType": "Normal Moves"
      },
      "Standing HK": {
        "moveCommand": "",
        "startUpFrames": "14",
        "activeFrames": "3",
        "recoveryFrames": "20",
        "framesOnHit": "1",
        "framesOnBlock": "-4",
        "vTriggerCancelHit": "3",
        "vTriggerCancelBlock": "-2",
        "moveProperties": "High",
        "moveType": "Normal Moves"
      },
      "V-Standing HK": {
        "moveCommand": "",
        "startUpFrames": "14",
        "activeFrames": "3",
        "recoveryFrames": "20",
        "framesOnHit": "1",
        "framesOnBlock": "-4",
        "vTriggerCancelHit": "",
        "vTriggerCancelBlock": "",
        "moveProperties": "High",
        "moveType": "Normal Moves"
      },
      "V-Standing HK (Chain Combo)": {
        "moveCommand": "",
        "startUpFrames": "14",
        "activeFrames": "3",
        "recoveryFrames": "20",
        "framesOnHit": "1",
        "framesOnBlock": "-7",
        "vTriggerCancelHit": "",
        "vTriggerCancelBlock": "",
        "moveProperties": "High",
        "moveType": "Normal Moves"
      },
      "Crouching LP": {
        "moveCommand": "",
        "startUpFrames": "4",
        "activeFrames": "3",
        "recoveryFrames": "6",
        "framesOnHit": "4",
        "framesOnBlock": "2",
        "vTriggerCancelHit": "1",
        "vTriggerCancelBlock": "-1",
        "moveProperties": "High",
        "moveType": "Normal Moves"
      },
      "V-Crouching LP": {
        "moveCommand": "",
        "startUpFrames": "4",
        "activeFrames": "3",
        "recoveryFrames": "6",
        "framesOnHit": "4",
        "framesOnBlock": "2",
        "vTriggerCancelHit": "",
        "vTriggerCancelBlock": "",
        "moveProperties": "High",
        "moveType": "Normal Moves"
      },
      "V-Crouching LP (Chain Combo)": {
        "moveCommand": "",
        "startUpFrames": "4",
        "activeFrames": "3",
        "recoveryFrames": "6",
        "framesOnHit": "4",
        "framesOnBlock": "2",
        "vTriggerCancelHit": "",
        "vTriggerCancelBlock": "",
        "moveProperties": "High",
        "moveType": "Normal Moves"
      },
      "Crouching MP": {
        "moveCommand": "",
        "startUpFrames": "6",
        "activeFrames": "3",
        "recoveryFrames": "16",
        "framesOnHit": "2",
        "framesOnBlock": "0",
        "vTriggerCancelHit": "9",
        "vTriggerCancelBlock": "7",
        "moveProperties": "High",
        "moveType": "Normal Moves"
      },
      "V-Crouching MP": {
        "moveCommand": "",
        "startUpFrames": "6",
        "activeFrames": "3",
        "recoveryFrames": "16",
        "framesOnHit": "2",
        "framesOnBlock": "0",
        "vTriggerCancelHit": "",
        "vTriggerCancelBlock": "",
        "moveProperties": "High",
        "moveType": "Normal Moves"
      },
      "V-Crouching MP (Chain Combo)": {
        "moveCommand": "",
        "startUpFrames": "6",
        "activeFrames": "3",
        "recoveryFrames": "16",
        "framesOnHit": "4",
        "framesOnBlock": "-1",
        "vTriggerCancelHit": "",
        "vTriggerCancelBlock": "",
        "moveProperties": "High",
        "moveType": "Normal Moves"
      },
      "Crouching HP": {
        "moveCommand": "",
        "startUpFrames": "10",
        "activeFrames": "2",
        "recoveryFrames": "21",
        "framesOnHit": "3",
        "framesOnBlock": "-5",
        "vTriggerCancelHit": "14",
        "vTriggerCancelBlock": "6",
        "moveProperties": "High",
        "moveType": "Normal Moves"
      },
      "V-Crouching HP": {
        "moveCommand": "",
        "startUpFrames": "10",
        "activeFrames": "2",
        "recoveryFrames": "21",
        "framesOnHit": "3",
        "framesOnBlock": "-5",
        "vTriggerCancelHit": "",
        "vTriggerCancelBlock": "",
        "moveProperties": "High",
        "moveType": "Normal Moves"
      },
      "V-Crouching HP (Chain Combo)": {
        "moveCommand": "",
        "startUpFrames": "10",
        "activeFrames": "2",
        "recoveryFrames": "21",
        "framesOnHit": "D",
        "framesOnBlock": "-8",
        "vTriggerCancelHit": "",
        "vTriggerCancelBlock": "",
        "moveProperties": "High",
        "moveType": "Normal Moves"
      },
      "Crouching LK": {
        "moveCommand": "",
        "startUpFrames": "3",
        "activeFrames": "2",
        "recoveryFrames": "10",
        "framesOnHit": "2",
        "framesOnBlock": "0",
        "vTriggerCancelHit": "1",
        "vTriggerCancelBlock": "-1",
        "moveProperties": "Low",
        "moveType": "Normal Moves"
      },
      "V-Crouching LK": {
        "moveCommand": "",
        "startUpFrames": "3",
        "activeFrames": "2",
        "recoveryFrames": "10",
        "framesOnHit": "2",
        "framesOnBlock": "0",
        "vTriggerCancelHit": "",
        "vTriggerCancelBlock": "",
        "moveProperties": "Low",
        "moveType": "Normal Moves"
      },
      "V-Crouching LK (Chain Combo)": {
        "moveCommand": "",
        "startUpFrames": "3",
        "activeFrames": "2",
        "recoveryFrames": "10",
        "framesOnHit": "2",
        "framesOnBlock": "0",
        "vTriggerCancelHit": "",
        "vTriggerCancelBlock": "",
        "moveProperties": "Low",
        "moveType": "Normal Moves"
      },
      "Crouching MK": {
        "moveCommand": "",
        "startUpFrames": "6",
        "activeFrames": "2",
        "recoveryFrames": "14",
        "framesOnHit": "2",
        "framesOnBlock": "-2",
        "vTriggerCancelHit": "6",
        "vTriggerCancelBlock": "2",
        "moveProperties": "Low",
        "moveType": "Normal Moves"
      },
      "V-Crouching MK": {
        "moveCommand": "",
        "startUpFrames": "6",
        "activeFrames": "2",
        "recoveryFrames": "14",
        "framesOnHit": "2",
        "framesOnBlock": "-2",
        "vTriggerCancelHit": "",
        "vTriggerCancelBlock": "",
        "moveProperties": "Low",
        "moveType": "Normal Moves"
      },
      "V-Crouching MK (Chain Combo)": {
        "moveCommand": "",
        "startUpFrames": "6",
        "activeFrames": "2",
        "recoveryFrames": "14",
        "framesOnHit": "2",
        "framesOnBlock": "-5",
        "vTriggerCancelHit": "",
        "vTriggerCancelBlock": "",
        "moveProperties": "Low",
        "moveType": "Normal Moves"
      },
      "Crouching HK": {
        "moveCommand": "",
        "startUpFrames": "8",
        "activeFrames": "2",
        "recoveryFrames": "23",
        "framesOnHit": "D",
        "framesOnBlock": "-12",
        "vTriggerCancelHit": "D",
        "vTriggerCancelBlock": "1",
        "moveProperties": "Low",
        "moveType": "Normal Moves"
      },
      "V-Crouching HK": {
        "moveCommand": "",
        "startUpFrames": "8",
        "activeFrames": "2",
        "recoveryFrames": "23",
        "framesOnHit": "D",
        "framesOnBlock": "-12",
        "vTriggerCancelHit": "",
        "vTriggerCancelBlock": "",
        "moveProperties": "Low",
        "moveType": "Normal Moves"
      },
      "V-Crouching HK (Chain Combo)": {
        "moveCommand": "",
        "startUpFrames": "8",
        "activeFrames": "2",
        "recoveryFrames": "23",
        "framesOnHit": "D",
        "framesOnBlock": "-15",
        "vTriggerCancelHit": "",
        "vTriggerCancelBlock": "",
        "moveProperties": "Low",
        "moveType": "Normal Moves"
      },
      "Jumping LP": {
        "moveCommand": "",
        "startUpFrames": "4",
        "activeFrames": "5",
        "recoveryFrames": "",
        "framesOnHit": "",
        "framesOnBlock": "",
        "vTriggerCancelHit": "",
        "vTriggerCancelBlock": "",
        "moveProperties": "Mid",
        "moveType": "Normal Moves"
      },
      "V-Jumping LP": {
        "moveCommand": "",
        "startUpFrames": "4",
        "activeFrames": "5",
        "recoveryFrames": "",
        "framesOnHit": "",
        "framesOnBlock": "",
        "vTriggerCancelHit": "",
        "vTriggerCancelBlock": "",
        "moveProperties": "Mid",
        "moveType": "Normal Moves"
      },
      "Jumping MP": {
        "moveCommand": "",
        "startUpFrames": "6",
        "activeFrames": "4",
        "recoveryFrames": "",
        "framesOnHit": "",
        "framesOnBlock": "",
        "vTriggerCancelHit": "",
        "vTriggerCancelBlock": "",
        "moveProperties": "Mid",
        "moveType": "Normal Moves"
      },
      "V-Jumping MP": {
        "moveCommand": "",
        "startUpFrames": "6",
        "activeFrames": "4",
        "recoveryFrames": "",
        "framesOnHit": "",
        "framesOnBlock": "",
        "vTriggerCancelHit": "",
        "vTriggerCancelBlock": "",
        "moveProperties": "Mid",
        "moveType": "Normal Moves"
      },
      "V-Jumping MP (Chain Combo)": {
        "moveCommand": "",
        "startUpFrames": "6",
        "activeFrames": "4",
        "recoveryFrames": "",
        "framesOnHit": "",
        "framesOnBlock": "",
        "vTriggerCancelHit": "",
        "vTriggerCancelBlock": "",
        "moveProperties": "High",
        "moveType": "Normal Moves"
      },
      "Jumping HP": {
        "moveCommand": "",
        "startUpFrames": "9",
        "activeFrames": "5",
        "recoveryFrames": "",
        "framesOnHit": "",
        "framesOnBlock": "",
        "vTriggerCancelHit": "",
        "vTriggerCancelBlock": "",
        "moveProperties": "Mid",
        "moveType": "Normal Moves"
      },
      "V-Jumping HP": {
        "moveCommand": "",
        "startUpFrames": "9",
        "activeFrames": "5",
        "recoveryFrames": "",
        "framesOnHit": "",
        "framesOnBlock": "",
        "vTriggerCancelHit": "",
        "vTriggerCancelBlock": "",
        "moveProperties": "Mid",
        "moveType": "Normal Moves"
      },
      "V-Jumping HP (Chain Combo)": {
        "moveCommand": "",
        "startUpFrames": "9",
        "activeFrames": "5",
        "recoveryFrames": "",
        "framesOnHit": "",
        "framesOnBlock": "",
        "vTriggerCancelHit": "",
        "vTriggerCancelBlock": "",
        "moveProperties": "High",
        "moveType": "Normal Moves"
      },
      "Jumping LK": {
        "moveCommand": "",
        "startUpFrames": "4",
        "activeFrames": "7",
        "recoveryFrames": "",
        "framesOnHit": "",
        "framesOnBlock": "",
        "vTriggerCancelHit": "",
        "vTriggerCancelBlock": "",
        "moveProperties": "Mid",
        "moveType": "Normal Moves"
      },
      "V-Jumping LK": {
        "moveCommand": "",
        "startUpFrames": "4",
        "activeFrames": "7",
        "recoveryFrames": "",
        "framesOnHit": "",
        "framesOnBlock": "",
        "vTriggerCancelHit": "",
        "vTriggerCancelBlock": "",
        "moveProperties": "Mid",
        "moveType": "Normal Moves"
      },
      "Jumping MK": {
        "moveCommand": "",
        "startUpFrames": "7",
        "activeFrames": "5",
        "recoveryFrames": "",
        "framesOnHit": "",
        "framesOnBlock": "",
        "vTriggerCancelHit": "",
        "vTriggerCancelBlock": "",
        "moveProperties": "Mid",
        "moveType": "Normal Moves"
      },
      "V-Jumping MK": {
        "moveCommand": "",
        "startUpFrames": "7",
        "activeFrames": "5",
        "recoveryFrames": "",
        "framesOnHit": "",
        "framesOnBlock": "",
        "vTriggerCancelHit": "",
        "vTriggerCancelBlock": "",
        "moveProperties": "Mid",
        "moveType": "Normal Moves"
      },
      "V-Jumping MK (Chain Combo)": {
        "moveCommand": "",
        "startUpFrames": "7",
        "activeFrames": "5",
        "recoveryFrames": "",
        "framesOnHit": "",
        "framesOnBlock": "",
        "vTriggerCancelHit": "",
        "vTriggerCancelBlock": "",
        "moveProperties": "High",
        "moveType": "Normal Moves"
      },
      "Jumping HK": {
        "moveCommand": "",
        "startUpFrames": "8",
        "activeFrames": "5",
        "recoveryFrames": "",
        "framesOnHit": "",
        "framesOnBlock": "",
        "vTriggerCancelHit": "",
        "vTriggerCancelBlock": "",
        "moveProperties": "Mid",
        "moveType": "Normal Moves"
      },
      "V-Jumping HK": {
        "moveCommand": "",
        "startUpFrames": "8",
        "activeFrames": "5",
        "recoveryFrames": "",
        "framesOnHit": "",
        "framesOnBlock": "",
        "vTriggerCancelHit": "",
        "vTriggerCancelBlock": "",
        "moveProperties": "Mid",
        "moveType": "Normal Moves"
      },
      "V-Jumping HK (Chain Combo)": {
        "moveCommand": "",
        "startUpFrames": "8",
        "activeFrames": "5",
        "recoveryFrames": "",
        "framesOnHit": "",
        "framesOnBlock": "",
        "vTriggerCancelHit": "",
        "vTriggerCancelBlock": "",
        "moveProperties": "High",
        "moveType": "Normal Moves"
      }
    },
    "Special Moves": {
      "Senkaikyaku": {
        "moveCommand": "Forward Forward",
        "startUpFrames": "22",
        "activeFrames": "2",
        "recoveryFrames": "19",
        "framesOnHit": "0",
        "framesOnBlock": "-7",
        "vTriggerCancelHit": "",
        "vTriggerCancelBlock": "",
        "moveProperties": "Mid",
        "moveType": "Special Moves"
      },
      "Korenzan": {
        "moveCommand": "Back Roundhouse",
        "startUpFrames": "7",
        "activeFrames": "5",
        "recoveryFrames": "15",
        "framesOnHit": "4",
        "framesOnBlock": "-2",
        "vTriggerCancelHit": "8",
        "vTriggerCancelBlock": "2",
        "moveProperties": "High",
        "moveType": "Special Moves"
      },
      "Kyoretsushu": {
        "moveCommand": "",
        "startUpFrames": "8",
        "activeFrames": "3",
        "recoveryFrames": "25",
        "framesOnHit": "D",
        "framesOnBlock": "-12",
        "vTriggerCancelHit": "D",
        "vTriggerCancelBlock": "4",
        "moveProperties": "High",
        "moveType": "Special Moves"
      },
      "Enkushu": {
        "moveCommand": "",
        "startUpFrames": "5",
        "activeFrames": "5",
        "recoveryFrames": "",
        "framesOnHit": "",
        "framesOnBlock": "",
        "vTriggerCancelHit": "",
        "vTriggerCancelBlock": "",
        "moveProperties": "High",
        "moveType": "Special Moves"
      },
      "Fuharenkyaku (Charge Kick)": {
        "moveCommand": "",
        "startUpFrames": "10",
        "activeFrames": "3",
        "recoveryFrames": "18",
        "framesOnHit": "D",
        "framesOnBlock": "-2",
        "vTriggerCancelHit": "D",
        "vTriggerCancelBlock": "7",
        "moveProperties": "High",
        "moveType": "Special Moves"
      },
      "L Fuharenkyaku": {
        "moveCommand": "",
        "startUpFrames": "14",
        "activeFrames": "80",
        "recoveryFrames": "37 total frames",
        "framesOnHit": "2",
        "framesOnBlock": "-2",
        "vTriggerCancelHit": "14",
        "vTriggerCancelBlock": "10",
        "moveProperties": "High",
        "moveType": "Special Moves"
      },
      "M Fuharenkyaku": {
        "moveCommand": "",
        "startUpFrames": "23",
        "activeFrames": "2",
        "recoveryFrames": "19",
        "framesOnHit": "6",
        "framesOnBlock": "-4",
        "vTriggerCancelHit": "13",
        "vTriggerCancelBlock": "3",
        "moveProperties": "High",
        "moveType": "Special Moves"
      },
      "H Fuharenkyaku": {
        "moveCommand": "",
        "startUpFrames": "10",
        "activeFrames": "4",
        "recoveryFrames": "21",
        "framesOnHit": "D",
        "framesOnBlock": "-6",
        "vTriggerCancelHit": "13/D",
        "vTriggerCancelBlock": "6/3",
        "moveProperties": "High",
        "moveType": "Special Moves"
      },
      "V-L Fuharenkyaku": {
        "moveCommand": "",
        "startUpFrames": "14",
        "activeFrames": "80",
        "recoveryFrames": "39 total frames",
        "framesOnHit": "D",
        "framesOnBlock": "-1",
        "vTriggerCancelHit": "",
        "vTriggerCancelBlock": "",
        "moveProperties": "High",
        "moveType": "Special Moves"
      },
      "V-M Fuharenkyaku": {
        "moveCommand": "",
        "startUpFrames": "23",
        "activeFrames": "2",
        "recoveryFrames": "19",
        "framesOnHit": "6",
        "framesOnBlock": "-4",
        "vTriggerCancelHit": "",
        "vTriggerCancelBlock": "",
        "moveProperties": "High",
        "moveType": "Special Moves"
      },
      "V-H Fuharenkyaku": {
        "moveCommand": "",
        "startUpFrames": "10",
        "activeFrames": "4",
        "recoveryFrames": "21",
        "framesOnHit": "D",
        "framesOnBlock": "-6",
        "vTriggerCancelHit": "",
        "vTriggerCancelBlock": "",
        "moveProperties": "High",
        "moveType": "Special Moves"
      },
      "EX Fuharenkyaku": {
        "moveCommand": "",
        "startUpFrames": "7",
        "activeFrames": "8",
        "recoveryFrames": "15",
        "framesOnHit": "D",
        "framesOnBlock": "-2",
        "vTriggerCancelHit": "-/10/-/D",
        "vTriggerCancelBlock": "-/3/-/0",
        "moveProperties": "High",
        "moveType": "Special Moves"
      },
      "L Tensenrin": {
        "moveCommand": "",
        "startUpFrames": "7",
        "activeFrames": "5",
        "recoveryFrames": "22",
        "framesOnHit": "2",
        "framesOnBlock": "-3 (*-8)",
        "vTriggerCancelHit": "",
        "vTriggerCancelBlock": "",
        "moveProperties": "High",
        "moveType": "Special Moves"
      },
      "M Tensenrin": {
        "moveCommand": "",
        "startUpFrames": "6",
        "activeFrames": "7",
        "recoveryFrames": "22+16 frame(s) after landing",
        "framesOnHit": "D",
        "framesOnBlock": "-29",
        "vTriggerCancelHit": "",
        "vTriggerCancelBlock": "",
        "moveProperties": "High",
        "moveType": "Special Moves"
      },
      "H Tensenrin": {
        "moveCommand": "",
        "startUpFrames": "7",
        "activeFrames": "8",
        "recoveryFrames": "22+16 frame(s) after landing",
        "framesOnHit": "D",
        "framesOnBlock": "-32",
        "vTriggerCancelHit": "",
        "vTriggerCancelBlock": "",
        "moveProperties": "High",
        "moveType": "Special Moves"
      },
      "EX Tensenrin": {
        "moveCommand": "",
        "startUpFrames": "7",
        "activeFrames": "8",
        "recoveryFrames": "22+18 frame(s) after landing",
        "framesOnHit": "D",
        "framesOnBlock": "-31",
        "vTriggerCancelHit": "",
        "vTriggerCancelBlock": "",
        "moveProperties": "High",
        "moveType": "Special Moves"
      },
      "L Ryodansatsu": {
        "moveCommand": "",
        "startUpFrames": "19",
        "activeFrames": "3",
        "recoveryFrames": "24",
        "framesOnHit": "D",
        "framesOnBlock": "-6",
        "vTriggerCancelHit": "D",
        "vTriggerCancelBlock": "9",
        "moveProperties": "High",
        "moveType": "Special Moves"
      },
      "M Ryodansatsu": {
        "moveCommand": "",
        "startUpFrames": "20",
        "activeFrames": "3",
        "recoveryFrames": "24",
        "framesOnHit": "D",
        "framesOnBlock": "-6",
        "vTriggerCancelHit": "D",
        "vTriggerCancelBlock": "9",
        "moveProperties": "High",
        "moveType": "Special Moves"
      },
      "H Ryodansatsu": {
        "moveCommand": "",
        "startUpFrames": "25",
        "activeFrames": "3",
        "recoveryFrames": "24",
        "framesOnHit": "D",
        "framesOnBlock": "-6",
        "vTriggerCancelHit": "D",
        "vTriggerCancelBlock": "9",
        "moveProperties": "High",
        "moveType": "Special Moves"
      },
      "EX Ryodansatsu": {
        "moveCommand": "",
        "startUpFrames": "25",
        "activeFrames": "3",
        "recoveryFrames": "20",
        "framesOnHit": "D",
        "framesOnBlock": "-2",
        "vTriggerCancelHit": "D",
        "vTriggerCancelBlock": "7",
        "moveProperties": "High",
        "moveType": "Special Moves"
      }
    },
    "Critical Art": {
      "Sakkai Fuhazan": {
        "moveCommand": "",
        "startUpFrames": "1+8",
        "activeFrames": "",
        "recoveryFrames": "67 total frames",
        "framesOnHit": "D",
        "framesOnBlock": "-15",
        "vTriggerCancelHit": "",
        "vTriggerCancelBlock": "",
        "moveProperties": "High",
        "moveType": "Critical Art"
      }
    },
    "V-System": {
      "[VS1] Kasatushu (Whiff)": {
        "moveCommand": "",
        "startUpFrames": "46",
        "activeFrames": "2",
        "recoveryFrames": "25",
        "framesOnHit": "D",
        "framesOnBlock": "-10",
        "vTriggerCancelHit": "",
        "vTriggerCancelBlock": "",
        "moveProperties": "High",
        "moveType": "V-System"
      },
      "[VS1] Kasatushu Level 1": {
        "moveCommand": "",
        "startUpFrames": "*37",
        "activeFrames": "2",
        "recoveryFrames": "25",
        "framesOnHit": "D",
        "framesOnBlock": "-10",
        "vTriggerCancelHit": "",
        "vTriggerCancelBlock": "",
        "moveProperties": "High",
        "moveType": "V-System"
      },
      "[VS1] Kasatushu Level 2": {
        "moveCommand": "",
        "startUpFrames": "*39-80",
        "activeFrames": "During forward movement + +2",
        "recoveryFrames": "33",
        "framesOnHit": "D",
        "framesOnBlock": "-18",
        "vTriggerCancelHit": "",
        "vTriggerCancelBlock": "",
        "moveProperties": "High",
        "moveType": "V-System"
      },
      "[VS1] Kasatushu Level 2 (Instant Activation Version)": {
        "moveCommand": "",
        "startUpFrames": "*10-61",
        "activeFrames": "During forward movement + +2",
        "recoveryFrames": "33",
        "framesOnHit": "D",
        "framesOnBlock": "-18",
        "vTriggerCancelHit": "",
        "vTriggerCancelBlock": "",
        "moveProperties": "High",
        "moveType": "V-System"
      },
      "[VS2] Fuha Enzan (Charge)": {
        "moveCommand": "",
        "startUpFrames": "",
        "activeFrames": "",
        "recoveryFrames": "50 total frames",
        "framesOnHit": "",
        "framesOnBlock": "",
        "vTriggerCancelHit": "",
        "vTriggerCancelBlock": "",
        "moveProperties": "",
        "moveType": "V-System"
      },
      "[VS2] Fuha Enzan (Attack)": {
        "moveCommand": "",
        "startUpFrames": "19",
        "activeFrames": "74",
        "recoveryFrames": "47 total frames",
        "framesOnHit": "D",
        "framesOnBlock": "-2",
        "vTriggerCancelHit": "",
        "vTriggerCancelBlock": "",
        "moveProperties": "High",
        "moveType": "V-System"
      },
      "Feng Shui Enngine Type Alpha": {
        "moveCommand": "",
        "startUpFrames": "1",
        "activeFrames": "",
        "recoveryFrames": "5",
        "framesOnHit": "",
        "framesOnBlock": "",
        "vTriggerCancelHit": "",
        "vTriggerCancelBlock": "",
        "moveProperties": "",
        "moveType": "V-System"
      },
      "Kaisenrenkyaku": {
        "moveCommand": "",
        "startUpFrames": "17",
        "activeFrames": "2",
        "recoveryFrames": "24",
        "framesOnHit": "D",
        "framesOnBlock": "-2",
        "vTriggerCancelHit": "",
        "vTriggerCancelBlock": "",
        "moveProperties": "High",
        "moveType": "V-System"
      },
      "Feng Shui Enngine beta": {
        "moveCommand": "",
        "startUpFrames": "1+7",
        "activeFrames": "6",
        "recoveryFrames": "31",
        "framesOnHit": "5",
        "framesOnBlock": "1",
        "vTriggerCancelHit": "",
        "vTriggerCancelBlock": "",
        "moveProperties": "High",
        "moveType": "V-System"
      }
    },
    "Normal Throws": {
      "Chisenkyaku": {
        "moveCommand": "",
        "startUpFrames": "5",
        "activeFrames": "3",
        "recoveryFrames": "17",
        "framesOnHit": "D",
        "framesOnBlock": "",
        "vTriggerCancelHit": "",
        "vTriggerCancelBlock": "",
        "moveProperties": "Throw",
        "moveType": "Normal Throws"
      },
      "Kaeikyaku": {
        "moveCommand": "",
        "startUpFrames": "5",
        "activeFrames": "3",
        "recoveryFrames": "17",
        "framesOnHit": "D",
        "framesOnBlock": "",
        "vTriggerCancelHit": "",
        "vTriggerCancelBlock": "",
        "moveProperties": "Throw",
        "moveType": "Normal Throws"
      },
      "Zankasen": {
        "moveCommand": "",
        "startUpFrames": "5",
        "activeFrames": "2",
        "recoveryFrames": "8 frame(s) after landing",
        "framesOnHit": "D",
        "framesOnBlock": "",
        "vTriggerCancelHit": "",
        "vTriggerCancelBlock": "",
        "moveProperties": "Throw",
        "moveType": "Normal Throws"
      }
    }
  }
}
