{
  "Kage": {
    "Fireball": "Hadoken",
    "Red Fireball": "Shakunetsu Hadoken",
    "DP": "Shoryuken",
    "Tatsu": "Kurekijin",
    "Normal Moves": {
      "Standing LP": {
        "moveCommand": "",
        "startUpFrames": "4",
        "activeFrames": "3",
        "recoveryFrames": "5",
        "framesOnHit": "4",
        "framesOnBlock": "3",
        "vTriggerCancelHit": "6",
        "vTriggerCancelBlock": "5",
        "moveProperties": "High",
        "moveType": "Normal Moves"
      },
      "Standing MP": {
        "moveCommand": "",
        "startUpFrames": "6",
        "activeFrames": "3",
        "recoveryFrames": "12",
        "framesOnHit": "4",
        "framesOnBlock": "-1",
        "vTriggerCancelHit": "13",
        "vTriggerCancelBlock": "8",
        "moveProperties": "High",
        "moveType": "Normal Moves"
      },
      "Standing HP": {
        "moveCommand": "",
        "startUpFrames": "6",
        "activeFrames": "2",
        "recoveryFrames": "23",
        "framesOnHit": "-3",
        "framesOnBlock": "-5",
        "vTriggerCancelHit": "16",
        "vTriggerCancelBlock": "14",
        "moveProperties": "High",
        "moveType": "Normal Moves"
      },
      "Standing LK": {
        "moveCommand": "",
        "startUpFrames": "4",
        "activeFrames": "3",
        "recoveryFrames": "10",
        "framesOnHit": "1",
        "framesOnBlock": "1",
        "vTriggerCancelHit": "8",
        "vTriggerCancelBlock": "8",
        "moveProperties": "High",
        "moveType": "Normal Moves"
      },
      "Standing MK": {
        "moveCommand": "",
        "startUpFrames": "9",
        "activeFrames": "3",
        "recoveryFrames": "17",
        "framesOnHit": "3",
        "framesOnBlock": "-3",
        "vTriggerCancelHit": "17",
        "vTriggerCancelBlock": "11",
        "moveProperties": "High",
        "moveType": "Normal Moves"
      },
      "Standing HK": {
        "moveCommand": "",
        "startUpFrames": "11",
        "activeFrames": "2",
        "recoveryFrames": "19",
        "framesOnHit": "4",
        "framesOnBlock": "-2",
        "vTriggerCancelHit": "19",
        "vTriggerCancelBlock": "13",
        "moveProperties": "High",
        "moveType": "Normal Moves"
      },
      "Crouching LP": {
        "moveCommand": "",
        "startUpFrames": "3",
        "activeFrames": "2",
        "recoveryFrames": "8",
        "framesOnHit": "3",
        "framesOnBlock": "1",
        "vTriggerCancelHit": "5",
        "vTriggerCancelBlock": "3",
        "moveProperties": "High",
        "moveType": "Normal Moves"
      },
      "Crouching MP": {
        "moveCommand": "",
        "startUpFrames": "5",
        "activeFrames": "3",
        "recoveryFrames": "15",
        "framesOnHit": "6",
        "framesOnBlock": "3",
        "vTriggerCancelHit": "13",
        "vTriggerCancelBlock": "10",
        "moveProperties": "High",
        "moveType": "Normal Moves"
      },
      "Crouching HP": {
        "moveCommand": "",
        "startUpFrames": "8",
        "activeFrames": "6",
        "recoveryFrames": "20",
        "framesOnHit": "3",
        "framesOnBlock": "-4",
        "vTriggerCancelHit": "23",
        "vTriggerCancelBlock": "16",
        "moveProperties": "High",
        "moveType": "Normal Moves"
      },
      "Crouching LK": {
        "moveCommand": "",
        "startUpFrames": "4",
        "activeFrames": "2",
        "recoveryFrames": "8",
        "framesOnHit": "2",
        "framesOnBlock": "1",
        "vTriggerCancelHit": "5",
        "vTriggerCancelBlock": "4",
        "moveProperties": "Low",
        "moveType": "Normal Moves"
      },
      "Crouching MK": {
        "moveCommand": "",
        "startUpFrames": "7",
        "activeFrames": "2",
        "recoveryFrames": "15",
        "framesOnHit": "2",
        "framesOnBlock": "-2",
        "vTriggerCancelHit": "12",
        "vTriggerCancelBlock": "8",
        "moveProperties": "Low",
        "moveType": "Normal Moves"
      },
      "Crouching HK": {
        "moveCommand": "",
        "startUpFrames": "8",
        "activeFrames": "2",
        "recoveryFrames": "24",
        "framesOnHit": "D",
        "framesOnBlock": "-11",
        "vTriggerCancelHit": "D",
        "vTriggerCancelBlock": "9",
        "moveProperties": "Low",
        "moveType": "Normal Moves"
      },
      "Jumping LP": {
        "moveCommand": "",
        "startUpFrames": "4",
        "activeFrames": "5",
        "recoveryFrames": "",
        "framesOnHit": "",
        "framesOnBlock": "",
        "vTriggerCancelHit": "",
        "vTriggerCancelBlock": "",
        "moveProperties": "Mid",
        "moveType": "Normal Moves"
      },
      "Jumping MP": {
        "moveCommand": "",
        "startUpFrames": "7",
        "activeFrames": "3",
        "recoveryFrames": "",
        "framesOnHit": "",
        "framesOnBlock": "",
        "vTriggerCancelHit": "",
        "vTriggerCancelBlock": "",
        "moveProperties": "Mid",
        "moveType": "Normal Moves"
      },
      "Jumping HP": {
        "moveCommand": "",
        "startUpFrames": "8",
        "activeFrames": "5",
        "recoveryFrames": "",
        "framesOnHit": "",
        "framesOnBlock": "",
        "vTriggerCancelHit": "",
        "vTriggerCancelBlock": "",
        "moveProperties": "Mid",
        "moveType": "Normal Moves"
      },
      "Jumping LK": {
        "moveCommand": "",
        "startUpFrames": "4",
        "activeFrames": "5",
        "recoveryFrames": "",
        "framesOnHit": "",
        "framesOnBlock": "",
        "vTriggerCancelHit": "",
        "vTriggerCancelBlock": "",
        "moveProperties": "Mid",
        "moveType": "Normal Moves"
      },
      "Jumping MK": {
        "moveCommand": "",
        "startUpFrames": "8",
        "activeFrames": "5",
        "recoveryFrames": "",
        "framesOnHit": "",
        "framesOnBlock": "",
        "vTriggerCancelHit": "",
        "vTriggerCancelBlock": "",
        "moveProperties": "Mid",
        "moveType": "Normal Moves"
      },
      "Jumping HK": {
        "moveCommand": "",
        "startUpFrames": "10",
        "activeFrames": "4",
        "recoveryFrames": "",
        "framesOnHit": "",
        "framesOnBlock": "",
        "vTriggerCancelHit": "",
        "vTriggerCancelBlock": "",
        "moveProperties": "Mid",
        "moveType": "Normal Moves"
      }
    },
    "Special Moves": {
      "Zugaihasatsu": {
        "moveCommand": "Forward Strong",
        "startUpFrames": "22",
        "activeFrames": "3",
        "recoveryFrames": "22",
        "framesOnHit": "1",
        "framesOnBlock": "-7",
        "vTriggerCancelHit": "",
        "vTriggerCancelBlock": "",
        "moveProperties": "Mid",
        "moveType": "Special Moves"
      },
      "Tenmakujinkyaku": {
        "moveCommand": "",
        "startUpFrames": "16",
        "activeFrames": "Until landing",
        "recoveryFrames": "6 frame(s) after landing",
        "framesOnHit": "",
        "framesOnBlock": "",
        "vTriggerCancelHit": "",
        "vTriggerCancelBlock": "",
        "moveProperties": "High",
        "moveType": "Special Moves"
      },
      "Kikokuduki": {
        "moveCommand": "Forward Fierce",
        "startUpFrames": "9",
        "activeFrames": "4",
        "recoveryFrames": "20",
        "framesOnHit": "2",
        "framesOnBlock": "-4",
        "vTriggerCancelHit": "20",
        "vTriggerCancelBlock": "14",
        "moveProperties": "High",
        "moveType": "Special Moves"
      },
      "Sekiei Gozanken": {
        "moveCommand": "",
        "startUpFrames": "27",
        "activeFrames": "2",
        "recoveryFrames": "29",
        "framesOnHit": "D",
        "framesOnBlock": "",
        "vTriggerCancelHit": "D",
        "vTriggerCancelBlock": "",
        "moveProperties": "High",
        "moveType": "Special Moves"
      },
      "V-Sekiei Gozanken": {
        "moveCommand": "",
        "startUpFrames": "24",
        "activeFrames": "6",
        "recoveryFrames": "24",
        "framesOnHit": "D",
        "framesOnBlock": "",
        "vTriggerCancelHit": "",
        "vTriggerCancelBlock": "",
        "moveProperties": "High",
        "moveType": "Special Moves"
      },
      "Hadoken": {
        "moveCommand": "",
        "startUpFrames": "13",
        "activeFrames": "5",
        "recoveryFrames": "23",
        "framesOnHit": "2",
        "framesOnBlock": "-3",
        "vTriggerCancelHit": "",
        "vTriggerCancelBlock": "",
        "moveProperties": "High",
        "moveType": "Special Moves"
      },
      "EX Hadoken": {
        "moveCommand": "",
        "startUpFrames": "17",
        "activeFrames": "6",
        "recoveryFrames": "53 total frames",
        "framesOnHit": "(crumple)",
        "framesOnBlock": "2",
        "vTriggerCancelHit": "(crumple)",
        "vTriggerCancelBlock": "22",
        "moveProperties": "High",
        "moveType": "Special Moves"
      },
      "Airborne Hadoken": {
        "moveCommand": "",
        "startUpFrames": "10",
        "activeFrames": "23",
        "recoveryFrames": "7 frame(s) after landing",
        "framesOnHit": "",
        "framesOnBlock": "",
        "vTriggerCancelHit": "",
        "vTriggerCancelBlock": "",
        "moveProperties": "High",
        "moveType": "Special Moves"
      },
      "EX Airborne Hadoken": {
        "moveCommand": "",
        "startUpFrames": "9",
        "activeFrames": "",
        "recoveryFrames": "11 frame(s) after landing",
        "framesOnHit": "",
        "framesOnBlock": "",
        "vTriggerCancelHit": "",
        "vTriggerCancelBlock": "",
        "moveProperties": "High",
        "moveType": "Special Moves"
      },
      "L Shakunetsu Hadoken": {
        "moveCommand": "",
        "startUpFrames": "18",
        "activeFrames": "",
        "recoveryFrames": "52 total frames",
        "framesOnHit": "D",
        "framesOnBlock": "-6",
        "vTriggerCancelHit": "",
        "vTriggerCancelBlock": "",
        "moveProperties": "High",
        "moveType": "Special Moves"
      },
      "M Shakunetsu Hadoken": {
        "moveCommand": "",
        "startUpFrames": "21",
        "activeFrames": "",
        "recoveryFrames": "61 total frames",
        "framesOnHit": "D",
        "framesOnBlock": "-6",
        "vTriggerCancelHit": "",
        "vTriggerCancelBlock": "",
        "moveProperties": "High",
        "moveType": "Special Moves"
      },
      "H Shakunetsu Hadoken": {
        "moveCommand": "",
        "startUpFrames": "25",
        "activeFrames": "",
        "recoveryFrames": "67 total frames",
        "framesOnHit": "D",
        "framesOnBlock": "-6",
        "vTriggerCancelHit": "",
        "vTriggerCancelBlock": "",
        "moveProperties": "High",
        "moveType": "Special Moves"
      },
      "EX Shakunetsu Hadoken": {
        "moveCommand": "",
        "startUpFrames": "21",
        "activeFrames": "",
        "recoveryFrames": "55 total frames",
        "framesOnHit": "D",
        "framesOnBlock": "6",
        "vTriggerCancelHit": "D",
        "vTriggerCancelBlock": "23",
        "moveProperties": "High",
        "moveType": "Special Moves"
      },
      "L Shoryuken": {
        "moveCommand": "",
        "startUpFrames": "3",
        "activeFrames": "12",
        "recoveryFrames": "18+19 frame(s) after landing",
        "framesOnHit": "D",
        "framesOnBlock": "-27",
        "vTriggerCancelHit": "",
        "vTriggerCancelBlock": "",
        "moveProperties": "High",
        "moveType": "Special Moves"
      },
      "M Shoryuken": {
        "moveCommand": "",
        "startUpFrames": "4",
        "activeFrames": "12",
        "recoveryFrames": "25+19 frame(s) after landing",
        "framesOnHit": "D",
        "framesOnBlock": "-33",
        "vTriggerCancelHit": "",
        "vTriggerCancelBlock": "",
        "moveProperties": "High",
        "moveType": "Special Moves"
      },
      "H Shoryuken": {
        "moveCommand": "",
        "startUpFrames": "5",
        "activeFrames": "12",
        "recoveryFrames": "29+19 frame(s) after landing",
        "framesOnHit": "D",
        "framesOnBlock": "-36",
        "vTriggerCancelHit": "",
        "vTriggerCancelBlock": "",
        "moveProperties": "High",
        "moveType": "Special Moves"
      },
      "EX Shoryuken": {
        "moveCommand": "",
        "startUpFrames": "3",
        "activeFrames": "31",
        "recoveryFrames": "32+15 frame(s) after landing",
        "framesOnHit": "D",
        "framesOnBlock": "-41",
        "vTriggerCancelHit": "",
        "vTriggerCancelBlock": "",
        "moveProperties": "High",
        "moveType": "Special Moves"
      },
      "L Kurekijin": {
        "moveCommand": "",
        "startUpFrames": "10",
        "activeFrames": "2",
        "recoveryFrames": "26",
        "framesOnHit": "D",
        "framesOnBlock": "-10",
        "vTriggerCancelHit": "",
        "vTriggerCancelBlock": "",
        "moveProperties": "High",
        "moveType": "Special Moves"
      },
      "M Kurekijin": {
        "moveCommand": "",
        "startUpFrames": "17",
        "activeFrames": "2",
        "recoveryFrames": "26",
        "framesOnHit": "D",
        "framesOnBlock": "-10",
        "vTriggerCancelHit": "",
        "vTriggerCancelBlock": "",
        "moveProperties": "High",
        "moveType": "Special Moves"
      },
      "H Kurekijin": {
        "moveCommand": "",
        "startUpFrames": "20",
        "activeFrames": "2",
        "recoveryFrames": "26",
        "framesOnHit": "D",
        "framesOnBlock": "-10",
        "vTriggerCancelHit": "",
        "vTriggerCancelBlock": "",
        "moveProperties": "High",
        "moveType": "Special Moves"
      },
      "EX Kurekijin": {
        "moveCommand": "",
        "startUpFrames": "16",
        "activeFrames": "2",
        "recoveryFrames": "26",
        "framesOnHit": "D",
        "framesOnBlock": "-10",
        "vTriggerCancelHit": "",
        "vTriggerCancelBlock": "",
        "moveProperties": "High",
        "moveType": "Special Moves"
      },
      "Airborne Kurekijin": {
        "moveCommand": "",
        "startUpFrames": "10",
        "activeFrames": "4",
        "recoveryFrames": "12 frame(s) after landing",
        "framesOnHit": "*1D",
        "framesOnBlock": "",
        "vTriggerCancelHit": "",
        "vTriggerCancelBlock": "",
        "moveProperties": "High",
        "moveType": "Special Moves"
      },
      "EX Airborne Kurekijin": {
        "moveCommand": "",
        "startUpFrames": "12",
        "activeFrames": "4",
        "recoveryFrames": "12 frame(s) after landing",
        "framesOnHit": "*1D",
        "framesOnBlock": "",
        "vTriggerCancelHit": "",
        "vTriggerCancelBlock": "",
        "moveProperties": "High",
        "moveType": "Special Moves"
      },
      "L Ryusokyaku": {
        "moveCommand": "",
        "startUpFrames": "15",
        "activeFrames": "3",
        "recoveryFrames": "20",
        "framesOnHit": "2",
        "framesOnBlock": "-4",
        "vTriggerCancelHit": "",
        "vTriggerCancelBlock": "",
        "moveProperties": "High",
        "moveType": "Special Moves"
      },
      "M Ryusokyaku": {
        "moveCommand": "",
        "startUpFrames": "18",
        "activeFrames": "3",
        "recoveryFrames": "18",
        "framesOnHit": "2",
        "framesOnBlock": "-2",
        "vTriggerCancelHit": "",
        "vTriggerCancelBlock": "",
        "moveProperties": "High",
        "moveType": "Special Moves"
      },
      "H Ryusokyaku": {
        "moveCommand": "",
        "startUpFrames": "26",
        "activeFrames": "3",
        "recoveryFrames": "16",
        "framesOnHit": "5",
        "framesOnBlock": "3",
        "vTriggerCancelHit": "",
        "vTriggerCancelBlock": "",
        "moveProperties": "High",
        "moveType": "Special Moves"
      },
      "EX Ryusokyaku": {
        "moveCommand": "",
        "startUpFrames": "20",
        "activeFrames": "2",
        "recoveryFrames": "26",
        "framesOnHit": "D",
        "framesOnBlock": "-8",
        "vTriggerCancelHit": "",
        "vTriggerCancelBlock": "",
        "moveProperties": "Mid",
        "moveType": "Special Moves"
      },
      "V-Ashura Senku (Forward)": {
        "moveCommand": "",
        "startUpFrames": "",
        "activeFrames": "",
        "recoveryFrames": "32 total frames",
        "framesOnHit": "",
        "framesOnBlock": "",
        "vTriggerCancelHit": "",
        "vTriggerCancelBlock": "",
        "moveProperties": "",
        "moveType": "Special Moves"
      },
      "V-Ashura Senku (Back)": {
        "moveCommand": "",
        "startUpFrames": "",
        "activeFrames": "",
        "recoveryFrames": "32 total frames",
        "framesOnHit": "",
        "framesOnBlock": "",
        "vTriggerCancelHit": "",
        "vTriggerCancelBlock": "",
        "moveProperties": "",
        "moveType": "Special Moves"
      },
      "V-Airborne Ashura Senku (Forward)": {
        "moveCommand": "",
        "startUpFrames": "",
        "activeFrames": "",
        "recoveryFrames": "30 total frames",
        "framesOnHit": "",
        "framesOnBlock": "",
        "vTriggerCancelHit": "",
        "vTriggerCancelBlock": "",
        "moveProperties": "",
        "moveType": "Special Moves"
      },
      "V-Airborne Ashura Senku (Back)": {
        "moveCommand": "",
        "startUpFrames": "",
        "activeFrames": "",
        "recoveryFrames": "30 total frames",
        "framesOnHit": "",
        "framesOnBlock": "",
        "vTriggerCancelHit": "",
        "vTriggerCancelBlock": "",
        "moveProperties": "",
        "moveType": "Special Moves"
      },
      "Tenmakujinkyaku脚": {
        "moveCommand": "",
        "startUpFrames": "16",
        "activeFrames": "Until landing",
        "recoveryFrames": "6 frame(s) after landing",
        "framesOnHit": "",
        "framesOnBlock": "",
        "vTriggerCancelHit": "",
        "vTriggerCancelBlock": "",
        "moveProperties": "High",
        "moveType": "Special Moves"
      },
      "Kikokuretsuzan": {
        "moveCommand": "",
        "startUpFrames": "14",
        "activeFrames": "2",
        "recoveryFrames": "26",
        "framesOnHit": "D",
        "framesOnBlock": "-12",
        "vTriggerCancelHit": "D",
        "vTriggerCancelBlock": "10",
        "moveProperties": "High",
        "moveType": "Special Moves"
      },
      "波Hadoken": {
        "moveCommand": "",
        "startUpFrames": "13",
        "activeFrames": "5",
        "recoveryFrames": "23",
        "framesOnHit": "2",
        "framesOnBlock": "-3",
        "vTriggerCancelHit": "22",
        "vTriggerCancelBlock": "17",
        "moveProperties": "High",
        "moveType": "Special Moves"
      },
      "V-Misogi": {
        "moveCommand": "",
        "startUpFrames": "30",
        "activeFrames": "Until landing/1/2",
        "recoveryFrames": "28",
        "framesOnHit": "D",
        "framesOnBlock": "-2",
        "vTriggerCancelHit": "",
        "vTriggerCancelBlock": "",
        "moveProperties": "High",
        "moveType": "Special Moves"
      }
    },
    "Critical Art": {
      "Metsu Shoryuken": {
        "moveCommand": "",
        "startUpFrames": "1+3",
        "activeFrames": "8",
        "recoveryFrames": "53",
        "framesOnHit": "D",
        "framesOnBlock": "-38",
        "vTriggerCancelHit": "",
        "vTriggerCancelBlock": "",
        "moveProperties": "High",
        "moveType": "Critical Art"
      },
      "V-Shun Goku Satsu": {
        "moveCommand": "",
        "startUpFrames": "1+0",
        "activeFrames": "30",
        "recoveryFrames": "49",
        "framesOnHit": "D",
        "framesOnBlock": "",
        "vTriggerCancelHit": "",
        "vTriggerCancelBlock": "",
        "moveProperties": "Throw",
        "moveType": "Critical Art"
      }
    },
    "V-System": {
      "[VS1] Senha Kassatsu": {
        "moveCommand": "",
        "startUpFrames": "22",
        "activeFrames": "4",
        "recoveryFrames": "21",
        "framesOnHit": "2",
        "framesOnBlock": "-6",
        "vTriggerCancelHit": "21",
        "vTriggerCancelBlock": "13",
        "moveProperties": "High",
        "moveType": "V-System"
      },
      "[VS1] Senha Kassatsu (Hold Button)": {
        "moveCommand": "",
        "startUpFrames": "42",
        "activeFrames": "4",
        "recoveryFrames": "21",
        "framesOnHit": "D",
        "framesOnBlock": "-2",
        "vTriggerCancelHit": "D",
        "vTriggerCancelBlock": "17",
        "moveProperties": "High",
        "moveType": "V-System"
      },
      "[VS2] Sekieiken": {
        "moveCommand": "",
        "startUpFrames": "30",
        "activeFrames": "2",
        "recoveryFrames": "23",
        "framesOnHit": "1",
        "framesOnBlock": "-2",
        "vTriggerCancelHit": "15",
        "vTriggerCancelBlock": "12",
        "moveProperties": "High",
        "moveType": "V-System"
      },
      "Taigyaku Mudo": {
        "moveCommand": "",
        "startUpFrames": "1",
        "activeFrames": "",
        "recoveryFrames": "5",
        "framesOnHit": "",
        "framesOnBlock": "",
        "vTriggerCancelHit": "",
        "vTriggerCancelBlock": "",
        "moveProperties": "",
        "moveType": "V-System"
      },
      "V[VS1] Senha Kassatsu": {
        "moveCommand": "",
        "startUpFrames": "18",
        "activeFrames": "3",
        "recoveryFrames": "20",
        "framesOnHit": "D",
        "framesOnBlock": "0",
        "vTriggerCancelHit": "",
        "vTriggerCancelBlock": "",
        "moveProperties": "High",
        "moveType": "V-System"
      },
      "V[VS1] Senha Kassatsu (Hold Button)": {
        "moveCommand": "",
        "startUpFrames": "39",
        "activeFrames": "3",
        "recoveryFrames": "17",
        "framesOnHit": "(crumple)",
        "framesOnBlock": "6",
        "vTriggerCancelHit": "",
        "vTriggerCancelBlock": "",
        "moveProperties": "High",
        "moveType": "V-System"
      },
      "V[VS2] Sekieiken": {
        "moveCommand": "",
        "startUpFrames": "24",
        "activeFrames": "6",
        "recoveryFrames": "24",
        "framesOnHit": "D",
        "framesOnBlock": "-2",
        "vTriggerCancelHit": "",
        "vTriggerCancelBlock": "",
        "moveProperties": "High",
        "moveType": "V-System"
      },
      "V[VS2] Sekieiken (Airbone)": {
        "moveCommand": "",
        "startUpFrames": "24",
        "activeFrames": "Until landing/2 frame(s) after landing",
        "recoveryFrames": "26",
        "framesOnHit": "D",
        "framesOnBlock": "-4",
        "vTriggerCancelHit": "",
        "vTriggerCancelBlock": "",
        "moveProperties": "High",
        "moveType": "V-System"
      },
      "Senbugeki": {
        "moveCommand": "",
        "startUpFrames": "12",
        "activeFrames": "2",
        "recoveryFrames": "24",
        "framesOnHit": "2",
        "framesOnBlock": "-2",
        "vTriggerCancelHit": "",
        "vTriggerCancelBlock": "",
        "moveProperties": "High",
        "moveType": "V-System"
      },
      "Rikudo Osatsu": {
        "moveCommand": "",
        "startUpFrames": "1",
        "activeFrames": "",
        "recoveryFrames": "5",
        "framesOnHit": "",
        "framesOnBlock": "",
        "vTriggerCancelHit": "",
        "vTriggerCancelBlock": "",
        "moveProperties": "",
        "moveType": "V-System"
      }
    },
    "Normal Throws": {
      "Shoulder Throw": {
        "moveCommand": "",
        "startUpFrames": "5",
        "activeFrames": "3",
        "recoveryFrames": "17",
        "framesOnHit": "D",
        "framesOnBlock": "",
        "vTriggerCancelHit": "",
        "vTriggerCancelBlock": "",
        "moveProperties": "Throw",
        "moveType": "Normal Throws"
      },
      "Somersault Throw": {
        "moveCommand": "",
        "startUpFrames": "5",
        "activeFrames": "3",
        "recoveryFrames": "17",
        "framesOnHit": "D",
        "framesOnBlock": "",
        "vTriggerCancelHit": "",
        "vTriggerCancelBlock": "",
        "moveProperties": "Throw",
        "moveType": "Normal Throws"
      }
    }
  }
}
