{
  "Karin": {
    "DP": "EX Ressenha",
    "Normal Moves": {
      "Standing LP": {
        "moveCommand": "",
        "startUpFrames": "4",
        "activeFrames": "2",
        "recoveryFrames": "7",
        "framesOnHit": "4",
        "framesOnBlock": "2",
        "vTriggerCancelHit": "2",
        "vTriggerCancelBlock": "0",
        "moveProperties": "High",
        "moveType": "Normal Moves"
      },
      "Standing MP": {
        "moveCommand": "",
        "startUpFrames": "5",
        "activeFrames": "3",
        "recoveryFrames": "12",
        "framesOnHit": "4",
        "framesOnBlock": "1",
        "vTriggerCancelHit": "8",
        "vTriggerCancelBlock": "5",
        "moveProperties": "High",
        "moveType": "Normal Moves"
      },
      "Standing HP": {
        "moveCommand": "",
        "startUpFrames": "7",
        "activeFrames": "4",
        "recoveryFrames": "22",
        "framesOnHit": "2",
        "framesOnBlock": "-5",
        "vTriggerCancelHit": "16",
        "vTriggerCancelBlock": "9",
        "moveProperties": "High",
        "moveType": "Normal Moves"
      },
      "Standing LK": {
        "moveCommand": "",
        "startUpFrames": "4",
        "activeFrames": "3",
        "recoveryFrames": "8",
        "framesOnHit": "4",
        "framesOnBlock": "2",
        "vTriggerCancelHit": "4",
        "vTriggerCancelBlock": "2",
        "moveProperties": "High",
        "moveType": "Normal Moves"
      },
      "Standing MK": {
        "moveCommand": "",
        "startUpFrames": "8",
        "activeFrames": "3",
        "recoveryFrames": "16",
        "framesOnHit": "2",
        "framesOnBlock": "-4",
        "vTriggerCancelHit": "5",
        "vTriggerCancelBlock": "-1",
        "moveProperties": "High",
        "moveType": "Normal Moves"
      },
      "Standing HK": {
        "moveCommand": "",
        "startUpFrames": "12",
        "activeFrames": "2",
        "recoveryFrames": "23",
        "framesOnHit": "0",
        "framesOnBlock": "-4",
        "vTriggerCancelHit": "14",
        "vTriggerCancelBlock": "10",
        "moveProperties": "High",
        "moveType": "Normal Moves"
      },
      "Crouching LP": {
        "moveCommand": "",
        "startUpFrames": "3",
        "activeFrames": "2",
        "recoveryFrames": "8",
        "framesOnHit": "3",
        "framesOnBlock": "2",
        "vTriggerCancelHit": "1",
        "vTriggerCancelBlock": "0",
        "moveProperties": "High",
        "moveType": "Normal Moves"
      },
      "Crouching MP": {
        "moveCommand": "",
        "startUpFrames": "5",
        "activeFrames": "4",
        "recoveryFrames": "10",
        "framesOnHit": "6",
        "framesOnBlock": "2",
        "vTriggerCancelHit": "9",
        "vTriggerCancelBlock": "5",
        "moveProperties": "High",
        "moveType": "Normal Moves"
      },
      "Crouching HP": {
        "moveCommand": "",
        "startUpFrames": "7",
        "activeFrames": "4",
        "recoveryFrames": "22",
        "framesOnHit": "-3",
        "framesOnBlock": "-7",
        "vTriggerCancelHit": "10",
        "vTriggerCancelBlock": "6",
        "moveProperties": "High",
        "moveType": "Normal Moves"
      },
      "Crouching LK": {
        "moveCommand": "",
        "startUpFrames": "4",
        "activeFrames": "2",
        "recoveryFrames": "8",
        "framesOnHit": "2",
        "framesOnBlock": "0",
        "vTriggerCancelHit": "1",
        "vTriggerCancelBlock": "-1",
        "moveProperties": "Low",
        "moveType": "Normal Moves"
      },
      "Crouching MK": {
        "moveCommand": "",
        "startUpFrames": "6",
        "activeFrames": "2",
        "recoveryFrames": "14",
        "framesOnHit": "-1",
        "framesOnBlock": "-4",
        "vTriggerCancelHit": "3",
        "vTriggerCancelBlock": "0",
        "moveProperties": "Low",
        "moveType": "Normal Moves"
      },
      "Crouching HK": {
        "moveCommand": "",
        "startUpFrames": "9",
        "activeFrames": "3",
        "recoveryFrames": "23",
        "framesOnHit": "D",
        "framesOnBlock": "-14",
        "vTriggerCancelHit": "D",
        "vTriggerCancelBlock": "4",
        "moveProperties": "Low",
        "moveType": "Normal Moves"
      },
      "Jumping LP": {
        "moveCommand": "",
        "startUpFrames": "3",
        "activeFrames": "5",
        "recoveryFrames": "",
        "framesOnHit": "",
        "framesOnBlock": "",
        "vTriggerCancelHit": "",
        "vTriggerCancelBlock": "",
        "moveProperties": "Mid",
        "moveType": "Normal Moves"
      },
      "Jumping MP": {
        "moveCommand": "",
        "startUpFrames": "6",
        "activeFrames": "6",
        "recoveryFrames": "",
        "framesOnHit": "",
        "framesOnBlock": "",
        "vTriggerCancelHit": "",
        "vTriggerCancelBlock": "",
        "moveProperties": "Mid",
        "moveType": "Normal Moves"
      },
      "Jumping HP": {
        "moveCommand": "",
        "startUpFrames": "7",
        "activeFrames": "5",
        "recoveryFrames": "",
        "framesOnHit": "",
        "framesOnBlock": "",
        "vTriggerCancelHit": "",
        "vTriggerCancelBlock": "",
        "moveProperties": "Mid",
        "moveType": "Normal Moves"
      },
      "Jumping LK": {
        "moveCommand": "",
        "startUpFrames": "4",
        "activeFrames": "6",
        "recoveryFrames": "",
        "framesOnHit": "",
        "framesOnBlock": "",
        "vTriggerCancelHit": "",
        "vTriggerCancelBlock": "",
        "moveProperties": "Mid",
        "moveType": "Normal Moves"
      },
      "Jumping MK": {
        "moveCommand": "",
        "startUpFrames": "6",
        "activeFrames": "6",
        "recoveryFrames": "",
        "framesOnHit": "",
        "framesOnBlock": "",
        "vTriggerCancelHit": "",
        "vTriggerCancelBlock": "",
        "moveProperties": "Mid",
        "moveType": "Normal Moves"
      },
      "Jumping HK": {
        "moveCommand": "",
        "startUpFrames": "9",
        "activeFrames": "4",
        "recoveryFrames": "",
        "framesOnHit": "",
        "framesOnBlock": "",
        "vTriggerCancelHit": "",
        "vTriggerCancelBlock": "",
        "moveProperties": "Mid",
        "moveType": "Normal Moves"
      }
    },
    "Special Moves": {
      "Tsumujigari": {
        "moveCommand": "Forward Forward",
        "startUpFrames": "22",
        "activeFrames": "2",
        "recoveryFrames": "21",
        "framesOnHit": "0",
        "framesOnBlock": "-7",
        "vTriggerCancelHit": "",
        "vTriggerCancelBlock": "",
        "moveProperties": "Mid",
        "moveType": "Special Moves"
      },
      "Ku-Renge": {
        "moveCommand": "",
        "startUpFrames": "7",
        "activeFrames": "5",
        "recoveryFrames": "",
        "framesOnHit": "",
        "framesOnBlock": "",
        "vTriggerCancelHit": "",
        "vTriggerCancelBlock": "",
        "moveProperties": "Mid",
        "moveType": "Special Moves"
      },
      "L Kanzuki-Ryu Hokojutsu Seppo": {
        "moveCommand": "",
        "startUpFrames": "",
        "activeFrames": "",
        "recoveryFrames": "24 total frames",
        "framesOnHit": "",
        "framesOnBlock": "",
        "vTriggerCancelHit": "",
        "vTriggerCancelBlock": "",
        "moveProperties": "",
        "moveType": "Special Moves"
      },
      "M Kanzuki-Ryu Hokojutsu Seppo": {
        "moveCommand": "",
        "startUpFrames": "",
        "activeFrames": "",
        "recoveryFrames": "25 total frames",
        "framesOnHit": "",
        "framesOnBlock": "",
        "vTriggerCancelHit": "",
        "vTriggerCancelBlock": "",
        "moveProperties": "",
        "moveType": "Special Moves"
      },
      "H Kanzuki-Ryu Hokojutsu Seppo": {
        "moveCommand": "",
        "startUpFrames": "",
        "activeFrames": "",
        "recoveryFrames": "26 total frames",
        "framesOnHit": "",
        "framesOnBlock": "",
        "vTriggerCancelHit": "",
        "vTriggerCancelBlock": "",
        "moveProperties": "",
        "moveType": "Special Moves"
      },
      "EX Kanzuki-Ryu Hokojutsu Seppo": {
        "moveCommand": "",
        "startUpFrames": "",
        "activeFrames": "",
        "recoveryFrames": "21 total frames",
        "framesOnHit": "",
        "framesOnBlock": "",
        "vTriggerCancelHit": "",
        "vTriggerCancelBlock": "",
        "moveProperties": "",
        "moveType": "Special Moves"
      },
      "Tenko": {
        "moveCommand": "",
        "startUpFrames": "9",
        "activeFrames": "3",
        "recoveryFrames": "21",
        "framesOnHit": "D",
        "framesOnBlock": "-10",
        "vTriggerCancelHit": "",
        "vTriggerCancelBlock": "",
        "moveProperties": "High",
        "moveType": "Special Moves"
      },
      "Tenko (Fastest)": {
        "moveCommand": "",
        "startUpFrames": "6",
        "activeFrames": "4",
        "recoveryFrames": "20",
        "framesOnHit": "D",
        "framesOnBlock": "-10",
        "vTriggerCancelHit": "",
        "vTriggerCancelBlock": "",
        "moveProperties": "High",
        "moveType": "Special Moves"
      },
      "EX Tenko": {
        "moveCommand": "",
        "startUpFrames": "6",
        "activeFrames": "4",
        "recoveryFrames": "18",
        "framesOnHit": "D",
        "framesOnBlock": "-7",
        "vTriggerCancelHit": "",
        "vTriggerCancelBlock": "",
        "moveProperties": "High",
        "moveType": "Special Moves"
      },
      "Orochi": {
        "moveCommand": "",
        "startUpFrames": "11",
        "activeFrames": "4",
        "recoveryFrames": "20",
        "framesOnHit": "2",
        "framesOnBlock": "-2",
        "vTriggerCancelHit": "",
        "vTriggerCancelBlock": "",
        "moveProperties": "High",
        "moveType": "Special Moves"
      },
      "EX Orochi": {
        "moveCommand": "",
        "startUpFrames": "12",
        "activeFrames": "4",
        "recoveryFrames": "27",
        "framesOnHit": "(crumple)",
        "framesOnBlock": "-7",
        "vTriggerCancelHit": "",
        "vTriggerCancelBlock": "",
        "moveProperties": "High",
        "moveType": "Special Moves"
      },
      "L Mujinkyaku": {
        "moveCommand": "",
        "startUpFrames": "11",
        "activeFrames": "6",
        "recoveryFrames": "19",
        "framesOnHit": "2",
        "framesOnBlock": "-7",
        "vTriggerCancelHit": "",
        "vTriggerCancelBlock": "",
        "moveProperties": "High",
        "moveType": "Special Moves"
      },
      "M Mujinkyaku": {
        "moveCommand": "",
        "startUpFrames": "11",
        "activeFrames": "8",
        "recoveryFrames": "23",
        "framesOnHit": "2",
        "framesOnBlock": "-6",
        "vTriggerCancelHit": "",
        "vTriggerCancelBlock": "",
        "moveProperties": "High/Mid",
        "moveType": "Special Moves"
      },
      "H Mujinkyaku": {
        "moveCommand": "",
        "startUpFrames": "13",
        "activeFrames": "12",
        "recoveryFrames": "31",
        "framesOnHit": "D",
        "framesOnBlock": "-15",
        "vTriggerCancelHit": "",
        "vTriggerCancelBlock": "",
        "moveProperties": "High",
        "moveType": "Special Moves"
      },
      "EX Mujinkyaku": {
        "moveCommand": "",
        "startUpFrames": "8",
        "activeFrames": "12",
        "recoveryFrames": "17",
        "framesOnHit": "D",
        "framesOnBlock": "-2",
        "vTriggerCancelHit": "",
        "vTriggerCancelBlock": "",
        "moveProperties": "High",
        "moveType": "Special Moves"
      },
      "L Ressenha": {
        "moveCommand": "",
        "startUpFrames": "16",
        "activeFrames": "5",
        "recoveryFrames": "19",
        "framesOnHit": "2",
        "framesOnBlock": "-6",
        "vTriggerCancelHit": "",
        "vTriggerCancelBlock": "",
        "moveProperties": "High/Mid",
        "moveType": "Special Moves"
      },
      "M Ressenha": {
        "moveCommand": "",
        "startUpFrames": "21",
        "activeFrames": "6",
        "recoveryFrames": "18",
        "framesOnHit": "2",
        "framesOnBlock": "-5",
        "vTriggerCancelHit": "",
        "vTriggerCancelBlock": "",
        "moveProperties": "High/Mid",
        "moveType": "Special Moves"
      },
      "H Ressenha": {
        "moveCommand": "",
        "startUpFrames": "26",
        "activeFrames": "5",
        "recoveryFrames": "17",
        "framesOnHit": "1",
        "framesOnBlock": "-4",
        "vTriggerCancelHit": "",
        "vTriggerCancelBlock": "",
        "moveProperties": "High/Mid",
        "moveType": "Special Moves"
      },
      "EX Ressenha": {
        "moveCommand": "",
        "startUpFrames": "5",
        "activeFrames": "6",
        "recoveryFrames": "23+12 frame(s) after landing",
        "framesOnHit": "D",
        "framesOnBlock": "-41",
        "vTriggerCancelHit": "",
        "vTriggerCancelBlock": "",
        "moveProperties": "High",
        "moveType": "Special Moves"
      },
      "Senha Resshu": {
        "moveCommand": "",
        "startUpFrames": "23",
        "activeFrames": "2",
        "recoveryFrames": "8+14 frame(s) after landing",
        "framesOnHit": "D",
        "framesOnBlock": "",
        "vTriggerCancelHit": "",
        "vTriggerCancelBlock": "",
        "moveProperties": "Throw",
        "moveType": "Special Moves"
      },
      "Senha Kusabi": {
        "moveCommand": "",
        "startUpFrames": "15",
        "activeFrames": "8",
        "recoveryFrames": "20",
        "framesOnHit": "D",
        "framesOnBlock": "-9",
        "vTriggerCancelHit": "",
        "vTriggerCancelBlock": "",
        "moveProperties": "Low",
        "moveType": "Special Moves"
      },
      "V-Guren Ken": {
        "moveCommand": "",
        "startUpFrames": "12",
        "activeFrames": "8",
        "recoveryFrames": "19",
        "framesOnHit": "-2",
        "framesOnBlock": "-6",
        "vTriggerCancelHit": "",
        "vTriggerCancelBlock": "",
        "moveProperties": "High",
        "moveType": "Special Moves"
      },
      "V-Guren Hosho": {
        "moveCommand": "",
        "startUpFrames": "13",
        "activeFrames": "4",
        "recoveryFrames": "32",
        "framesOnHit": "D",
        "framesOnBlock": "-9",
        "vTriggerCancelHit": "",
        "vTriggerCancelBlock": "",
        "moveProperties": "High",
        "moveType": "Special Moves"
      },
      "V-Guren Senha": {
        "moveCommand": "",
        "startUpFrames": "16",
        "activeFrames": "5",
        "recoveryFrames": "19",
        "framesOnHit": "4",
        "framesOnBlock": "-2",
        "vTriggerCancelHit": "",
        "vTriggerCancelBlock": "",
        "moveProperties": "High/Mid",
        "moveType": "Special Moves"
      },
      "V-Guren Chochu": {
        "moveCommand": "",
        "startUpFrames": "16",
        "activeFrames": "5",
        "recoveryFrames": "17",
        "framesOnHit": "2",
        "framesOnBlock": "1",
        "vTriggerCancelHit": "",
        "vTriggerCancelBlock": "",
        "moveProperties": "High",
        "moveType": "Special Moves"
      },
      "V-Guren Hochu": {
        "moveCommand": "",
        "startUpFrames": "24",
        "activeFrames": "3",
        "recoveryFrames": "24",
        "framesOnHit": "D",
        "framesOnBlock": "-11",
        "vTriggerCancelHit": "",
        "vTriggerCancelBlock": "",
        "moveProperties": "High",
        "moveType": "Special Moves"
      },
      "V-Guren Resshu": {
        "moveCommand": "",
        "startUpFrames": "22",
        "activeFrames": "6",
        "recoveryFrames": "5+14 frame(s) after landing",
        "framesOnHit": "D",
        "framesOnBlock": "",
        "vTriggerCancelHit": "",
        "vTriggerCancelBlock": "",
        "moveProperties": "Throw",
        "moveType": "Special Moves"
      },
      "V-Guren Kusabi": {
        "moveCommand": "",
        "startUpFrames": "13",
        "activeFrames": "11",
        "recoveryFrames": "18",
        "framesOnHit": "D",
        "framesOnBlock": "-10",
        "vTriggerCancelHit": "",
        "vTriggerCancelBlock": "",
        "moveProperties": "Low",
        "moveType": "Special Moves"
      },
      "V-Guren Kyoho": {
        "moveCommand": "",
        "startUpFrames": "",
        "activeFrames": "",
        "recoveryFrames": "13 total frames",
        "framesOnHit": "-4",
        "framesOnBlock": "-8",
        "vTriggerCancelHit": "",
        "vTriggerCancelBlock": "",
        "moveProperties": "",
        "moveType": "Special Moves"
      },
      "V-Yasha Gaeshi (Stance)": {
        "moveCommand": "",
        "startUpFrames": "2",
        "activeFrames": "12",
        "recoveryFrames": "36",
        "framesOnHit": "",
        "framesOnBlock": "",
        "vTriggerCancelHit": "",
        "vTriggerCancelBlock": "",
        "moveProperties": "",
        "moveType": "Special Moves"
      },
      "V-Yasha Gaeshi Ten": {
        "moveCommand": "",
        "startUpFrames": "0",
        "activeFrames": "3",
        "recoveryFrames": "18",
        "framesOnHit": "D",
        "framesOnBlock": "",
        "vTriggerCancelHit": "",
        "vTriggerCancelBlock": "",
        "moveProperties": "",
        "moveType": "Special Moves"
      },
      "V-Yasha Gaeshi Chi": {
        "moveCommand": "",
        "startUpFrames": "0",
        "activeFrames": "3",
        "recoveryFrames": "36",
        "framesOnHit": "(crumple)",
        "framesOnBlock": "",
        "vTriggerCancelHit": "",
        "vTriggerCancelBlock": "",
        "moveProperties": "",
        "moveType": "Special Moves"
      }
    },
    "Critical Art": {
      "Kanzuki-Ryu Hadorokushiki Hasha No Kata": {
        "moveCommand": "",
        "startUpFrames": "1+4",
        "activeFrames": "13",
        "recoveryFrames": "14+24 frame(s) after landing",
        "framesOnHit": "D",
        "framesOnBlock": "-18",
        "vTriggerCancelHit": "",
        "vTriggerCancelBlock": "",
        "moveProperties": "High",
        "moveType": "Critical Art"
      }
    },
    "V-System": {
      "[VS1] Meioken": {
        "moveCommand": "",
        "startUpFrames": "14",
        "activeFrames": "5",
        "recoveryFrames": "17",
        "framesOnHit": "D",
        "framesOnBlock": "-5",
        "vTriggerCancelHit": "D",
        "vTriggerCancelBlock": "5",
        "moveProperties": "High",
        "moveType": "V-System"
      },
      "[VS1] Meioken (Hold Button)": {
        "moveCommand": "",
        "startUpFrames": "21",
        "activeFrames": "5",
        "recoveryFrames": "18",
        "framesOnHit": "D",
        "framesOnBlock": "-2",
        "vTriggerCancelHit": "D",
        "vTriggerCancelBlock": "14",
        "moveProperties": "High",
        "moveType": "V-System"
      },
      "[VS2] Fudo Sosho": {
        "moveCommand": "",
        "startUpFrames": "11",
        "activeFrames": "5",
        "recoveryFrames": "21",
        "framesOnHit": "3",
        "framesOnBlock": "-2",
        "vTriggerCancelHit": "20",
        "vTriggerCancelBlock": "15",
        "moveProperties": "High",
        "moveType": "V-System"
      },
      "[VS2] Fudo Sosho (Hold Button)": {
        "moveCommand": "",
        "startUpFrames": "30",
        "activeFrames": "5",
        "recoveryFrames": "17",
        "framesOnHit": "4",
        "framesOnBlock": "3",
        "vTriggerCancelHit": "17",
        "vTriggerCancelBlock": "16",
        "moveProperties": "High",
        "moveType": "V-System"
      },
      "Kanzuki-Ryu Guren No Kata": {
        "moveCommand": "",
        "startUpFrames": "1",
        "activeFrames": "",
        "recoveryFrames": "4",
        "framesOnHit": "",
        "framesOnBlock": "",
        "vTriggerCancelHit": "",
        "vTriggerCancelBlock": "",
        "moveProperties": "",
        "moveType": "V-System"
      },
      "Ressencho": {
        "moveCommand": "",
        "startUpFrames": "17",
        "activeFrames": "2",
        "recoveryFrames": "24",
        "framesOnHit": "D",
        "framesOnBlock": "-2",
        "vTriggerCancelHit": "",
        "vTriggerCancelBlock": "",
        "moveProperties": "High",
        "moveType": "V-System"
      },
      "Tenha No Kata": {
        "moveCommand": "",
        "startUpFrames": "1",
        "activeFrames": "",
        "recoveryFrames": "4",
        "framesOnHit": "",
        "framesOnBlock": "",
        "vTriggerCancelHit": "",
        "vTriggerCancelBlock": "",
        "moveProperties": "",
        "moveType": "V-System"
      },
      "Yashagaeshi": {
        "moveCommand": "",
        "startUpFrames": "17",
        "activeFrames": "2",
        "recoveryFrames": "24",
        "framesOnHit": "D",
        "framesOnBlock": "-2",
        "vTriggerCancelHit": "",
        "vTriggerCancelBlock": "",
        "moveProperties": "High",
        "moveType": "V-System"
      }
    },
    "Normal Throws": {
      "Hajotsui": {
        "moveCommand": "",
        "startUpFrames": "5",
        "activeFrames": "3",
        "recoveryFrames": "17",
        "framesOnHit": "",
        "framesOnBlock": "",
        "vTriggerCancelHit": "",
        "vTriggerCancelBlock": "",
        "moveProperties": "Throw",
        "moveType": "Normal Throws"
      },
      "Arakuma Inashi": {
        "moveCommand": "",
        "startUpFrames": "5",
        "activeFrames": "3",
        "recoveryFrames": "17",
        "framesOnHit": "",
        "framesOnBlock": "",
        "vTriggerCancelHit": "",
        "vTriggerCancelBlock": "",
        "moveProperties": "Throw",
        "moveType": "Normal Throws"
      }
    }
  }
}
