{
  "Ken": {
    "Fireball": "Hadoken",
    "DP": "Shoryuken",
    "Tatsu": "Tatsumaki Senpukyaku",
    "Air Tatsu": "Airborne Tatsumaki Senpukyaku",
    "Normal Moves": {
      "Standing LP": {
        "moveCommand": "",
        "startUpFrames": "4",
        "activeFrames": "2",
        "recoveryFrames": "7",
        "framesOnHit": "5",
        "framesOnBlock": "2",
        "vTriggerCancelHit": "0",
        "vTriggerCancelBlock": "-3",
        "moveProperties": "High",
        "moveType": "Normal Moves"
      },
      "Standing MP": {
        "moveCommand": "",
        "startUpFrames": "7",
        "activeFrames": "2",
        "recoveryFrames": "15",
        "framesOnHit": "3",
        "framesOnBlock": "2",
        "vTriggerCancelHit": "6",
        "vTriggerCancelBlock": "5",
        "moveProperties": "High",
        "moveType": "Normal Moves"
      },
      "Standing HP": {
        "moveCommand": "",
        "startUpFrames": "9",
        "activeFrames": "2",
        "recoveryFrames": "20",
        "framesOnHit": "5",
        "framesOnBlock": "-3",
        "vTriggerCancelHit": "13",
        "vTriggerCancelBlock": "5",
        "moveProperties": "High",
        "moveType": "Normal Moves"
      },
      "Standing LK": {
        "moveCommand": "",
        "startUpFrames": "4",
        "activeFrames": "2",
        "recoveryFrames": "9",
        "framesOnHit": "3",
        "framesOnBlock": "-1",
        "vTriggerCancelHit": "0",
        "vTriggerCancelBlock": "-4",
        "moveProperties": "High",
        "moveType": "Normal Moves"
      },
      "Standing MK": {
        "moveCommand": "",
        "startUpFrames": "8",
        "activeFrames": "3",
        "recoveryFrames": "19",
        "framesOnHit": "1",
        "framesOnBlock": "-2",
        "vTriggerCancelHit": "9",
        "vTriggerCancelBlock": "6",
        "moveProperties": "High",
        "moveType": "Normal Moves"
      },
      "Standing HK": {
        "moveCommand": "",
        "startUpFrames": "14",
        "activeFrames": "2",
        "recoveryFrames": "26",
        "framesOnHit": "3",
        "framesOnBlock": "-4",
        "vTriggerCancelHit": "10",
        "vTriggerCancelBlock": "3",
        "moveProperties": "High",
        "moveType": "Normal Moves"
      },
      "Crouching LP": {
        "moveCommand": "",
        "startUpFrames": "4",
        "activeFrames": "3",
        "recoveryFrames": "7",
        "framesOnHit": "4",
        "framesOnBlock": "2",
        "vTriggerCancelHit": "0",
        "vTriggerCancelBlock": "-2",
        "moveProperties": "High",
        "moveType": "Normal Moves"
      },
      "Crouching MP": {
        "moveCommand": "",
        "startUpFrames": "6",
        "activeFrames": "3",
        "recoveryFrames": "12",
        "framesOnHit": "5",
        "framesOnBlock": "2",
        "vTriggerCancelHit": "6",
        "vTriggerCancelBlock": "3",
        "moveProperties": "High",
        "moveType": "Normal Moves"
      },
      "Crouching HP": {
        "moveCommand": "",
        "startUpFrames": "6",
        "activeFrames": "5",
        "recoveryFrames": "22",
        "framesOnHit": "-4",
        "framesOnBlock": "-9",
        "vTriggerCancelHit": "8",
        "vTriggerCancelBlock": "3",
        "moveProperties": "High",
        "moveType": "Normal Moves"
      },
      "Crouching LK": {
        "moveCommand": "",
        "startUpFrames": "4",
        "activeFrames": "2",
        "recoveryFrames": "7",
        "framesOnHit": "4",
        "framesOnBlock": "1",
        "vTriggerCancelHit": "-1",
        "vTriggerCancelBlock": "-4",
        "moveProperties": "Low",
        "moveType": "Normal Moves"
      },
      "Crouching MK": {
        "moveCommand": "",
        "startUpFrames": "6",
        "activeFrames": "2",
        "recoveryFrames": "14",
        "framesOnHit": "2",
        "framesOnBlock": "-4",
        "vTriggerCancelHit": "3",
        "vTriggerCancelBlock": "-3",
        "moveProperties": "Low",
        "moveType": "Normal Moves"
      },
      "Crouching HK": {
        "moveCommand": "",
        "startUpFrames": "8",
        "activeFrames": "3",
        "recoveryFrames": "23",
        "framesOnHit": "D",
        "framesOnBlock": "-12",
        "vTriggerCancelHit": "D",
        "vTriggerCancelBlock": "0",
        "moveProperties": "Low",
        "moveType": "Normal Moves"
      },
      "Jumping LP": {
        "moveCommand": "",
        "startUpFrames": "3",
        "activeFrames": "6",
        "recoveryFrames": "",
        "framesOnHit": "",
        "framesOnBlock": "",
        "vTriggerCancelHit": "",
        "vTriggerCancelBlock": "",
        "moveProperties": "Mid",
        "moveType": "Normal Moves"
      },
      "Jumping MP": {
        "moveCommand": "",
        "startUpFrames": "5",
        "activeFrames": "6",
        "recoveryFrames": "",
        "framesOnHit": "",
        "framesOnBlock": "",
        "vTriggerCancelHit": "",
        "vTriggerCancelBlock": "",
        "moveProperties": "Mid",
        "moveType": "Normal Moves"
      },
      "Jumping HP": {
        "moveCommand": "",
        "startUpFrames": "9",
        "activeFrames": "4",
        "recoveryFrames": "",
        "framesOnHit": "",
        "framesOnBlock": "",
        "vTriggerCancelHit": "",
        "vTriggerCancelBlock": "",
        "moveProperties": "Mid",
        "moveType": "Normal Moves"
      },
      "Jumping LK": {
        "moveCommand": "",
        "startUpFrames": "4",
        "activeFrames": "7",
        "recoveryFrames": "",
        "framesOnHit": "",
        "framesOnBlock": "",
        "vTriggerCancelHit": "",
        "vTriggerCancelBlock": "",
        "moveProperties": "Mid",
        "moveType": "Normal Moves"
      },
      "Jumping MK": {
        "moveCommand": "",
        "startUpFrames": "6",
        "activeFrames": "5",
        "recoveryFrames": "",
        "framesOnHit": "",
        "framesOnBlock": "",
        "vTriggerCancelHit": "",
        "vTriggerCancelBlock": "",
        "moveProperties": "Mid",
        "moveType": "Normal Moves"
      },
      "Jumping HK": {
        "moveCommand": "",
        "startUpFrames": "8",
        "activeFrames": "5",
        "recoveryFrames": "",
        "framesOnHit": "",
        "framesOnBlock": "",
        "vTriggerCancelHit": "",
        "vTriggerCancelBlock": "",
        "moveProperties": "Mid",
        "moveType": "Normal Moves"
      }
    },
    "Special Moves": {
      "Inazuma Kick": {
        "moveCommand": "Back Forward",
        "startUpFrames": "22",
        "activeFrames": "3",
        "recoveryFrames": "19",
        "framesOnHit": "1",
        "framesOnBlock": "-7",
        "vTriggerCancelHit": "",
        "vTriggerCancelBlock": "",
        "moveProperties": "Mid",
        "moveType": "Special Moves"
      },
      "Thunder Kick": {
        "moveCommand": "Forward Roundhouse",
        "startUpFrames": "26",
        "activeFrames": "3",
        "recoveryFrames": "22",
        "framesOnHit": "2",
        "framesOnBlock": "-7",
        "vTriggerCancelHit": "",
        "vTriggerCancelBlock": "",
        "moveProperties": "Mid",
        "moveType": "Special Moves"
      },
      "Thunder Kick (Feint)": {
        "moveCommand": "Forward Roundhouse",
        "startUpFrames": "",
        "activeFrames": "",
        "recoveryFrames": "34 total frames",
        "framesOnHit": "",
        "framesOnBlock": "",
        "vTriggerCancelHit": "",
        "vTriggerCancelBlock": "",
        "moveProperties": "",
        "moveType": "Special Moves"
      },
      "Chin Buster": {
        "moveCommand": "Back Strong",
        "startUpFrames": "5",
        "activeFrames": "2",
        "recoveryFrames": "17",
        "framesOnHit": "0",
        "framesOnBlock": "-2",
        "vTriggerCancelHit": "5",
        "vTriggerCancelBlock": "3",
        "moveProperties": "High",
        "moveType": "Special Moves"
      },
      "Chin Buster 2nd": {
        "moveCommand": "",
        "startUpFrames": "6",
        "activeFrames": "3",
        "recoveryFrames": "27",
        "framesOnHit": "D",
        "framesOnBlock": "-13",
        "vTriggerCancelHit": "D",
        "vTriggerCancelBlock": "3",
        "moveProperties": "High",
        "moveType": "Special Moves"
      },
      "Lion Breaker": {
        "moveCommand": "",
        "startUpFrames": "10",
        "activeFrames": "4",
        "recoveryFrames": "20",
        "framesOnHit": "D",
        "framesOnBlock": "-6",
        "vTriggerCancelHit": "D",
        "vTriggerCancelBlock": "2",
        "moveProperties": "High",
        "moveType": "Special Moves"
      },
      "Hadoken": {
        "moveCommand": "",
        "startUpFrames": "14",
        "activeFrames": "",
        "recoveryFrames": "49 total frames",
        "framesOnHit": "-2",
        "framesOnBlock": "-8",
        "vTriggerCancelHit": "20",
        "vTriggerCancelBlock": "14",
        "moveProperties": "High",
        "moveType": "Special Moves"
      },
      "V-Hadoken": {
        "moveCommand": "",
        "startUpFrames": "13",
        "activeFrames": "",
        "recoveryFrames": "48 total frames",
        "framesOnHit": "D",
        "framesOnBlock": "-7",
        "vTriggerCancelHit": "",
        "vTriggerCancelBlock": "",
        "moveProperties": "High",
        "moveType": "Special Moves"
      },
      "EX Hadoken": {
        "moveCommand": "",
        "startUpFrames": "12",
        "activeFrames": "",
        "recoveryFrames": "45 total frames",
        "framesOnHit": "3",
        "framesOnBlock": "1",
        "vTriggerCancelHit": "23",
        "vTriggerCancelBlock": "21",
        "moveProperties": "High",
        "moveType": "Special Moves"
      },
      "V-EX Hadoken": {
        "moveCommand": "",
        "startUpFrames": "12",
        "activeFrames": "",
        "recoveryFrames": "44 total frames",
        "framesOnHit": "D",
        "framesOnBlock": "3",
        "vTriggerCancelHit": "",
        "vTriggerCancelBlock": "",
        "moveProperties": "High",
        "moveType": "Special Moves"
      },
      "L Shoryuken": {
        "moveCommand": "",
        "startUpFrames": "3",
        "activeFrames": "11",
        "recoveryFrames": "21+9 frame(s) after landing",
        "framesOnHit": "D",
        "framesOnBlock": "-25",
        "vTriggerCancelHit": "D",
        "vTriggerCancelBlock": "-7",
        "moveProperties": "High",
        "moveType": "Special Moves"
      },
      "M Shoryuken": {
        "moveCommand": "",
        "startUpFrames": "4",
        "activeFrames": "12",
        "recoveryFrames": "24+11 frame(s) after landing",
        "framesOnHit": "D",
        "framesOnBlock": "-26",
        "vTriggerCancelHit": "D",
        "vTriggerCancelBlock": "-7",
        "moveProperties": "High",
        "moveType": "Special Moves"
      },
      "H Shoryuken": {
        "moveCommand": "",
        "startUpFrames": "4",
        "activeFrames": "13",
        "recoveryFrames": "30+13 frame(s) after landing",
        "framesOnHit": "D",
        "framesOnBlock": "-34",
        "vTriggerCancelHit": "-12/D",
        "vTriggerCancelBlock": "-7",
        "moveProperties": "High",
        "moveType": "Special Moves"
      },
      "V-L Shoryuken": {
        "moveCommand": "",
        "startUpFrames": "3",
        "activeFrames": "12",
        "recoveryFrames": "20+7 frame(s) after landing",
        "framesOnHit": "D",
        "framesOnBlock": "-21",
        "vTriggerCancelHit": "",
        "vTriggerCancelBlock": "",
        "moveProperties": "High",
        "moveType": "Special Moves"
      },
      "V-M Shoryuken": {
        "moveCommand": "",
        "startUpFrames": "4",
        "activeFrames": "13",
        "recoveryFrames": "23+11 frame(s) after landing",
        "framesOnHit": "D",
        "framesOnBlock": "-24",
        "vTriggerCancelHit": "",
        "vTriggerCancelBlock": "",
        "moveProperties": "High",
        "moveType": "Special Moves"
      },
      "V-H Shoryuken": {
        "moveCommand": "",
        "startUpFrames": "4",
        "activeFrames": "14",
        "recoveryFrames": "31+13 frame(s) after landing",
        "framesOnHit": "D",
        "framesOnBlock": "-34",
        "vTriggerCancelHit": "",
        "vTriggerCancelBlock": "",
        "moveProperties": "High",
        "moveType": "Special Moves"
      },
      "EX Shoryuken": {
        "moveCommand": "",
        "startUpFrames": "4",
        "activeFrames": "15",
        "recoveryFrames": "47+13 frame(s) after landing",
        "framesOnHit": "D",
        "framesOnBlock": "-45",
        "vTriggerCancelHit": "7/7/-/2/2/D",
        "vTriggerCancelBlock": "-7",
        "moveProperties": "High",
        "moveType": "Special Moves"
      },
      "V-EX Shoryuken": {
        "moveCommand": "",
        "startUpFrames": "4",
        "activeFrames": "19",
        "recoveryFrames": "43+13 frame(s) after landing",
        "framesOnHit": "D",
        "framesOnBlock": "-40",
        "vTriggerCancelHit": "",
        "vTriggerCancelBlock": "",
        "moveProperties": "High",
        "moveType": "Special Moves"
      },
      "L Tatsumaki Senpukyaku": {
        "moveCommand": "",
        "startUpFrames": "3",
        "activeFrames": "6",
        "recoveryFrames": "14+11 frame(s) after landing",
        "framesOnHit": "D",
        "framesOnBlock": "-8",
        "vTriggerCancelHit": "D",
        "vTriggerCancelBlock": "2",
        "moveProperties": "High",
        "moveType": "Special Moves"
      },
      "M Tatsumaki Senpukyaku": {
        "moveCommand": "",
        "startUpFrames": "6",
        "activeFrames": "10",
        "recoveryFrames": "14+10 frame(s) after landing",
        "framesOnHit": "D",
        "framesOnBlock": "-9",
        "vTriggerCancelHit": "D",
        "vTriggerCancelBlock": "9",
        "moveProperties": "High",
        "moveType": "Special Moves"
      },
      "H Tatsumaki Senpukyaku": {
        "moveCommand": "",
        "startUpFrames": "14",
        "activeFrames": "10",
        "recoveryFrames": "5+16 frame(s) after landing",
        "framesOnHit": "D/3",
        "framesOnBlock": "-4",
        "vTriggerCancelHit": "",
        "vTriggerCancelBlock": "",
        "moveProperties": "High",
        "moveType": "Special Moves"
      },
      "V-L Tatsumaki Senpukyaku": {
        "moveCommand": "",
        "startUpFrames": "3",
        "activeFrames": "6",
        "recoveryFrames": "14+9 frame(s) after landing",
        "framesOnHit": "D",
        "framesOnBlock": "-8",
        "vTriggerCancelHit": "",
        "vTriggerCancelBlock": "",
        "moveProperties": "High",
        "moveType": "Special Moves"
      },
      "V-M Tatsumaki Senpukyaku": {
        "moveCommand": "",
        "startUpFrames": "6",
        "activeFrames": "13",
        "recoveryFrames": "13+18 frame(s) after landing",
        "framesOnHit": "D",
        "framesOnBlock": "-9",
        "vTriggerCancelHit": "",
        "vTriggerCancelBlock": "",
        "moveProperties": "High",
        "moveType": "Special Moves"
      },
      "V-H Tatsumaki Senpukyaku": {
        "moveCommand": "",
        "startUpFrames": "13",
        "activeFrames": "11",
        "recoveryFrames": "5+16 frame(s) after landing",
        "framesOnHit": "D",
        "framesOnBlock": "-2",
        "vTriggerCancelHit": "",
        "vTriggerCancelBlock": "",
        "moveProperties": "High",
        "moveType": "Special Moves"
      },
      "EX Tatsumaki Senpukyaku": {
        "moveCommand": "",
        "startUpFrames": "8",
        "activeFrames": "13",
        "recoveryFrames": "32+13 frame(s) after landing",
        "framesOnHit": "D",
        "framesOnBlock": "-58",
        "vTriggerCancelHit": "",
        "vTriggerCancelBlock": "",
        "moveProperties": "High",
        "moveType": "Special Moves"
      },
      "V-EX Tatsumaki Senpukyaku": {
        "moveCommand": "",
        "startUpFrames": "6",
        "activeFrames": "13",
        "recoveryFrames": "32+13 frame(s) after landing",
        "framesOnHit": "D",
        "framesOnBlock": "-58",
        "vTriggerCancelHit": "",
        "vTriggerCancelBlock": "",
        "moveProperties": "High",
        "moveType": "Special Moves"
      },
      "L Airborne Tatsumaki Senpukyaku": {
        "moveCommand": "",
        "startUpFrames": "9",
        "activeFrames": "6",
        "recoveryFrames": "10 frame(s) after landing",
        "framesOnHit": "",
        "framesOnBlock": "",
        "vTriggerCancelHit": "",
        "vTriggerCancelBlock": "",
        "moveProperties": "High",
        "moveType": "Special Moves"
      },
      "M Airborne Tatsumaki Senpukyaku": {
        "moveCommand": "",
        "startUpFrames": "9",
        "activeFrames": "6",
        "recoveryFrames": "10 frame(s) after landing",
        "framesOnHit": "",
        "framesOnBlock": "",
        "vTriggerCancelHit": "",
        "vTriggerCancelBlock": "",
        "moveProperties": "High",
        "moveType": "Special Moves"
      },
      "H Airborne Tatsumaki Senpukyaku": {
        "moveCommand": "",
        "startUpFrames": "9",
        "activeFrames": "6",
        "recoveryFrames": "10 frame(s) after landing",
        "framesOnHit": "",
        "framesOnBlock": "",
        "vTriggerCancelHit": "",
        "vTriggerCancelBlock": "",
        "moveProperties": "High",
        "moveType": "Special Moves"
      },
      "V-L Airborne Tatsumaki Senpukyaku": {
        "moveCommand": "",
        "startUpFrames": "9",
        "activeFrames": "6",
        "recoveryFrames": "9 frame(s) after landing",
        "framesOnHit": "",
        "framesOnBlock": "",
        "vTriggerCancelHit": "",
        "vTriggerCancelBlock": "",
        "moveProperties": "High",
        "moveType": "Special Moves"
      },
      "V-M Airborne Tatsumaki Senpukyaku": {
        "moveCommand": "",
        "startUpFrames": "9",
        "activeFrames": "6",
        "recoveryFrames": "9 frame(s) after landing",
        "framesOnHit": "",
        "framesOnBlock": "",
        "vTriggerCancelHit": "",
        "vTriggerCancelBlock": "",
        "moveProperties": "High",
        "moveType": "Special Moves"
      },
      "V-H Airborne Tatsumaki Senpukyaku": {
        "moveCommand": "",
        "startUpFrames": "9",
        "activeFrames": "6",
        "recoveryFrames": "9 frame(s) after landing",
        "framesOnHit": "",
        "framesOnBlock": "",
        "vTriggerCancelHit": "",
        "vTriggerCancelBlock": "",
        "moveProperties": "High",
        "moveType": "Special Moves"
      },
      "EX Airborne Tatsumaki Senpukyaku": {
        "moveCommand": "",
        "startUpFrames": "8",
        "activeFrames": "6",
        "recoveryFrames": "13 frame(s) after landing",
        "framesOnHit": "D",
        "framesOnBlock": "",
        "vTriggerCancelHit": "",
        "vTriggerCancelBlock": "",
        "moveProperties": "High",
        "moveType": "Special Moves"
      },
      "V-EX Airborne Tatsumaki Senpukyaku": {
        "moveCommand": "",
        "startUpFrames": "8",
        "activeFrames": "6",
        "recoveryFrames": "16 frame(s) after landing",
        "framesOnHit": "",
        "framesOnBlock": "",
        "vTriggerCancelHit": "",
        "vTriggerCancelBlock": "",
        "moveProperties": "High",
        "moveType": "Special Moves"
      }
    },
    "Critical Art": {
      "Guren Enjinkyaku": {
        "moveCommand": "",
        "startUpFrames": "1+4",
        "activeFrames": "2",
        "recoveryFrames": "44",
        "framesOnHit": "D",
        "framesOnBlock": "-26",
        "vTriggerCancelHit": "",
        "vTriggerCancelBlock": "",
        "moveProperties": "High",
        "moveType": "Critical Art"
      }
    },
    "V-System": {
      "[VS1] Quick Step": {
        "moveCommand": "",
        "startUpFrames": "",
        "activeFrames": "",
        "recoveryFrames": "22 total frames",
        "framesOnHit": "",
        "framesOnBlock": "",
        "vTriggerCancelHit": "",
        "vTriggerCancelBlock": "",
        "moveProperties": "",
        "moveType": "V-System"
      },
      "[VS1] Quick Step (Hold Button)": {
        "moveCommand": "",
        "startUpFrames": "24",
        "activeFrames": "2",
        "recoveryFrames": "25",
        "framesOnHit": "D",
        "framesOnBlock": "-6",
        "vTriggerCancelHit": "D",
        "vTriggerCancelBlock": "7",
        "moveProperties": "High",
        "moveType": "V-System"
      },
      "[VS2] Ryusenkyaku": {
        "moveCommand": "",
        "startUpFrames": "26",
        "activeFrames": "4",
        "recoveryFrames": "20",
        "framesOnHit": "2",
        "framesOnBlock": "-2",
        "vTriggerCancelHit": "5",
        "vTriggerCancelBlock": "1",
        "moveProperties": "High",
        "moveType": "V-System"
      },
      "[VS2] Ryusenkyaku (Hold Button)": {
        "moveCommand": "",
        "startUpFrames": "43",
        "activeFrames": "7",
        "recoveryFrames": "17",
        "framesOnHit": "4",
        "framesOnBlock": "3",
        "vTriggerCancelHit": "5",
        "vTriggerCancelBlock": "4",
        "moveProperties": "High",
        "moveType": "V-System"
      },
      "V[VS2] Ryusenkyaku": {
        "moveCommand": "",
        "startUpFrames": "26",
        "activeFrames": "4",
        "recoveryFrames": "20",
        "framesOnHit": "2",
        "framesOnBlock": "-2",
        "vTriggerCancelHit": "",
        "vTriggerCancelBlock": "",
        "moveProperties": "High",
        "moveType": "V-System"
      },
      "V[VS2] Ryusenkyaku (Hold Button)": {
        "moveCommand": "",
        "startUpFrames": "43",
        "activeFrames": "7",
        "recoveryFrames": "17",
        "framesOnHit": "4",
        "framesOnBlock": "3",
        "vTriggerCancelHit": "",
        "vTriggerCancelBlock": "",
        "moveProperties": "High",
        "moveType": "V-System"
      },
      "Heat Rush": {
        "moveCommand": "",
        "startUpFrames": "1",
        "activeFrames": "",
        "recoveryFrames": "21",
        "framesOnHit": "",
        "framesOnBlock": "",
        "vTriggerCancelHit": "",
        "vTriggerCancelBlock": "",
        "moveProperties": "",
        "moveType": "V-System"
      },
      "Senpu Nataotoshi": {
        "moveCommand": "",
        "startUpFrames": "12",
        "activeFrames": "2",
        "recoveryFrames": "24",
        "framesOnHit": "2",
        "framesOnBlock": "-2",
        "vTriggerCancelHit": "",
        "vTriggerCancelBlock": "",
        "moveProperties": "High",
        "moveType": "V-System"
      },
      "Shinryuken": {
        "moveCommand": "",
        "startUpFrames": "1+8",
        "activeFrames": "13",
        "recoveryFrames": "28+30 frame(s) after landing",
        "framesOnHit": "D",
        "framesOnBlock": "-51",
        "vTriggerCancelHit": "",
        "vTriggerCancelBlock": "",
        "moveProperties": "High",
        "moveType": "V-System"
      },
      "Shinryuken Level 2": {
        "moveCommand": "",
        "startUpFrames": "1+8",
        "activeFrames": "25",
        "recoveryFrames": "54+40 frame(s) after landing",
        "framesOnHit": "D",
        "framesOnBlock": "",
        "vTriggerCancelHit": "",
        "vTriggerCancelBlock": "",
        "moveProperties": "High",
        "moveType": "V-System"
      },
      "Shinryuken Level 3": {
        "moveCommand": "",
        "startUpFrames": "1+8",
        "activeFrames": "31",
        "recoveryFrames": "71+40 frame(s) after landing",
        "framesOnHit": "D",
        "framesOnBlock": "",
        "vTriggerCancelHit": "",
        "vTriggerCancelBlock": "",
        "moveProperties": "High",
        "moveType": "V-System"
      }
    },
    "Normal Throws": {
      "Knee Bash": {
        "moveCommand": "",
        "startUpFrames": "5",
        "activeFrames": "3",
        "recoveryFrames": "17",
        "framesOnHit": "",
        "framesOnBlock": "",
        "vTriggerCancelHit": "",
        "vTriggerCancelBlock": "",
        "moveProperties": "Throw",
        "moveType": "Normal Throws"
      },
      "Hell Wheel": {
        "moveCommand": "",
        "startUpFrames": "5",
        "activeFrames": "3",
        "recoveryFrames": "17",
        "framesOnHit": "",
        "framesOnBlock": "",
        "vTriggerCancelHit": "",
        "vTriggerCancelBlock": "",
        "moveProperties": "Throw",
        "moveType": "Normal Throws"
      }
    }
  }
}
