{
    "Kolin": {
        "Normal Moves": {
            "Standing LP": {
                "moveCommand": "",
                "startUpFrames": "4",
                "activeFrames": "3",
                "recoveryFrames": "6",
                "framesOnHit": "4",
                "framesOnBlock": "2",
                "vTriggerCancelHit": "6",
                "vTriggerCancelBlock": "4",
                "moveProperties": "High",
                "moveType": "Normal Moves"
            },
            "Standing MP": {
                "moveCommand": "",
                "startUpFrames": "6",
                "activeFrames": "3",
                "recoveryFrames": "13",
                "framesOnHit": "4",
                "framesOnBlock": "2",
                "vTriggerCancelHit": "9",
                "vTriggerCancelBlock": "7",
                "moveProperties": "High",
                "moveType": "Normal Moves"
            },
            "Standing HP": {
                "moveCommand": "",
                "startUpFrames": "8",
                "activeFrames": "3",
                "recoveryFrames": "19",
                "framesOnHit": "5",
                "framesOnBlock": "-4",
                "vTriggerCancelHit": "10",
                "vTriggerCancelBlock": "1",
                "moveProperties": "High",
                "moveType": "Normal Moves"
            },
            "Standing LK": {
                "moveCommand": "",
                "startUpFrames": "5",
                "activeFrames": "3",
                "recoveryFrames": "9",
                "framesOnHit": "1",
                "framesOnBlock": "-2",
                "vTriggerCancelHit": "6",
                "vTriggerCancelBlock": "3",
                "moveProperties": "High",
                "moveType": "Normal Moves"
            },
            "Standing MK": {
                "moveCommand": "",
                "startUpFrames": "5",
                "activeFrames": "3",
                "recoveryFrames": "14",
                "framesOnHit": "3",
                "framesOnBlock": "-2",
                "vTriggerCancelHit": "9",
                "vTriggerCancelBlock": "4",
                "moveProperties": "High",
                "moveType": "Normal Moves"
            },
            "Standing HK": {
                "moveCommand": "",
                "startUpFrames": "11",
                "activeFrames": "3",
                "recoveryFrames": "20",
                "framesOnHit": "6",
                "framesOnBlock": "-2",
                "vTriggerCancelHit": "10",
                "vTriggerCancelBlock": "2",
                "moveProperties": "High",
                "moveType": "Normal Moves"
            },
            "Crouching LP": {
                "moveCommand": "",
                "startUpFrames": "3",
                "activeFrames": "2",
                "recoveryFrames": "8",
                "framesOnHit": "4",
                "framesOnBlock": "1",
                "vTriggerCancelHit": "6",
                "vTriggerCancelBlock": "3",
                "moveProperties": "High",
                "moveType": "Normal Moves"
            },
            "Crouching MP": {
                "moveCommand": "",
                "startUpFrames": "6",
                "activeFrames": "3",
                "recoveryFrames": "13",
                "framesOnHit": "5",
                "framesOnBlock": "2",
                "vTriggerCancelHit": "10",
                "vTriggerCancelBlock": "7",
                "moveProperties": "High",
                "moveType": "Normal Moves"
            },
            "Crouching HP": {
                "moveCommand": "",
                "startUpFrames": "7",
                "activeFrames": "3",
                "recoveryFrames": "23",
                "framesOnHit": "0",
                "framesOnBlock": "-3",
                "vTriggerCancelHit": "8",
                "vTriggerCancelBlock": "5",
                "moveProperties": "High",
                "moveType": "Normal Moves"
            },
            "Crouching LK": {
                "moveCommand": "",
                "startUpFrames": "4",
                "activeFrames": "2",
                "recoveryFrames": "8",
                "framesOnHit": "3",
                "framesOnBlock": "1",
                "vTriggerCancelHit": "3",
                "vTriggerCancelBlock": "1",
                "moveProperties": "Low",
                "moveType": "Normal Moves"
            },
            "Crouching MK": {
                "moveCommand": "",
                "startUpFrames": "8",
                "activeFrames": "3",
                "recoveryFrames": "15",
                "framesOnHit": "3",
                "framesOnBlock": "1",
                "vTriggerCancelHit": "7",
                "vTriggerCancelBlock": "5",
                "moveProperties": "Low",
                "moveType": "Normal Moves"
            },
            "Crouching HK": {
                "moveCommand": "",
                "startUpFrames": "10",
                "activeFrames": "4",
                "recoveryFrames": "24",
                "framesOnHit": "D",
                "framesOnBlock": "-12",
                "vTriggerCancelHit": "9",
                "vTriggerCancelBlock": "7",
                "moveProperties": "Low",
                "moveType": "Normal Moves"
            },
            "Jumping LP": {
                "moveCommand": "",
                "startUpFrames": "3",
                "activeFrames": "5",
                "recoveryFrames": "",
                "framesOnHit": "",
                "framesOnBlock": "",
                "vTriggerCancelHit": "",
                "vTriggerCancelBlock": "",
                "moveProperties": "Mid",
                "moveType": "Normal Moves"
            },
            "Jumping MP": {
                "moveCommand": "",
                "startUpFrames": "5",
                "activeFrames": "6",
                "recoveryFrames": "",
                "framesOnHit": "",
                "framesOnBlock": "",
                "vTriggerCancelHit": "",
                "vTriggerCancelBlock": "",
                "moveProperties": "Mid",
                "moveType": "Normal Moves"
            },
            "Jumping HP": {
                "moveCommand": "",
                "startUpFrames": "7",
                "activeFrames": "4",
                "recoveryFrames": "",
                "framesOnHit": "",
                "framesOnBlock": "",
                "vTriggerCancelHit": "",
                "vTriggerCancelBlock": "",
                "moveProperties": "Mid",
                "moveType": "Normal Moves"
            },
            "Jumping LK": {
                "moveCommand": "",
                "startUpFrames": "4",
                "activeFrames": "5",
                "recoveryFrames": "",
                "framesOnHit": "",
                "framesOnBlock": "",
                "vTriggerCancelHit": "",
                "vTriggerCancelBlock": "",
                "moveProperties": "Mid",
                "moveType": "Normal Moves"
            },
            "Jumping MK": {
                "moveCommand": "",
                "startUpFrames": "6",
                "activeFrames": "5",
                "recoveryFrames": "",
                "framesOnHit": "",
                "framesOnBlock": "",
                "vTriggerCancelHit": "",
                "vTriggerCancelBlock": "",
                "moveProperties": "Mid",
                "moveType": "Normal Moves"
            },
            "Jumping HK": {
                "moveCommand": "",
                "startUpFrames": "9",
                "activeFrames": "4",
                "recoveryFrames": "",
                "framesOnHit": "",
                "framesOnBlock": "",
                "vTriggerCancelHit": "",
                "vTriggerCancelBlock": "",
                "moveProperties": "Mid",
                "moveType": "Normal Moves"
            },
            "V-Standing LP": {
                "moveCommand": "",
                "startUpFrames": "4",
                "activeFrames": "3",
                "recoveryFrames": "6",
                "framesOnHit": "4",
                "framesOnBlock": "2",
                "vTriggerCancelHit": "",
                "vTriggerCancelBlock": "",
                "moveProperties": "High",
                "moveType": "Normal Moves"
            },
            "V-Standing MP": {
                "moveCommand": "",
                "startUpFrames": "6",
                "activeFrames": "3",
                "recoveryFrames": "13",
                "framesOnHit": "4",
                "framesOnBlock": "2",
                "vTriggerCancelHit": "",
                "vTriggerCancelBlock": "",
                "moveProperties": "High",
                "moveType": "Normal Moves"
            },
            "V-Standing HP": {
                "moveCommand": "",
                "startUpFrames": "8",
                "activeFrames": "3",
                "recoveryFrames": "19",
                "framesOnHit": "5",
                "framesOnBlock": "-4",
                "vTriggerCancelHit": "",
                "vTriggerCancelBlock": "",
                "moveProperties": "High",
                "moveType": "Normal Moves"
            },
            "V-Crouching LP": {
                "moveCommand": "",
                "startUpFrames": "3",
                "activeFrames": "2",
                "recoveryFrames": "8",
                "framesOnHit": "4",
                "framesOnBlock": "1",
                "vTriggerCancelHit": "",
                "vTriggerCancelBlock": "",
                "moveProperties": "High",
                "moveType": "Normal Moves"
            },
            "V-Crouching MP": {
                "moveCommand": "",
                "startUpFrames": "6",
                "activeFrames": "3",
                "recoveryFrames": "13",
                "framesOnHit": "5",
                "framesOnBlock": "2",
                "vTriggerCancelHit": "",
                "vTriggerCancelBlock": "",
                "moveProperties": "High",
                "moveType": "Normal Moves"
            },
            "V-Crouching HP": {
                "moveCommand": "",
                "startUpFrames": "7",
                "activeFrames": "3",
                "recoveryFrames": "23",
                "framesOnHit": "0",
                "framesOnBlock": "-3",
                "vTriggerCancelHit": "",
                "vTriggerCancelBlock": "",
                "moveProperties": "High",
                "moveType": "Normal Moves"
            },
            "V-Jumping LP": {
                "moveCommand": "",
                "startUpFrames": "3",
                "activeFrames": "5",
                "recoveryFrames": "",
                "framesOnHit": "",
                "framesOnBlock": "",
                "vTriggerCancelHit": "",
                "vTriggerCancelBlock": "",
                "moveProperties": "Mid",
                "moveType": "Normal Moves"
            },
            "V-Jumping MP": {
                "moveCommand": "",
                "startUpFrames": "5",
                "activeFrames": "6",
                "recoveryFrames": "",
                "framesOnHit": "",
                "framesOnBlock": "",
                "vTriggerCancelHit": "",
                "vTriggerCancelBlock": "",
                "moveProperties": "Mid",
                "moveType": "Normal Moves"
            },
            "V-Jumping HP": {
                "moveCommand": "",
                "startUpFrames": "7",
                "activeFrames": "4",
                "recoveryFrames": "",
                "framesOnHit": "",
                "framesOnBlock": "",
                "vTriggerCancelHit": "",
                "vTriggerCancelBlock": "",
                "moveProperties": "Mid",
                "moveType": "Normal Moves"
            }
        },
        "Special Moves": {
            "Blizzard Heel": {
                "moveCommand": "Forward Forward",
                "startUpFrames": "23",
                "activeFrames": "5",
                "recoveryFrames": "18",
                "framesOnHit": "1",
                "framesOnBlock": "-7",
                "vTriggerCancelHit": "",
                "vTriggerCancelBlock": "",
                "moveProperties": "Mid",
                "moveType": "Special Moves"
            },
            "Sniping Kick": {
                "moveCommand": "Back Roundhouse",
                "startUpFrames": "14",
                "activeFrames": "3",
                "recoveryFrames": "19",
                "framesOnHit": "3",
                "framesOnBlock": "-2",
                "vTriggerCancelHit": "10",
                "vTriggerCancelBlock": "5",
                "moveProperties": "High",
                "moveType": "Special Moves"
            },
            "Isicle Stamp": {
                "moveCommand": "",
                "startUpFrames": "18",
                "activeFrames": "Until landing",
                "recoveryFrames": "4 frame(s) after landing",
                "framesOnHit": "",
                "framesOnBlock": "",
                "vTriggerCancelHit": "",
                "vTriggerCancelBlock": "",
                "moveProperties": "High",
                "moveType": "Special Moves"
            },
            "Frost Spike 1": {
                "moveCommand": "",
                "startUpFrames": "6",
                "activeFrames": "3",
                "recoveryFrames": "17",
                "framesOnHit": "0",
                "framesOnBlock": "-6",
                "vTriggerCancelHit": "13",
                "vTriggerCancelBlock": "7",
                "moveProperties": "High",
                "moveType": "Special Moves"
            },
            "Frost Spike 2": {
                "moveCommand": "",
                "startUpFrames": "8",
                "activeFrames": "",
                "recoveryFrames": "",
                "framesOnHit": "1",
                "framesOnBlock": "-9",
                "vTriggerCancelHit": "10",
                "vTriggerCancelBlock": "0",
                "moveProperties": "High",
                "moveType": "Special Moves"
            },
            "White Out 1": {
                "moveCommand": "",
                "startUpFrames": "8",
                "activeFrames": "3",
                "recoveryFrames": "23",
                "framesOnHit": "-1",
                "framesOnBlock": "-9",
                "vTriggerCancelHit": "8",
                "vTriggerCancelBlock": "0",
                "moveProperties": "High",
                "moveType": "Special Moves"
            },
            "White Out 2": {
                "moveCommand": "",
                "startUpFrames": "10",
                "activeFrames": "",
                "recoveryFrames": "",
                "framesOnHit": "D",
                "framesOnBlock": "-12",
                "vTriggerCancelHit": "D",
                "vTriggerCancelBlock": "15",
                "moveProperties": "High",
                "moveType": "Special Moves"
            },
            "White Pressure": {
                "moveCommand": "",
                "startUpFrames": "14",
                "activeFrames": "1",
                "recoveryFrames": "49",
                "framesOnHit": "D",
                "framesOnBlock": "",
                "vTriggerCancelHit": "",
                "vTriggerCancelBlock": "",
                "moveProperties": "Throw",
                "moveType": "Special Moves"
            },
            "Cold Low 1": {
                "moveCommand": "",
                "startUpFrames": "4",
                "activeFrames": "2",
                "recoveryFrames": "8",
                "framesOnHit": "3",
                "framesOnBlock": "1",
                "vTriggerCancelHit": "6",
                "vTriggerCancelBlock": "4",
                "moveProperties": "Low",
                "moveType": "Special Moves"
            },
            "Cold Low 2": {
                "moveCommand": "",
                "startUpFrames": "10",
                "activeFrames": "4",
                "recoveryFrames": "24",
                "framesOnHit": "D",
                "framesOnBlock": "-12",
                "vTriggerCancelHit": "20",
                "vTriggerCancelBlock": "7",
                "moveProperties": "Low",
                "moveType": "Special Moves"
            },
            "Brinicle 1": {
                "moveCommand": "",
                "startUpFrames": "4",
                "activeFrames": "2",
                "recoveryFrames": "8",
                "framesOnHit": "3",
                "framesOnBlock": "1",
                "vTriggerCancelHit": "6",
                "vTriggerCancelBlock": "4",
                "moveProperties": "Low",
                "moveType": "Special Moves"
            },
            "Brinicle 2": {
                "moveCommand": "",
                "startUpFrames": "8",
                "activeFrames": "3",
                "recoveryFrames": "21",
                "framesOnHit": "D",
                "framesOnBlock": "-2",
                "vTriggerCancelHit": "D",
                "vTriggerCancelBlock": "15",
                "moveProperties": "High",
                "moveType": "Special Moves"
            },
            "Snow Grain 1": {
                "moveCommand": "",
                "startUpFrames": "6",
                "activeFrames": "3",
                "recoveryFrames": "13",
                "framesOnHit": "5",
                "framesOnBlock": "2",
                "vTriggerCancelHit": "10",
                "vTriggerCancelBlock": "7",
                "moveProperties": "High",
                "moveType": "Special Moves"
            },
            "Snow Grain 2": {
                "moveCommand": "",
                "startUpFrames": "8",
                "activeFrames": "3",
                "recoveryFrames": "19",
                "framesOnHit": "5",
                "framesOnBlock": "-8",
                "vTriggerCancelHit": "20",
                "vTriggerCancelBlock": "7",
                "moveProperties": "High",
                "moveType": "Special Moves"
            },
            "White Spear 1": {
                "moveCommand": "",
                "startUpFrames": "4",
                "activeFrames": "5",
                "recoveryFrames": "",
                "framesOnHit": "",
                "framesOnBlock": "",
                "vTriggerCancelHit": "",
                "vTriggerCancelBlock": "",
                "moveProperties": "Mid",
                "moveType": "Special Moves"
            },
            "White Spear 2": {
                "moveCommand": "",
                "startUpFrames": "3",
                "activeFrames": "5",
                "recoveryFrames": "",
                "framesOnHit": "",
                "framesOnBlock": "",
                "vTriggerCancelHit": "",
                "vTriggerCancelBlock": "",
                "moveProperties": "High",
                "moveType": "Special Moves"
            },
            "V-Frost Spike 2": {
                "moveCommand": "",
                "startUpFrames": "6",
                "activeFrames": "3",
                "recoveryFrames": "17",
                "framesOnHit": "0",
                "framesOnBlock": "-6",
                "vTriggerCancelHit": "",
                "vTriggerCancelBlock": "",
                "moveProperties": "High",
                "moveType": "Special Moves"
            },
            "V-Frost Spike 3": {
                "moveCommand": "",
                "startUpFrames": "8",
                "activeFrames": "",
                "recoveryFrames": "",
                "framesOnHit": "1",
                "framesOnBlock": "-9",
                "vTriggerCancelHit": "",
                "vTriggerCancelBlock": "",
                "moveProperties": "High",
                "moveType": "Special Moves"
            },
            "V-White Out 2": {
                "moveCommand": "",
                "startUpFrames": "8",
                "activeFrames": "3",
                "recoveryFrames": "23",
                "framesOnHit": "-1",
                "framesOnBlock": "-9",
                "vTriggerCancelHit": "",
                "vTriggerCancelBlock": "",
                "moveProperties": "High",
                "moveType": "Special Moves"
            },
            "V-White Out 3": {
                "moveCommand": "",
                "startUpFrames": "10",
                "activeFrames": "",
                "recoveryFrames": "",
                "framesOnHit": "D",
                "framesOnBlock": "-12",
                "vTriggerCancelHit": "",
                "vTriggerCancelBlock": "",
                "moveProperties": "High",
                "moveType": "Special Moves"
            },
            "V-Snow Grain 2": {
                "moveCommand": "",
                "startUpFrames": "8",
                "activeFrames": "3",
                "recoveryFrames": "21",
                "framesOnHit": "D",
                "framesOnBlock": "-2",
                "vTriggerCancelHit": "",
                "vTriggerCancelBlock": "",
                "moveProperties": "High",
                "moveType": "Special Moves"
            },
            "V-Snow Grain 3": {
                "moveCommand": "",
                "startUpFrames": "6",
                "activeFrames": "3",
                "recoveryFrames": "13",
                "framesOnHit": "5",
                "framesOnBlock": "2",
                "vTriggerCancelHit": "",
                "vTriggerCancelBlock": "",
                "moveProperties": "High",
                "moveType": "Special Moves"
            },
            "V": {
                "moveCommand": "",
                "startUpFrames": "8",
                "activeFrames": "3",
                "recoveryFrames": "19",
                "framesOnHit": "5",
                "framesOnBlock": "-8",
                "vTriggerCancelHit": "",
                "vTriggerCancelBlock": "",
                "moveProperties": "High",
                "moveType": "Special Moves"
            },
            "Frost Touch - Low": {
                "moveCommand": "",
                "startUpFrames": "2",
                "activeFrames": "11",
                "recoveryFrames": "34",
                "framesOnHit": "D",
                "framesOnBlock": "",
                "vTriggerCancelHit": "",
                "vTriggerCancelBlock": "",
                "moveProperties": "",
                "moveType": "Special Moves"
            },
            "Frost Touch - Mid": {
                "moveCommand": "",
                "startUpFrames": "2",
                "activeFrames": "11",
                "recoveryFrames": "34",
                "framesOnHit": "D",
                "framesOnBlock": "",
                "vTriggerCancelHit": "",
                "vTriggerCancelBlock": "",
                "moveProperties": "",
                "moveType": "Special Moves"
            },
            "Frost Touch - High": {
                "moveCommand": "",
                "startUpFrames": "2",
                "activeFrames": "11",
                "recoveryFrames": "34",
                "framesOnHit": "D",
                "framesOnBlock": "",
                "vTriggerCancelHit": "",
                "vTriggerCancelBlock": "",
                "moveProperties": "",
                "moveType": "Special Moves"
            },
            "EX Frost Touch - Low": {
                "moveCommand": "",
                "startUpFrames": "1",
                "activeFrames": "12",
                "recoveryFrames": "29",
                "framesOnHit": "D",
                "framesOnBlock": "",
                "vTriggerCancelHit": "",
                "vTriggerCancelBlock": "",
                "moveProperties": "",
                "moveType": "Special Moves"
            },
            "EX Frost Touch - Mid": {
                "moveCommand": "",
                "startUpFrames": "1",
                "activeFrames": "12",
                "recoveryFrames": "29",
                "framesOnHit": "D",
                "framesOnBlock": "",
                "vTriggerCancelHit": "",
                "vTriggerCancelBlock": "",
                "moveProperties": "",
                "moveType": "Special Moves"
            },
            "EX Frost Touch - High": {
                "moveCommand": "",
                "startUpFrames": "1",
                "activeFrames": "12",
                "recoveryFrames": "29",
                "framesOnHit": "D",
                "framesOnBlock": "",
                "vTriggerCancelHit": "",
                "vTriggerCancelBlock": "",
                "moveProperties": "",
                "moveType": "Special Moves"
            },
            "L Parabellum": {
                "moveCommand": "",
                "startUpFrames": "9",
                "activeFrames": "8",
                "recoveryFrames": "17",
                "framesOnHit": "2",
                "framesOnBlock": "-4",
                "vTriggerCancelHit": "",
                "vTriggerCancelBlock": "",
                "moveProperties": "High",
                "moveType": "Special Moves"
            },
            "M Parabellum": {
                "moveCommand": "",
                "startUpFrames": "14",
                "activeFrames": "10",
                "recoveryFrames": "21",
                "framesOnHit": "4",
                "framesOnBlock": "-6",
                "vTriggerCancelHit": "",
                "vTriggerCancelBlock": "",
                "moveProperties": "High",
                "moveType": "Special Moves"
            },
            "H Parabellum": {
                "moveCommand": "",
                "startUpFrames": "18",
                "activeFrames": "12",
                "recoveryFrames": "31",
                "framesOnHit": "D",
                "framesOnBlock": "-9",
                "vTriggerCancelHit": "",
                "vTriggerCancelBlock": "",
                "moveProperties": "High",
                "moveType": "Special Moves"
            },
            "EX Parabellum": {
                "moveCommand": "",
                "startUpFrames": "9",
                "activeFrames": "10",
                "recoveryFrames": "22",
                "framesOnHit": "D",
                "framesOnBlock": "-7",
                "vTriggerCancelHit": "",
                "vTriggerCancelBlock": "",
                "moveProperties": "High",
                "moveType": "Special Moves"
            },
            "L Vanity Step": {
                "moveCommand": "",
                "startUpFrames": "",
                "activeFrames": "",
                "recoveryFrames": "43 total frames",
                "framesOnHit": "",
                "framesOnBlock": "",
                "vTriggerCancelHit": "",
                "vTriggerCancelBlock": "",
                "moveProperties": "",
                "moveType": "Special Moves"
            },
            "M Vanity Step": {
                "moveCommand": "",
                "startUpFrames": "",
                "activeFrames": "",
                "recoveryFrames": "46 total frames",
                "framesOnHit": "",
                "framesOnBlock": "",
                "vTriggerCancelHit": "",
                "vTriggerCancelBlock": "",
                "moveProperties": "",
                "moveType": "Special Moves"
            },
            "H Vanity Step": {
                "moveCommand": "",
                "startUpFrames": "",
                "activeFrames": "",
                "recoveryFrames": "4 frame(s) after landing",
                "framesOnHit": "",
                "framesOnBlock": "",
                "vTriggerCancelHit": "",
                "vTriggerCancelBlock": "",
                "moveProperties": "",
                "moveType": "Special Moves"
            },
            "L EX Vanity Step": {
                "moveCommand": "",
                "startUpFrames": "",
                "activeFrames": "",
                "recoveryFrames": "32 total frames",
                "framesOnHit": "",
                "framesOnBlock": "",
                "vTriggerCancelHit": "",
                "vTriggerCancelBlock": "",
                "moveProperties": "",
                "moveType": "Special Moves"
            },
            "M EX Vanity Step": {
                "moveCommand": "",
                "startUpFrames": "",
                "activeFrames": "",
                "recoveryFrames": "38 total frames",
                "framesOnHit": "",
                "framesOnBlock": "",
                "vTriggerCancelHit": "",
                "vTriggerCancelBlock": "",
                "moveProperties": "",
                "moveType": "Special Moves"
            },
            "H EX Vanity Step": {
                "moveCommand": "",
                "startUpFrames": "",
                "activeFrames": "",
                "recoveryFrames": "4 frame(s) after landing",
                "framesOnHit": "",
                "framesOnBlock": "",
                "vTriggerCancelHit": "",
                "vTriggerCancelBlock": "",
                "moveProperties": "",
                "moveType": "Special Moves"
            },
            "Silver Edge": {
                "moveCommand": "",
                "startUpFrames": "8",
                "activeFrames": "9",
                "recoveryFrames": "23",
                "framesOnHit": "D",
                "framesOnBlock": "-12",
                "vTriggerCancelHit": "",
                "vTriggerCancelBlock": "",
                "moveProperties": "High",
                "moveType": "Special Moves"
            },
            "EX Silver Edge": {
                "moveCommand": "",
                "startUpFrames": "5",
                "activeFrames": "9",
                "recoveryFrames": "18",
                "framesOnHit": "D",
                "framesOnBlock": "-9",
                "vTriggerCancelHit": "",
                "vTriggerCancelBlock": "",
                "moveProperties": "High",
                "moveType": "Special Moves"
            },
            "L Hailstorm": {
                "moveCommand": "",
                "startUpFrames": "12",
                "activeFrames": "5/Until landing",
                "recoveryFrames": "25",
                "framesOnHit": "D",
                "framesOnBlock": "-8",
                "vTriggerCancelHit": "",
                "vTriggerCancelBlock": "",
                "moveProperties": "High",
                "moveType": "Special Moves"
            },
            "M Hailstorm": {
                "moveCommand": "",
                "startUpFrames": "12",
                "activeFrames": "5/Until landing",
                "recoveryFrames": "28",
                "framesOnHit": "D",
                "framesOnBlock": "-11",
                "vTriggerCancelHit": "",
                "vTriggerCancelBlock": "",
                "moveProperties": "High",
                "moveType": "Special Moves"
            },
            "H Hailstorm": {
                "moveCommand": "",
                "startUpFrames": "12",
                "activeFrames": "5/Until landing",
                "recoveryFrames": "28",
                "framesOnHit": "D",
                "framesOnBlock": "-11",
                "vTriggerCancelHit": "",
                "vTriggerCancelBlock": "",
                "moveProperties": "High",
                "moveType": "Special Moves"
            },
            "EX Hailstorm": {
                "moveCommand": "",
                "startUpFrames": "12",
                "activeFrames": "5/Until landing",
                "recoveryFrames": "25",
                "framesOnHit": "D",
                "framesOnBlock": "-8",
                "vTriggerCancelHit": "",
                "vTriggerCancelBlock": "",
                "moveProperties": "High",
                "moveType": "Special Moves"
            },
            "V-L Hailstorm": {
                "moveCommand": "",
                "startUpFrames": "12",
                "activeFrames": "5/Until landing",
                "recoveryFrames": "25",
                "framesOnHit": "D",
                "framesOnBlock": "-8",
                "vTriggerCancelHit": "",
                "vTriggerCancelBlock": "",
                "moveProperties": "High",
                "moveType": "Special Moves"
            },
            "V-M Hailstorm": {
                "moveCommand": "",
                "startUpFrames": "12",
                "activeFrames": "5/Until landing",
                "recoveryFrames": "28",
                "framesOnHit": "D",
                "framesOnBlock": "-11",
                "vTriggerCancelHit": "",
                "vTriggerCancelBlock": "",
                "moveProperties": "High",
                "moveType": "Special Moves"
            },
            "V-H Hailstorm": {
                "moveCommand": "",
                "startUpFrames": "12",
                "activeFrames": "5/Until landing",
                "recoveryFrames": "28",
                "framesOnHit": "D",
                "framesOnBlock": "-11",
                "vTriggerCancelHit": "",
                "vTriggerCancelBlock": "",
                "moveProperties": "High",
                "moveType": "Special Moves"
            },
            "V-EX Hailstorm": {
                "moveCommand": "",
                "startUpFrames": "12",
                "activeFrames": "5/Until landing",
                "recoveryFrames": "25",
                "framesOnHit": "D",
                "framesOnBlock": "-8",
                "vTriggerCancelHit": "",
                "vTriggerCancelBlock": "",
                "moveProperties": "High",
                "moveType": "Special Moves"
            },
            "V-Frost Edge": {
                "moveCommand": "",
                "startUpFrames": "13",
                "activeFrames": "9",
                "recoveryFrames": "22",
                "framesOnHit": "D",
                "framesOnBlock": "-11",
                "vTriggerCancelHit": "",
                "vTriggerCancelBlock": "",
                "moveProperties": "High",
                "moveType": "Special Moves"
            },
            "V-Reverse Javelin (First Attack Only)": {
                "moveCommand": "",
                "startUpFrames": "5",
                "activeFrames": "9",
                "recoveryFrames": "28",
                "framesOnHit": "-3",
                "framesOnBlock": "-22",
                "vTriggerCancelHit": "",
                "vTriggerCancelBlock": "",
                "moveProperties": "High",
                "moveType": "Special Moves"
            },
            "V-Reverse Javelin": {
                "moveCommand": "",
                "startUpFrames": "5",
                "activeFrames": "9",
                "recoveryFrames": "58",
                "framesOnHit": "D",
                "framesOnBlock": "",
                "vTriggerCancelHit": "",
                "vTriggerCancelBlock": "",
                "moveProperties": "High",
                "moveType": "Special Moves"
            },
            "Frost Spike 3": {
                "moveCommand": "",
                "startUpFrames": "8",
                "activeFrames": "",
                "recoveryFrames": "",
                "framesOnHit": "1",
                "framesOnBlock": "-9",
                "vTriggerCancelHit": "",
                "vTriggerCancelBlock": "",
                "moveProperties": "High",
                "moveType": "Special Moves"
            },
            "White Out 3": {
                "moveCommand": "",
                "startUpFrames": "10",
                "activeFrames": "",
                "recoveryFrames": "",
                "framesOnHit": "D",
                "framesOnBlock": "-12",
                "vTriggerCancelHit": "",
                "vTriggerCancelBlock": "",
                "moveProperties": "High",
                "moveType": "Special Moves"
            },
            "Cold Low 3": {
                "moveCommand": "",
                "startUpFrames": "10",
                "activeFrames": "4",
                "recoveryFrames": "24",
                "framesOnHit": "D",
                "framesOnBlock": "-12",
                "vTriggerCancelHit": "",
                "vTriggerCancelBlock": "",
                "moveProperties": "Low",
                "moveType": "Special Moves"
            },
            "Brinicle 3": {
                "moveCommand": "",
                "startUpFrames": "8",
                "activeFrames": "3",
                "recoveryFrames": "21",
                "framesOnHit": "D",
                "framesOnBlock": "-2",
                "vTriggerCancelHit": "",
                "vTriggerCancelBlock": "",
                "moveProperties": "High",
                "moveType": "Special Moves"
            },
            "Snow Grain 3": {
                "moveCommand": "",
                "startUpFrames": "8",
                "activeFrames": "3",
                "recoveryFrames": "19",
                "framesOnHit": "5",
                "framesOnBlock": "-8",
                "vTriggerCancelHit": "",
                "vTriggerCancelBlock": "",
                "moveProperties": "High",
                "moveType": "Special Moves"
            },
            "White Spear 3": {
                "moveCommand": "",
                "startUpFrames": "3",
                "activeFrames": "5",
                "recoveryFrames": "",
                "framesOnHit": "",
                "framesOnBlock": "",
                "vTriggerCancelHit": "",
                "vTriggerCancelBlock": "",
                "moveProperties": "High",
                "moveType": "Special Moves"
            },
            "EX L Vanity Step": {
                "moveCommand": "",
                "startUpFrames": "",
                "activeFrames": "",
                "recoveryFrames": "32 total frames",
                "framesOnHit": "",
                "framesOnBlock": "",
                "vTriggerCancelHit": "",
                "vTriggerCancelBlock": "",
                "moveProperties": "",
                "moveType": "Special Moves"
            },
            "EX M Vanity Step": {
                "moveCommand": "",
                "startUpFrames": "",
                "activeFrames": "",
                "recoveryFrames": "38 total frames",
                "framesOnHit": "",
                "framesOnBlock": "",
                "vTriggerCancelHit": "",
                "vTriggerCancelBlock": "",
                "moveProperties": "",
                "moveType": "Special Moves"
            },
            "EX H Vanity Step": {
                "moveCommand": "",
                "startUpFrames": "",
                "activeFrames": "",
                "recoveryFrames": "4 frame(s) after landing",
                "framesOnHit": "",
                "framesOnBlock": "",
                "vTriggerCancelHit": "",
                "vTriggerCancelBlock": "",
                "moveProperties": "",
                "moveType": "Special Moves"
            },
            "V-Diamond Dust": {
                "moveCommand": "",
                "startUpFrames": "17",
                "activeFrames": "24",
                "recoveryFrames": "36 total frames",
                "framesOnHit": "D",
                "framesOnBlock": "26",
                "vTriggerCancelHit": "",
                "vTriggerCancelBlock": "",
                "moveProperties": "High",
                "moveType": "Special Moves"
            }
        },
        "Critical Art": {
            "Frost Tower": {
                "moveCommand": "",
                "startUpFrames": "7",
                "activeFrames": "3",
                "recoveryFrames": "52",
                "framesOnHit": "D",
                "framesOnBlock": "-37",
                "vTriggerCancelHit": "",
                "vTriggerCancelBlock": "",
                "moveProperties": "High",
                "moveType": "Critical Art"
            }
        },
        "V-System": {
            "Inside Slash": {
                "moveCommand": "",
                "startUpFrames": "15",
                "activeFrames": "2",
                "recoveryFrames": "23",
                "framesOnHit": "2",
                "framesOnBlock": "-8",
                "vTriggerCancelHit": "",
                "vTriggerCancelBlock": "",
                "moveProperties": "High",
                "moveType": "V-System"
            },
            "Inside Slash (upon successful parry)": {
                "moveCommand": "",
                "startUpFrames": "1",
                "activeFrames": "5",
                "recoveryFrames": "31",
                "framesOnHit": "D",
                "framesOnBlock": "",
                "vTriggerCancelHit": "",
                "vTriggerCancelBlock": "",
                "moveProperties": "High",
                "moveType": "V-System"
            },
            "[VS2] Glacier Throw": {
                "moveCommand": "",
                "startUpFrames": "26",
                "activeFrames": "3",
                "recoveryFrames": "47",
                "framesOnHit": "D",
                "framesOnBlock": "",
                "vTriggerCancelHit": "",
                "vTriggerCancelBlock": "",
                "moveProperties": "Throw",
                "moveType": "V-System"
            },
            "Absolute Zero": {
                "moveCommand": "",
                "startUpFrames": "1",
                "activeFrames": "",
                "recoveryFrames": "5",
                "framesOnHit": "",
                "framesOnBlock": "",
                "vTriggerCancelHit": "",
                "vTriggerCancelBlock": "",
                "moveProperties": "",
                "moveType": "V-System"
            },
            "Third Eye": {
                "moveCommand": "",
                "startUpFrames": "",
                "activeFrames": "",
                "recoveryFrames": "33 total frames",
                "framesOnHit": "",
                "framesOnBlock": "",
                "vTriggerCancelHit": "",
                "vTriggerCancelBlock": "",
                "moveProperties": "",
                "moveType": "V-System"
            },
            "V-Inside Slash": {
                "moveCommand": "",
                "startUpFrames": "15",
                "activeFrames": "2",
                "recoveryFrames": "21",
                "framesOnHit": "2",
                "framesOnBlock": "-8",
                "vTriggerCancelHit": "",
                "vTriggerCancelBlock": "",
                "moveProperties": "High",
                "moveType": "V-System"
            },
            "[VS1] Inside Slash": {
                "moveCommand": "",
                "startUpFrames": "15",
                "activeFrames": "2",
                "recoveryFrames": "23",
                "framesOnHit": "2",
                "framesOnBlock": "-8",
                "vTriggerCancelHit": "",
                "vTriggerCancelBlock": "",
                "moveProperties": "High",
                "moveType": "V-System"
            },
            "[VS1] Inside Slash (upon successful parry)": {
                "moveCommand": "",
                "startUpFrames": "1",
                "activeFrames": "5",
                "recoveryFrames": "31",
                "framesOnHit": "D",
                "framesOnBlock": "",
                "vTriggerCancelHit": "",
                "vTriggerCancelBlock": "",
                "moveProperties": "High",
                "moveType": "V-System"
            },
            "Diamond Dust": {
                "moveCommand": "",
                "startUpFrames": "17",
                "activeFrames": "24",
                "recoveryFrames": "30 total frames",
                "framesOnHit": "D",
                "framesOnBlock": "32",
                "vTriggerCancelHit": "",
                "vTriggerCancelBlock": "",
                "moveProperties": "High",
                "moveType": "V-System"
            }
        },
        "Normal Throws": {
            "Pressure Ridge": {
                "moveCommand": "",
                "startUpFrames": "5",
                "activeFrames": "3",
                "recoveryFrames": "17",
                "framesOnHit": "D",
                "framesOnBlock": "",
                "vTriggerCancelHit": "",
                "vTriggerCancelBlock": "",
                "moveProperties": "Throw",
                "moveType": "Normal Throws"
            },
            "Sublimation": {
                "moveCommand": "",
                "startUpFrames": "5",
                "activeFrames": "3",
                "recoveryFrames": "17",
                "framesOnHit": "D",
                "framesOnBlock": "",
                "vTriggerCancelHit": "",
                "vTriggerCancelBlock": "",
                "moveProperties": "Throw",
                "moveType": "Normal Throws"
            },
            "Avalance Rock": {
                "moveCommand": "",
                "startUpFrames": "5",
                "activeFrames": "2",
                "recoveryFrames": "6 frame(s) after landing",
                "framesOnHit": "D",
                "framesOnBlock": "",
                "vTriggerCancelHit": "",
                "vTriggerCancelBlock": "",
                "moveProperties": "Throw",
                "moveType": "Normal Throws"
            }
        }
    }
}
