{
  "Lucia": {
    "Fireball": "Flipper Shot",
    "DP": "Hurricane Spinner",
    "Normal Moves": {
      "Standing LP": {
        "moveCommand": "",
        "startUpFrames": "4",
        "activeFrames": "3",
        "recoveryFrames": "6",
        "framesOnHit": "4",
        "framesOnBlock": "2",
        "vTriggerCancelHit": "3",
        "vTriggerCancelBlock": "1",
        "moveProperties": "High",
        "moveType": "Normal Moves"
      },
      "Standing MP": {
        "moveCommand": "",
        "startUpFrames": "5",
        "activeFrames": "3",
        "recoveryFrames": "10",
        "framesOnHit": "7",
        "framesOnBlock": "3",
        "vTriggerCancelHit": "10",
        "vTriggerCancelBlock": "6",
        "moveProperties": "High",
        "moveType": "Normal Moves"
      },
      "Standing HP": {
        "moveCommand": "",
        "startUpFrames": "8",
        "activeFrames": "2",
        "recoveryFrames": "22",
        "framesOnHit": "2",
        "framesOnBlock": "-2",
        "vTriggerCancelHit": "16",
        "vTriggerCancelBlock": "12",
        "moveProperties": "High",
        "moveType": "Normal Moves"
      },
      "Standing LK": {
        "moveCommand": "",
        "startUpFrames": "5",
        "activeFrames": "3",
        "recoveryFrames": "9",
        "framesOnHit": "3",
        "framesOnBlock": "1",
        "vTriggerCancelHit": "5",
        "vTriggerCancelBlock": "3",
        "moveProperties": "High",
        "moveType": "Normal Moves"
      },
      "Standing MK": {
        "moveCommand": "",
        "startUpFrames": "7",
        "activeFrames": "3",
        "recoveryFrames": "16",
        "framesOnHit": "3",
        "framesOnBlock": "-2",
        "vTriggerCancelHit": "12",
        "vTriggerCancelBlock": "7",
        "moveProperties": "High",
        "moveType": "Normal Moves"
      },
      "Standing HK": {
        "moveCommand": "",
        "startUpFrames": "13 ",
        "activeFrames": "2",
        "recoveryFrames": "23",
        "framesOnHit": "2",
        "framesOnBlock": "-4",
        "vTriggerCancelHit": "17",
        "vTriggerCancelBlock": "11",
        "moveProperties": "High",
        "moveType": "Normal Moves"
      },
      "Crouching LP": {
        "moveCommand": "",
        "startUpFrames": "3",
        "activeFrames": "2",
        "recoveryFrames": "7",
        "framesOnHit": "3",
        "framesOnBlock": "2",
        "vTriggerCancelHit": "2",
        "vTriggerCancelBlock": "1",
        "moveProperties": "High",
        "moveType": "Normal Moves"
      },
      "Crouching MP": {
        "moveCommand": "",
        "startUpFrames": "5",
        "activeFrames": "3",
        "recoveryFrames": "12",
        "framesOnHit": "4",
        "framesOnBlock": "2",
        "vTriggerCancelHit": "9",
        "vTriggerCancelBlock": "7",
        "moveProperties": "High",
        "moveType": "Normal Moves"
      },
      "Crouching HP": {
        "moveCommand": "",
        "startUpFrames": "7",
        "activeFrames": "3",
        "recoveryFrames": "26",
        "framesOnHit": "-3",
        "framesOnBlock": "-6",
        "vTriggerCancelHit": "16",
        "vTriggerCancelBlock": "13",
        "moveProperties": "High",
        "moveType": "Normal Moves"
      },
      "Crouching LK": {
        "moveCommand": "",
        "startUpFrames": "4",
        "activeFrames": "2",
        "recoveryFrames": "8",
        "framesOnHit": "2",
        "framesOnBlock": "0",
        "vTriggerCancelHit": "2",
        "vTriggerCancelBlock": "0",
        "moveProperties": "Low",
        "moveType": "Normal Moves"
      },
      "Crouching MK": {
        "moveCommand": "",
        "startUpFrames": "6",
        "activeFrames": "2",
        "recoveryFrames": "14",
        "framesOnHit": "2",
        "framesOnBlock": "-1",
        "vTriggerCancelHit": "8",
        "vTriggerCancelBlock": "5",
        "moveProperties": "Low",
        "moveType": "Normal Moves"
      },
      "Crouching HK": {
        "moveCommand": "",
        "startUpFrames": "9",
        "activeFrames": "2",
        "recoveryFrames": "22",
        "framesOnHit": "D",
        "framesOnBlock": "-10",
        "vTriggerCancelHit": "D",
        "vTriggerCancelBlock": "3",
        "moveProperties": "Low",
        "moveType": "Normal Moves"
      },
      "Jumping LP": {
        "moveCommand": "",
        "startUpFrames": "3",
        "activeFrames": "5",
        "recoveryFrames": "",
        "framesOnHit": "",
        "framesOnBlock": "",
        "vTriggerCancelHit": "",
        "vTriggerCancelBlock": "",
        "moveProperties": "Mid",
        "moveType": "Normal Moves"
      },
      "Jumping MP": {
        "moveCommand": "",
        "startUpFrames": "6",
        "activeFrames": "5",
        "recoveryFrames": "",
        "framesOnHit": "",
        "framesOnBlock": "",
        "vTriggerCancelHit": "",
        "vTriggerCancelBlock": "",
        "moveProperties": "Mid",
        "moveType": "Normal Moves"
      },
      "Jumping HP": {
        "moveCommand": "",
        "startUpFrames": "7",
        "activeFrames": "5",
        "recoveryFrames": "",
        "framesOnHit": "",
        "framesOnBlock": "",
        "vTriggerCancelHit": "",
        "vTriggerCancelBlock": "",
        "moveProperties": "Mid",
        "moveType": "Normal Moves"
      },
      "Jumping LK": {
        "moveCommand": "",
        "startUpFrames": "4",
        "activeFrames": "4",
        "recoveryFrames": "",
        "framesOnHit": "",
        "framesOnBlock": "",
        "vTriggerCancelHit": "",
        "vTriggerCancelBlock": "",
        "moveProperties": "Mid",
        "moveType": "Normal Moves"
      },
      "Jumping MK": {
        "moveCommand": "",
        "startUpFrames": "8",
        "activeFrames": "5",
        "recoveryFrames": "",
        "framesOnHit": "",
        "framesOnBlock": "",
        "vTriggerCancelHit": "",
        "vTriggerCancelBlock": "",
        "moveProperties": "Mid",
        "moveType": "Normal Moves"
      },
      "Jumping HK": {
        "moveCommand": "",
        "startUpFrames": "8",
        "activeFrames": "4",
        "recoveryFrames": "",
        "framesOnHit": "",
        "framesOnBlock": "",
        "vTriggerCancelHit": "",
        "vTriggerCancelBlock": "",
        "moveProperties": "Mid",
        "moveType": "Normal Moves"
      }
    },
    "Special Moves": {
      "Elbow Crush": {
        "moveCommand": "Forward Fierce",
        "startUpFrames": "22",
        "activeFrames": "2",
        "recoveryFrames": "23",
        "framesOnHit": "0",
        "framesOnBlock": "-7",
        "vTriggerCancelHit": "",
        "vTriggerCancelBlock": "",
        "moveProperties": "Mid",
        "moveType": "Special Moves"
      },
      "Knee Slide": {
        "moveCommand": "Down forward Short",
        "startUpFrames": "8",
        "activeFrames": "8",
        "recoveryFrames": "16",
        "framesOnHit": "-4",
        "framesOnBlock": "-7",
        "vTriggerCancelHit": "",
        "vTriggerCancelBlock": "",
        "moveProperties": "Low",
        "moveType": "Special Moves"
      },
      "Quick Side-Kick": {
        "moveCommand": "",
        "startUpFrames": "8",
        "activeFrames": "2",
        "recoveryFrames": "20",
        "framesOnHit": "-2",
        "framesOnBlock": "-6",
        "vTriggerCancelHit": "",
        "vTriggerCancelBlock": "",
        "moveProperties": "High",
        "moveType": "Special Moves"
      },
      "Spin Drive": {
        "moveCommand": "",
        "startUpFrames": "11",
        "activeFrames": "5",
        "recoveryFrames": "25",
        "framesOnHit": "-3",
        "framesOnBlock": "-8",
        "vTriggerCancelHit": "",
        "vTriggerCancelBlock": "",
        "moveProperties": "High",
        "moveType": "Special Moves"
      },
      "Street-Style Set": {
        "moveCommand": "",
        "startUpFrames": "13",
        "activeFrames": "2",
        "recoveryFrames": "35",
        "framesOnHit": "D",
        "framesOnBlock": "-15",
        "vTriggerCancelHit": "D",
        "vTriggerCancelBlock": "6",
        "moveProperties": "High",
        "moveType": "Special Moves"
      },
      "Carry Bonus": {
        "moveCommand": "",
        "startUpFrames": "5",
        "activeFrames": "3",
        "recoveryFrames": "17",
        "framesOnHit": "D",
        "framesOnBlock": "",
        "vTriggerCancelHit": "",
        "vTriggerCancelBlock": "",
        "moveProperties": "Throw",
        "moveType": "Special Moves"
      },
      "Drop Target": {
        "moveCommand": "",
        "startUpFrames": "9",
        "activeFrames": "5",
        "recoveryFrames": "",
        "framesOnHit": "",
        "framesOnBlock": "",
        "vTriggerCancelHit": "",
        "vTriggerCancelBlock": "",
        "moveProperties": "Mid",
        "moveType": "Special Moves"
      },
      "Gun Smoke": {
        "moveCommand": "",
        "startUpFrames": "",
        "activeFrames": "",
        "recoveryFrames": "40 total frames",
        "framesOnHit": "",
        "framesOnBlock": "",
        "vTriggerCancelHit": "",
        "vTriggerCancelBlock": "",
        "moveProperties": "",
        "moveType": "Special Moves"
      },
      "Braking": {
        "moveCommand": "",
        "startUpFrames": "",
        "activeFrames": "",
        "recoveryFrames": "12 total frames",
        "framesOnHit": "",
        "framesOnBlock": "",
        "vTriggerCancelHit": "",
        "vTriggerCancelBlock": "",
        "moveProperties": "",
        "moveType": "Special Moves"
      },
      "Rough Chase": {
        "moveCommand": "",
        "startUpFrames": "7",
        "activeFrames": "6",
        "recoveryFrames": "18",
        "framesOnHit": "3",
        "framesOnBlock": "-6",
        "vTriggerCancelHit": "",
        "vTriggerCancelBlock": "",
        "moveProperties": "High",
        "moveType": "Special Moves"
      },
      "Tornado Spinner": {
        "moveCommand": "",
        "startUpFrames": "4",
        "activeFrames": "4",
        "recoveryFrames": "23+14 frame(s) after landing",
        "framesOnHit": "D",
        "framesOnBlock": "-35",
        "vTriggerCancelHit": "",
        "vTriggerCancelBlock": "",
        "moveProperties": "High",
        "moveType": "Special Moves"
      },
      "V-Tornado Spinner": {
        "moveCommand": "",
        "startUpFrames": "4",
        "activeFrames": "5",
        "recoveryFrames": "17+14 frame(s) after landing",
        "framesOnHit": "D",
        "framesOnBlock": "-30",
        "vTriggerCancelHit": "",
        "vTriggerCancelBlock": "",
        "moveProperties": "High",
        "moveType": "Special Moves"
      },
      "Cyclone Spinner": {
        "moveCommand": "",
        "startUpFrames": "5",
        "activeFrames": "5",
        "recoveryFrames": "23",
        "framesOnHit": "D",
        "framesOnBlock": "-8",
        "vTriggerCancelHit": "",
        "vTriggerCancelBlock": "",
        "moveProperties": "High",
        "moveType": "Special Moves"
      },
      "V-Cyclone Spinner": {
        "moveCommand": "",
        "startUpFrames": "5",
        "activeFrames": "5",
        "recoveryFrames": "19",
        "framesOnHit": "D",
        "framesOnBlock": "-6",
        "vTriggerCancelHit": "",
        "vTriggerCancelBlock": "",
        "moveProperties": "High",
        "moveType": "Special Moves"
      },
      "Nubbing Needle": {
        "moveCommand": "",
        "startUpFrames": "11",
        "activeFrames": "5",
        "recoveryFrames": "8+12 frame(s) after landing",
        "framesOnHit": "2",
        "framesOnBlock": "-2",
        "vTriggerCancelHit": "",
        "vTriggerCancelBlock": "",
        "moveProperties": "High",
        "moveType": "Special Moves"
      },
      "V-Nubbing Needle": {
        "moveCommand": "",
        "startUpFrames": "11",
        "activeFrames": "5",
        "recoveryFrames": "8+12 frame(s) after landing",
        "framesOnHit": "D",
        "framesOnBlock": "-2",
        "vTriggerCancelHit": "",
        "vTriggerCancelBlock": "",
        "moveProperties": "High",
        "moveType": "Special Moves"
      },
      "EX Gun Smoke": {
        "moveCommand": "",
        "startUpFrames": "",
        "activeFrames": "",
        "recoveryFrames": "33 total frames",
        "framesOnHit": "",
        "framesOnBlock": "",
        "vTriggerCancelHit": "",
        "vTriggerCancelBlock": "",
        "moveProperties": "",
        "moveType": "Special Moves"
      },
      "EX Braking": {
        "moveCommand": "",
        "startUpFrames": "",
        "activeFrames": "",
        "recoveryFrames": "12 total frames",
        "framesOnHit": "",
        "framesOnBlock": "",
        "vTriggerCancelHit": "",
        "vTriggerCancelBlock": "",
        "moveProperties": "",
        "moveType": "Special Moves"
      },
      "EX Rough Chase": {
        "moveCommand": "",
        "startUpFrames": "7",
        "activeFrames": "3",
        "recoveryFrames": "27",
        "framesOnHit": "D",
        "framesOnBlock": "-8",
        "vTriggerCancelHit": "D",
        "vTriggerCancelBlock": "12",
        "moveProperties": "High",
        "moveType": "Special Moves"
      },
      "EX Tornado Spinner": {
        "moveCommand": "",
        "startUpFrames": "4",
        "activeFrames": "5",
        "recoveryFrames": "17+14 frame(s) after landing",
        "framesOnHit": "D",
        "framesOnBlock": "-30",
        "vTriggerCancelHit": "",
        "vTriggerCancelBlock": "",
        "moveProperties": "High",
        "moveType": "Special Moves"
      },
      "V-EX Tornado Spinner": {
        "moveCommand": "",
        "startUpFrames": "4",
        "activeFrames": "6",
        "recoveryFrames": "16+14 frame(s) after landing",
        "framesOnHit": "D",
        "framesOnBlock": "-29",
        "vTriggerCancelHit": "",
        "vTriggerCancelBlock": "",
        "moveProperties": "High",
        "moveType": "Special Moves"
      },
      "EX Cyclone Spinner": {
        "moveCommand": "",
        "startUpFrames": "5",
        "activeFrames": "5",
        "recoveryFrames": "19",
        "framesOnHit": "D",
        "framesOnBlock": "-6",
        "vTriggerCancelHit": "10",
        "vTriggerCancelBlock": "3",
        "moveProperties": "High",
        "moveType": "Special Moves"
      },
      "V-EX Cyclone Spinner": {
        "moveCommand": "",
        "startUpFrames": "5",
        "activeFrames": "5",
        "recoveryFrames": "19",
        "framesOnHit": "D",
        "framesOnBlock": "-4",
        "vTriggerCancelHit": "",
        "vTriggerCancelBlock": "",
        "moveProperties": "High",
        "moveType": "Special Moves"
      },
      "EX Nubbing Needle": {
        "moveCommand": "",
        "startUpFrames": "11",
        "activeFrames": "5",
        "recoveryFrames": "8+12 frame(s) after landing",
        "framesOnHit": "D",
        "framesOnBlock": "-2",
        "vTriggerCancelHit": "",
        "vTriggerCancelBlock": "",
        "moveProperties": "High",
        "moveType": "Special Moves"
      },
      "V-EX Nubbing Needle": {
        "moveCommand": "",
        "startUpFrames": "11",
        "activeFrames": "5",
        "recoveryFrames": "8+12 frame(s) after landing",
        "framesOnHit": "D",
        "framesOnBlock": "2",
        "vTriggerCancelHit": "",
        "vTriggerCancelBlock": "",
        "moveProperties": "High",
        "moveType": "Special Moves"
      },
      "Firecracker": {
        "moveCommand": "",
        "startUpFrames": "12",
        "activeFrames": "7",
        "recoveryFrames": "19",
        "framesOnHit": "0",
        "framesOnBlock": "-4",
        "vTriggerCancelHit": "",
        "vTriggerCancelBlock": "",
        "moveProperties": "High",
        "moveType": "Special Moves"
      },
      "L Flipper Shot": {
        "moveCommand": "",
        "startUpFrames": "9",
        "activeFrames": "",
        "recoveryFrames": "38 total frames",
        "framesOnHit": "1",
        "framesOnBlock": "-5",
        "vTriggerCancelHit": "13",
        "vTriggerCancelBlock": "7",
        "moveProperties": "High",
        "moveType": "Special Moves"
      },
      "M Flipper Shot": {
        "moveCommand": "",
        "startUpFrames": "12",
        "activeFrames": "",
        "recoveryFrames": "40 total frames",
        "framesOnHit": "2",
        "framesOnBlock": "-4",
        "vTriggerCancelHit": "14",
        "vTriggerCancelBlock": "8",
        "moveProperties": "High",
        "moveType": "Special Moves"
      },
      "H Flipper Shot": {
        "moveCommand": "",
        "startUpFrames": "12",
        "activeFrames": "",
        "recoveryFrames": "40 total frames",
        "framesOnHit": "2",
        "framesOnBlock": "-4",
        "vTriggerCancelHit": "14",
        "vTriggerCancelBlock": "8",
        "moveProperties": "High",
        "moveType": "Special Moves"
      },
      "EX Firecracker": {
        "moveCommand": "",
        "startUpFrames": "12",
        "activeFrames": "7",
        "recoveryFrames": "19",
        "framesOnHit": "0",
        "framesOnBlock": "-4",
        "vTriggerCancelHit": "",
        "vTriggerCancelBlock": "",
        "moveProperties": "High",
        "moveType": "Special Moves"
      },
      "EX Flipper Shot L": {
        "moveCommand": "",
        "startUpFrames": "9",
        "activeFrames": "",
        "recoveryFrames": "38 total frames",
        "framesOnHit": "7",
        "framesOnBlock": "2",
        "vTriggerCancelHit": "19",
        "vTriggerCancelBlock": "14",
        "moveProperties": "High",
        "moveType": "Special Moves"
      },
      "EX Flipper Shot M": {
        "moveCommand": "",
        "startUpFrames": "12",
        "activeFrames": "",
        "recoveryFrames": "40 total frames",
        "framesOnHit": "4",
        "framesOnBlock": "3",
        "vTriggerCancelHit": "16",
        "vTriggerCancelBlock": "15",
        "moveProperties": "High",
        "moveType": "Special Moves"
      },
      "EX Flipper Shot H": {
        "moveCommand": "",
        "startUpFrames": "12",
        "activeFrames": "",
        "recoveryFrames": "40 total frames",
        "framesOnHit": "4",
        "framesOnBlock": "3",
        "vTriggerCancelHit": "16",
        "vTriggerCancelBlock": "15",
        "moveProperties": "High",
        "moveType": "Special Moves"
      },
      "V-Firecracker": {
        "moveCommand": "",
        "startUpFrames": "12",
        "activeFrames": "7",
        "recoveryFrames": "19",
        "framesOnHit": "0",
        "framesOnBlock": "-4",
        "vTriggerCancelHit": "",
        "vTriggerCancelBlock": "",
        "moveProperties": "High",
        "moveType": "Special Moves"
      },
      "V-L Flipper Shot": {
        "moveCommand": "",
        "startUpFrames": "9",
        "activeFrames": "",
        "recoveryFrames": "38 total frames",
        "framesOnHit": "7",
        "framesOnBlock": "2",
        "vTriggerCancelHit": "",
        "vTriggerCancelBlock": "",
        "moveProperties": "High",
        "moveType": "Special Moves"
      },
      "V-M Flipper Shot": {
        "moveCommand": "",
        "startUpFrames": "12",
        "activeFrames": "",
        "recoveryFrames": "40 total frames",
        "framesOnHit": "4",
        "framesOnBlock": "3",
        "vTriggerCancelHit": "",
        "vTriggerCancelBlock": "",
        "moveProperties": "High",
        "moveType": "Special Moves"
      },
      "V-H Flipper Shot": {
        "moveCommand": "",
        "startUpFrames": "12",
        "activeFrames": "",
        "recoveryFrames": "40 total frames",
        "framesOnHit": "4",
        "framesOnBlock": "3",
        "vTriggerCancelHit": "",
        "vTriggerCancelBlock": "",
        "moveProperties": "High",
        "moveType": "Special Moves"
      },
      "L Hurricane Spinner": {
        "moveCommand": "",
        "startUpFrames": "7",
        "activeFrames": "9",
        "recoveryFrames": "20+15 frame(s) after landing",
        "framesOnHit": "D",
        "framesOnBlock": "-38",
        "vTriggerCancelHit": "",
        "vTriggerCancelBlock": "",
        "moveProperties": "High",
        "moveType": "Special Moves"
      },
      "M Hurricane Spinner": {
        "moveCommand": "",
        "startUpFrames": "9",
        "activeFrames": "9",
        "recoveryFrames": "23+15 frame(s) after landing",
        "framesOnHit": "D",
        "framesOnBlock": "-41",
        "vTriggerCancelHit": "",
        "vTriggerCancelBlock": "",
        "moveProperties": "High",
        "moveType": "Special Moves"
      },
      "H Hurricane Spinner": {
        "moveCommand": "",
        "startUpFrames": "13",
        "activeFrames": "9",
        "recoveryFrames": "30+15 frame(s) after landing",
        "framesOnHit": "D",
        "framesOnBlock": "-48",
        "vTriggerCancelHit": "",
        "vTriggerCancelBlock": "",
        "moveProperties": "High",
        "moveType": "Special Moves"
      },
      "EX Hurricane Spinner": {
        "moveCommand": "",
        "startUpFrames": "7",
        "activeFrames": "13",
        "recoveryFrames": "33+15 frame(s) after landing",
        "framesOnHit": "D",
        "framesOnBlock": "-46",
        "vTriggerCancelHit": "",
        "vTriggerCancelBlock": "",
        "moveProperties": "High",
        "moveType": "Special Moves"
      },
      "V-Hurricane Spinner": {
        "moveCommand": "",
        "startUpFrames": "7",
        "activeFrames": "13",
        "recoveryFrames": "33+15 frame(s) after landing",
        "framesOnHit": "D",
        "framesOnBlock": "-46",
        "vTriggerCancelHit": "",
        "vTriggerCancelBlock": "",
        "moveProperties": "High",
        "moveType": "Special Moves"
      },
      "L Fire Spinner": {
        "moveCommand": "",
        "startUpFrames": "15",
        "activeFrames": "3",
        "recoveryFrames": "9+20 frame(s) after landing",
        "framesOnHit": "0",
        "framesOnBlock": "-4",
        "vTriggerCancelHit": "",
        "vTriggerCancelBlock": "",
        "moveProperties": "High",
        "moveType": "Special Moves"
      },
      "M Fire Spinner": {
        "moveCommand": "",
        "startUpFrames": "18",
        "activeFrames": "3",
        "recoveryFrames": "10+21 frame(s) after landing",
        "framesOnHit": "2",
        "framesOnBlock": "-4",
        "vTriggerCancelHit": "",
        "vTriggerCancelBlock": "",
        "moveProperties": "High",
        "moveType": "Special Moves"
      },
      "H Fire Spinner": {
        "moveCommand": "",
        "startUpFrames": "21",
        "activeFrames": "3",
        "recoveryFrames": "8+20 frame(s) after landing",
        "framesOnHit": "D",
        "framesOnBlock": "-4",
        "vTriggerCancelHit": "",
        "vTriggerCancelBlock": "",
        "moveProperties": "High",
        "moveType": "Special Moves"
      },
      "EX Fire Spinner": {
        "moveCommand": "",
        "startUpFrames": "17",
        "activeFrames": "3",
        "recoveryFrames": "6+13 frame(s) after landing",
        "framesOnHit": "D",
        "framesOnBlock": "-2",
        "vTriggerCancelHit": "",
        "vTriggerCancelBlock": "",
        "moveProperties": "High",
        "moveType": "Special Moves"
      },
      "V-Fire Spinner": {
        "moveCommand": "",
        "startUpFrames": "17",
        "activeFrames": "3",
        "recoveryFrames": "6+13 frame(s) after landing",
        "framesOnHit": "D",
        "framesOnBlock": "-2",
        "vTriggerCancelHit": "",
        "vTriggerCancelBlock": "",
        "moveProperties": "High",
        "moveType": "Special Moves"
      },
      "V-Tactical Weapon": {
        "moveCommand": "",
        "startUpFrames": "16",
        "activeFrames": "2",
        "recoveryFrames": "23",
        "framesOnHit": "D",
        "framesOnBlock": "-2",
        "vTriggerCancelHit": "",
        "vTriggerCancelBlock": "",
        "moveProperties": "High",
        "moveType": "Special Moves"
      }
    },
    "Critical Art": {
      "Hard Hit Knee": {
        "moveCommand": "",
        "startUpFrames": "1+7",
        "activeFrames": "16",
        "recoveryFrames": "54",
        "framesOnHit": "D",
        "framesOnBlock": "-32",
        "vTriggerCancelHit": "",
        "vTriggerCancelBlock": "",
        "moveProperties": "High",
        "moveType": "Critical Art"
      }
    },
    "V-System": {
      "[VS1] Tap-Kick": {
        "moveCommand": "",
        "startUpFrames": "9",
        "activeFrames": "6",
        "recoveryFrames": "20",
        "framesOnHit": "2",
        "framesOnBlock": "-8",
        "vTriggerCancelHit": "6",
        "vTriggerCancelBlock": "1",
        "moveProperties": "High",
        "moveType": "V-System"
      },
      "V[VS1] Tap-Kick": {
        "moveCommand": "",
        "startUpFrames": "9",
        "activeFrames": "6",
        "recoveryFrames": "20",
        "framesOnHit": "D",
        "framesOnBlock": "-8",
        "vTriggerCancelHit": "",
        "vTriggerCancelBlock": "",
        "moveProperties": "High",
        "moveType": "V-System"
      },
      "[VS2] Arrest Heel": {
        "moveCommand": "",
        "startUpFrames": "28",
        "activeFrames": "2",
        "recoveryFrames": "2+16 frame(s) after landing",
        "framesOnHit": "D",
        "framesOnBlock": "-4",
        "vTriggerCancelHit": "",
        "vTriggerCancelBlock": "",
        "moveProperties": "High",
        "moveType": "V-System"
      },
      "V[VS2] Arrest Heel": {
        "moveCommand": "",
        "startUpFrames": "28",
        "activeFrames": "2",
        "recoveryFrames": "2+16 frame(s) after landing",
        "framesOnHit": "D",
        "framesOnBlock": "-4",
        "vTriggerCancelHit": "",
        "vTriggerCancelBlock": "",
        "moveProperties": "High",
        "moveType": "V-System"
      },
      "Burning Fight": {
        "moveCommand": "",
        "startUpFrames": "1",
        "activeFrames": "",
        "recoveryFrames": "8",
        "framesOnHit": "",
        "framesOnBlock": "",
        "vTriggerCancelHit": "",
        "vTriggerCancelBlock": "",
        "moveProperties": "",
        "moveType": "V-System"
      },
      "Hammer Knuckle": {
        "moveCommand": "",
        "startUpFrames": "17",
        "activeFrames": "2",
        "recoveryFrames": "24",
        "framesOnHit": "D",
        "framesOnBlock": "-2",
        "vTriggerCancelHit": "",
        "vTriggerCancelBlock": "",
        "moveProperties": "High",
        "moveType": "V-System"
      },
      "Weapon Fury": {
        "moveCommand": "",
        "startUpFrames": "1",
        "activeFrames": "",
        "recoveryFrames": "8",
        "framesOnHit": "",
        "framesOnBlock": "",
        "vTriggerCancelHit": "",
        "vTriggerCancelBlock": "",
        "moveProperties": "",
        "moveType": "V-System"
      }
    },
    "Normal Throws": {
      "German Suplex": {
        "moveCommand": "",
        "startUpFrames": "5",
        "activeFrames": "3",
        "recoveryFrames": "17",
        "framesOnHit": "",
        "framesOnBlock": "",
        "vTriggerCancelHit": "",
        "vTriggerCancelBlock": "",
        "moveProperties": "Throw",
        "moveType": "Normal Throws"
      },
      "Back-Carry Throw": {
        "moveCommand": "",
        "startUpFrames": "5",
        "activeFrames": "3",
        "recoveryFrames": "17",
        "framesOnHit": "",
        "framesOnBlock": "",
        "vTriggerCancelHit": "",
        "vTriggerCancelBlock": "",
        "moveProperties": "Throw",
        "moveType": "Normal Throws"
      }
    }
  }
}
