{
  "Nash": {
    "Fireball": "Sonic Boom",
    "Normal Moves": {
      "Standing LP": {
        "moveCommand": "",
        "startUpFrames": "4",
        "activeFrames": "2",
        "recoveryFrames": "6",
        "framesOnHit": "4",
        "framesOnBlock": "3",
        "vTriggerCancelHit": "2",
        "vTriggerCancelBlock": "1",
        "moveProperties": "High",
        "moveType": "Normal Moves"
      },
      "Standing MP": {
        "moveCommand": "",
        "startUpFrames": "6",
        "activeFrames": "3",
        "recoveryFrames": "15",
        "framesOnHit": "2",
        "framesOnBlock": "0",
        "vTriggerCancelHit": "10",
        "vTriggerCancelBlock": "4",
        "moveProperties": "High",
        "moveType": "Normal Moves"
      },
      "Standing HP": {
        "moveCommand": "",
        "startUpFrames": "8",
        "activeFrames": "3",
        "recoveryFrames": "22",
        "framesOnHit": "0",
        "framesOnBlock": "-5",
        "vTriggerCancelHit": "15",
        "vTriggerCancelBlock": "10",
        "moveProperties": "High",
        "moveType": "Normal Moves"
      },
      "Standing LK": {
        "moveCommand": "",
        "startUpFrames": "4",
        "activeFrames": "3",
        "recoveryFrames": "7",
        "framesOnHit": "4",
        "framesOnBlock": "3",
        "vTriggerCancelHit": "2",
        "vTriggerCancelBlock": "1",
        "moveProperties": "High",
        "moveType": "Normal Moves"
      },
      "Standing MK": {
        "moveCommand": "",
        "startUpFrames": "7",
        "activeFrames": "4",
        "recoveryFrames": "15",
        "framesOnHit": "2",
        "framesOnBlock": "0",
        "vTriggerCancelHit": "11",
        "vTriggerCancelBlock": "8",
        "moveProperties": "High",
        "moveType": "Normal Moves"
      },
      "Standing HK": {
        "moveCommand": "",
        "startUpFrames": "9",
        "activeFrames": "4",
        "recoveryFrames": "14(*15)",
        "framesOnHit": "2",
        "framesOnBlock": "-2",
        "vTriggerCancelHit": "10",
        "vTriggerCancelBlock": "6",
        "moveProperties": "High",
        "moveType": "Normal Moves"
      },
      "Crouching LP": {
        "moveCommand": "",
        "startUpFrames": "4",
        "activeFrames": "2",
        "recoveryFrames": "7",
        "framesOnHit": "4",
        "framesOnBlock": "2",
        "vTriggerCancelHit": "2",
        "vTriggerCancelBlock": "0",
        "moveProperties": "High",
        "moveType": "Normal Moves"
      },
      "Crouching MP": {
        "moveCommand": "",
        "startUpFrames": "6",
        "activeFrames": "3",
        "recoveryFrames": "13",
        "framesOnHit": "6",
        "framesOnBlock": "2",
        "vTriggerCancelHit": "12",
        "vTriggerCancelBlock": "8",
        "moveProperties": "High",
        "moveType": "Normal Moves"
      },
      "Crouching HP": {
        "moveCommand": "",
        "startUpFrames": "9",
        "activeFrames": "2",
        "recoveryFrames": "17",
        "framesOnHit": "7",
        "framesOnBlock": "3",
        "vTriggerCancelHit": "16",
        "vTriggerCancelBlock": "12",
        "moveProperties": "High",
        "moveType": "Normal Moves"
      },
      "Crouching LK": {
        "moveCommand": "",
        "startUpFrames": "4",
        "activeFrames": "3",
        "recoveryFrames": "6",
        "framesOnHit": "4",
        "framesOnBlock": "1",
        "vTriggerCancelHit": "3",
        "vTriggerCancelBlock": "0",
        "moveProperties": "Low",
        "moveType": "Normal Moves"
      },
      "Crouching MK": {
        "moveCommand": "",
        "startUpFrames": "8",
        "activeFrames": "2",
        "recoveryFrames": "17",
        "framesOnHit": "0",
        "framesOnBlock": "-4",
        "vTriggerCancelHit": "9",
        "vTriggerCancelBlock": "5",
        "moveProperties": "Low",
        "moveType": "Normal Moves"
      },
      "Crouching HK": {
        "moveCommand": "",
        "startUpFrames": "8",
        "activeFrames": "2",
        "recoveryFrames": "24",
        "framesOnHit": "D",
        "framesOnBlock": "-12",
        "vTriggerCancelHit": "D",
        "vTriggerCancelBlock": "4",
        "moveProperties": "Low",
        "moveType": "Normal Moves"
      },
      "Jumping LP": {
        "moveCommand": "",
        "startUpFrames": "3",
        "activeFrames": "6",
        "recoveryFrames": "",
        "framesOnHit": "",
        "framesOnBlock": "",
        "vTriggerCancelHit": "",
        "vTriggerCancelBlock": "",
        "moveProperties": "Mid",
        "moveType": "Normal Moves"
      },
      "Jumping MP": {
        "moveCommand": "",
        "startUpFrames": "5",
        "activeFrames": "5",
        "recoveryFrames": "",
        "framesOnHit": "",
        "framesOnBlock": "",
        "vTriggerCancelHit": "",
        "vTriggerCancelBlock": "",
        "moveProperties": "Mid",
        "moveType": "Normal Moves"
      },
      "Jumping HP": {
        "moveCommand": "",
        "startUpFrames": "7",
        "activeFrames": "5",
        "recoveryFrames": "",
        "framesOnHit": "",
        "framesOnBlock": "",
        "vTriggerCancelHit": "",
        "vTriggerCancelBlock": "",
        "moveProperties": "Mid",
        "moveType": "Normal Moves"
      },
      "Jumping LK": {
        "moveCommand": "",
        "startUpFrames": "4",
        "activeFrames": "5",
        "recoveryFrames": "",
        "framesOnHit": "",
        "framesOnBlock": "",
        "vTriggerCancelHit": "",
        "vTriggerCancelBlock": "",
        "moveProperties": "Mid",
        "moveType": "Normal Moves"
      },
      "Jumping MK": {
        "moveCommand": "",
        "startUpFrames": "6",
        "activeFrames": "5",
        "recoveryFrames": "",
        "framesOnHit": "",
        "framesOnBlock": "",
        "vTriggerCancelHit": "",
        "vTriggerCancelBlock": "",
        "moveProperties": "Mid",
        "moveType": "Normal Moves"
      },
      "Diagonal Jumping HK": {
        "moveCommand": "",
        "startUpFrames": "9",
        "activeFrames": "5",
        "recoveryFrames": "",
        "framesOnHit": "",
        "framesOnBlock": "",
        "vTriggerCancelHit": "",
        "vTriggerCancelBlock": "",
        "moveProperties": "Mid",
        "moveType": "Normal Moves"
      },
      "Vertical Jump HK": {
        "moveCommand": "",
        "startUpFrames": "8",
        "activeFrames": "6",
        "recoveryFrames": "",
        "framesOnHit": "",
        "framesOnBlock": "",
        "vTriggerCancelHit": "",
        "vTriggerCancelBlock": "",
        "moveProperties": "Mid",
        "moveType": "Normal Moves"
      }
    },
    "Special Moves": {
      "Chopping Assault": {
        "moveCommand": "Forward Strong",
        "startUpFrames": "22",
        "activeFrames": "3",
        "recoveryFrames": "16",
        "framesOnHit": "1",
        "framesOnBlock": "-7",
        "vTriggerCancelHit": "",
        "vTriggerCancelBlock": "",
        "moveProperties": "Mid",
        "moveType": "Special Moves"
      },
      "Spinning Back Knuckle": {
        "moveCommand": "Forward Fierce",
        "startUpFrames": "15",
        "activeFrames": "3",
        "recoveryFrames": "30",
        "framesOnHit": "-3",
        "framesOnBlock": "-13",
        "vTriggerCancelHit": "20",
        "vTriggerCancelBlock": "10",
        "moveProperties": "High",
        "moveType": "Special Moves"
      },
      "Knee Bazooka": {
        "moveCommand": "Forward Short",
        "startUpFrames": "7",
        "activeFrames": "6",
        "recoveryFrames": "18",
        "framesOnHit": "-1",
        "framesOnBlock": "-5",
        "vTriggerCancelHit": "",
        "vTriggerCancelBlock": "",
        "moveProperties": "High",
        "moveType": "Special Moves"
      },
      "Jumping Sobat": {
        "moveCommand": "Forward Forward",
        "startUpFrames": "13",
        "activeFrames": "2",
        "recoveryFrames": "18",
        "framesOnHit": "2",
        "framesOnBlock": "-3",
        "vTriggerCancelHit": "",
        "vTriggerCancelBlock": "",
        "moveProperties": "High",
        "moveType": "Special Moves"
      },
      "Side Knee Attack": {
        "moveCommand": "Back Forward",
        "startUpFrames": "5",
        "activeFrames": "4",
        "recoveryFrames": "14",
        "framesOnHit": "4",
        "framesOnBlock": "2",
        "vTriggerCancelHit": "12",
        "vTriggerCancelBlock": "10",
        "moveProperties": "High",
        "moveType": "Special Moves"
      },
      "Step Kick": {
        "moveCommand": "Forward Roundhouse",
        "startUpFrames": "14",
        "activeFrames": "4",
        "recoveryFrames": "15",
        "framesOnHit": "3",
        "framesOnBlock": "-3",
        "vTriggerCancelHit": "12",
        "vTriggerCancelBlock": "6",
        "moveProperties": "High",
        "moveType": "Special Moves"
      },
      "Rapid Punch": {
        "moveCommand": "",
        "startUpFrames": "6",
        "activeFrames": "3",
        "recoveryFrames": "14",
        "framesOnHit": "1",
        "framesOnBlock": "-6",
        "vTriggerCancelHit": "8",
        "vTriggerCancelBlock": "2",
        "moveProperties": "High",
        "moveType": "Special Moves"
      },
      "Rapid Kick": {
        "moveCommand": "",
        "startUpFrames": "5",
        "activeFrames": "4",
        "recoveryFrames": "11",
        "framesOnHit": "4",
        "framesOnBlock": "-2",
        "vTriggerCancelHit": "",
        "vTriggerCancelBlock": "",
        "moveProperties": "High",
        "moveType": "Special Moves"
      },
      "Wind Shear 2": {
        "moveCommand": "",
        "startUpFrames": "9",
        "activeFrames": "4",
        "recoveryFrames": "22",
        "framesOnHit": "3",
        "framesOnBlock": "-7",
        "vTriggerCancelHit": "",
        "vTriggerCancelBlock": "",
        "moveProperties": "High",
        "moveType": "Special Moves"
      },
      "Wind Shear 3": {
        "moveCommand": "",
        "startUpFrames": "6",
        "activeFrames": "3",
        "recoveryFrames": "24",
        "framesOnHit": "D",
        "framesOnBlock": "",
        "vTriggerCancelHit": "",
        "vTriggerCancelBlock": "",
        "moveProperties": "High",
        "moveType": "Special Moves"
      },
      "Down Burst": {
        "moveCommand": "",
        "startUpFrames": "18",
        "activeFrames": "3",
        "recoveryFrames": "16",
        "framesOnHit": "1",
        "framesOnBlock": "-7",
        "vTriggerCancelHit": "",
        "vTriggerCancelBlock": "",
        "moveProperties": "Mid",
        "moveType": "Special Moves"
      },
      "(Raptor/Bullet) Combination 2": {
        "moveCommand": "",
        "startUpFrames": "9",
        "activeFrames": "3",
        "recoveryFrames": "26",
        "framesOnHit": "D",
        "framesOnBlock": "-10",
        "vTriggerCancelHit": "",
        "vTriggerCancelBlock": "",
        "moveProperties": "High",
        "moveType": "Special Moves"
      },
      "Raptor Combination 3": {
        "moveCommand": "",
        "startUpFrames": "14",
        "activeFrames": "4",
        "recoveryFrames": "17",
        "framesOnHit": "D",
        "framesOnBlock": "",
        "vTriggerCancelHit": "",
        "vTriggerCancelBlock": "",
        "moveProperties": "High",
        "moveType": "Special Moves"
      },
      "Bullet Combination 3": {
        "moveCommand": "",
        "startUpFrames": "8",
        "activeFrames": "2",
        "recoveryFrames": "23",
        "framesOnHit": "D",
        "framesOnBlock": "",
        "vTriggerCancelHit": "",
        "vTriggerCancelBlock": "",
        "moveProperties": "High",
        "moveType": "Special Moves"
      },
      "L Sonic Boom": {
        "moveCommand": "",
        "startUpFrames": "15",
        "activeFrames": "",
        "recoveryFrames": "47 total frames",
        "framesOnHit": "-2",
        "framesOnBlock": "-6",
        "vTriggerCancelHit": "19",
        "vTriggerCancelBlock": "15",
        "moveProperties": "High",
        "moveType": "Special Moves"
      },
      "M Sonic Boom": {
        "moveCommand": "",
        "startUpFrames": "17",
        "activeFrames": "",
        "recoveryFrames": "47 total frames",
        "framesOnHit": "0",
        "framesOnBlock": "-4",
        "vTriggerCancelHit": "19",
        "vTriggerCancelBlock": "15",
        "moveProperties": "High",
        "moveType": "Special Moves"
      },
      "H Sonic Boom": {
        "moveCommand": "",
        "startUpFrames": "22",
        "activeFrames": "",
        "recoveryFrames": "45 total frames",
        "framesOnHit": "4",
        "framesOnBlock": "-2",
        "vTriggerCancelHit": "17",
        "vTriggerCancelBlock": "11",
        "moveProperties": "High",
        "moveType": "Special Moves"
      },
      "EX Sonic Boom": {
        "moveCommand": "",
        "startUpFrames": "11",
        "activeFrames": "",
        "recoveryFrames": "37 total frames",
        "framesOnHit": "4",
        "framesOnBlock": "2",
        "vTriggerCancelHit": "20",
        "vTriggerCancelBlock": "18",
        "moveProperties": "High",
        "moveType": "Special Moves"
      },
      "EX Sonic Boom 2": {
        "moveCommand": "",
        "startUpFrames": "10",
        "activeFrames": "",
        "recoveryFrames": "36 total frames",
        "framesOnHit": "3",
        "framesOnBlock": "2",
        "vTriggerCancelHit": "19",
        "vTriggerCancelBlock": "18",
        "moveProperties": "High",
        "moveType": "Special Moves"
      },
      "L Moonsault Slash": {
        "moveCommand": "",
        "startUpFrames": "37",
        "activeFrames": "3",
        "recoveryFrames": "11",
        "framesOnHit": "4",
        "framesOnBlock": "1",
        "vTriggerCancelHit": "",
        "vTriggerCancelBlock": "",
        "moveProperties": "High",
        "moveType": "Special Moves"
      },
      "M Moonsault Slash": {
        "moveCommand": "",
        "startUpFrames": "37",
        "activeFrames": "3",
        "recoveryFrames": "12",
        "framesOnHit": "4",
        "framesOnBlock": "2",
        "vTriggerCancelHit": "",
        "vTriggerCancelBlock": "",
        "moveProperties": "High",
        "moveType": "Special Moves"
      },
      "H Moonsault Slash": {
        "moveCommand": "",
        "startUpFrames": "37",
        "activeFrames": "3",
        "recoveryFrames": "14",
        "framesOnHit": "4",
        "framesOnBlock": "3",
        "vTriggerCancelHit": "",
        "vTriggerCancelBlock": "",
        "moveProperties": "High",
        "moveType": "Special Moves"
      },
      "EX Moonsault Slash": {
        "moveCommand": "",
        "startUpFrames": "39",
        "activeFrames": "9",
        "recoveryFrames": "10",
        "framesOnHit": "7",
        "framesOnBlock": "3",
        "vTriggerCancelHit": "",
        "vTriggerCancelBlock": "",
        "moveProperties": "High",
        "moveType": "Special Moves"
      },
      "L Tragedy Assault": {
        "moveCommand": "",
        "startUpFrames": "18",
        "activeFrames": "2",
        "recoveryFrames": "23",
        "framesOnHit": "D",
        "framesOnBlock": "-5",
        "vTriggerCancelHit": "",
        "vTriggerCancelBlock": "",
        "moveProperties": "High",
        "moveType": "Special Moves"
      },
      "M Tragedy Assault": {
        "moveCommand": "",
        "startUpFrames": "22",
        "activeFrames": "2",
        "recoveryFrames": "26",
        "framesOnHit": "D",
        "framesOnBlock": "-6",
        "vTriggerCancelHit": "",
        "vTriggerCancelBlock": "",
        "moveProperties": "High",
        "moveType": "Special Moves"
      },
      "H Tragedy Assault": {
        "moveCommand": "",
        "startUpFrames": "34",
        "activeFrames": "2",
        "recoveryFrames": "28",
        "framesOnHit": "D",
        "framesOnBlock": "-8",
        "vTriggerCancelHit": "",
        "vTriggerCancelBlock": "",
        "moveProperties": "High",
        "moveType": "Special Moves"
      },
      "EX Tragedy Assault": {
        "moveCommand": "",
        "startUpFrames": "8",
        "activeFrames": "5",
        "recoveryFrames": "48",
        "framesOnHit": "D",
        "framesOnBlock": "-23",
        "vTriggerCancelHit": "D",
        "vTriggerCancelBlock": "",
        "moveProperties": "High",
        "moveType": "Special Moves"
      },
      "L Sonic Scythe": {
        "moveCommand": "",
        "startUpFrames": "10",
        "activeFrames": "3",
        "recoveryFrames": "24",
        "framesOnHit": "D",
        "framesOnBlock": "-7",
        "vTriggerCancelHit": "D",
        "vTriggerCancelBlock": "10",
        "moveProperties": "High",
        "moveType": "Special Moves"
      },
      "M Sonic Scythe": {
        "moveCommand": "",
        "startUpFrames": "15",
        "activeFrames": "3",
        "recoveryFrames": "22",
        "framesOnHit": "D",
        "framesOnBlock": "-10",
        "vTriggerCancelHit": "D",
        "vTriggerCancelBlock": "5",
        "moveProperties": "High",
        "moveType": "Special Moves"
      },
      "H Sonic Scythe": {
        "moveCommand": "",
        "startUpFrames": "13",
        "activeFrames": "5",
        "recoveryFrames": "21",
        "framesOnHit": "D",
        "framesOnBlock": "-15",
        "vTriggerCancelHit": "D",
        "vTriggerCancelBlock": "4",
        "moveProperties": "High",
        "moveType": "Special Moves"
      },
      "L Sonic Scythe (VS2 Ver.)": {
        "moveCommand": "",
        "startUpFrames": "10",
        "activeFrames": "8",
        "recoveryFrames": "19",
        "framesOnHit": "D",
        "framesOnBlock": "2",
        "vTriggerCancelHit": "D",
        "vTriggerCancelBlock": "17",
        "moveProperties": "High",
        "moveType": "Special Moves"
      },
      "M Sonic Scythe (VS2 Ver.)": {
        "moveCommand": "",
        "startUpFrames": "15",
        "activeFrames": "6",
        "recoveryFrames": "22",
        "framesOnHit": "D",
        "framesOnBlock": "-5",
        "vTriggerCancelHit": "D",
        "vTriggerCancelBlock": "7",
        "moveProperties": "High",
        "moveType": "Special Moves"
      },
      "H Sonic Scythe (VS2 Ver.)": {
        "moveCommand": "",
        "startUpFrames": "13",
        "activeFrames": "5",
        "recoveryFrames": "21",
        "framesOnHit": "D",
        "framesOnBlock": "-15",
        "vTriggerCancelHit": "D",
        "vTriggerCancelBlock": "4",
        "moveProperties": "High",
        "moveType": "Special Moves"
      },
      "EX Sonic Scythe": {
        "moveCommand": "",
        "startUpFrames": "6",
        "activeFrames": "13",
        "recoveryFrames": "34",
        "framesOnHit": "D",
        "framesOnBlock": "-19",
        "vTriggerCancelHit": "D",
        "vTriggerCancelBlock": "11/-/10/10",
        "moveProperties": "High",
        "moveType": "Special Moves"
      },
      "EX Sonic Scythe (VS2 Ver.)": {
        "moveCommand": "",
        "startUpFrames": "6",
        "activeFrames": "16",
        "recoveryFrames": "34",
        "framesOnHit": "D",
        "framesOnBlock": "-19",
        "vTriggerCancelHit": "D",
        "vTriggerCancelBlock": "11/-/-/10/10",
        "moveProperties": "High",
        "moveType": "Special Moves"
      }
    },
    "Critical Art": {
      "Judgement Saber": {
        "moveCommand": "",
        "startUpFrames": "1+9",
        "activeFrames": "3",
        "recoveryFrames": "40",
        "framesOnHit": "D",
        "framesOnBlock": "-31",
        "vTriggerCancelHit": "",
        "vTriggerCancelBlock": "",
        "moveProperties": "High",
        "moveType": "Critical Art"
      }
    },
    "V-System": {
      "[VS1] Bullet Clear": {
        "moveCommand": "",
        "startUpFrames": "8 (*6)",
        "activeFrames": "4(*8)",
        "recoveryFrames": "21",
        "framesOnHit": "5",
        "framesOnBlock": "-5",
        "vTriggerCancelHit": "20",
        "vTriggerCancelBlock": "10",
        "moveProperties": "High",
        "moveType": "V-System"
      },
      "[VS2] Silent Sharpness": {
        "moveCommand": "",
        "startUpFrames": "",
        "activeFrames": "",
        "recoveryFrames": "53 total frames",
        "framesOnHit": "",
        "framesOnBlock": "",
        "vTriggerCancelHit": "",
        "vTriggerCancelBlock": "",
        "moveProperties": "",
        "moveType": "V-System"
      },
      "Sonic Move - Hide": {
        "moveCommand": "",
        "startUpFrames": "",
        "activeFrames": "",
        "recoveryFrames": "9",
        "framesOnHit": "",
        "framesOnBlock": "",
        "vTriggerCancelHit": "",
        "vTriggerCancelBlock": "",
        "moveProperties": "",
        "moveType": "V-System"
      },
      "Sonic Move - Blitz Air": {
        "moveCommand": "",
        "startUpFrames": "",
        "activeFrames": "",
        "recoveryFrames": "24+4 frame(s) after landing",
        "framesOnHit": "",
        "framesOnBlock": "",
        "vTriggerCancelHit": "",
        "vTriggerCancelBlock": "",
        "moveProperties": "",
        "moveType": "V-System"
      },
      "Sonic Move - Steel Air": {
        "moveCommand": "",
        "startUpFrames": "",
        "activeFrames": "",
        "recoveryFrames": "24+4 frame(s) after landing",
        "framesOnHit": "",
        "framesOnBlock": "",
        "vTriggerCancelHit": "",
        "vTriggerCancelBlock": "",
        "moveProperties": "",
        "moveType": "V-System"
      },
      "Sonic Move - Avoid": {
        "moveCommand": "",
        "startUpFrames": "",
        "activeFrames": "",
        "recoveryFrames": "44",
        "framesOnHit": "",
        "framesOnBlock": "",
        "vTriggerCancelHit": "",
        "vTriggerCancelBlock": "",
        "moveProperties": "",
        "moveType": "V-System"
      },
      "Stealth Dash": {
        "moveCommand": "",
        "startUpFrames": "4",
        "activeFrames": "",
        "recoveryFrames": "39 total frames",
        "framesOnHit": "",
        "framesOnBlock": "",
        "vTriggerCancelHit": "",
        "vTriggerCancelBlock": "",
        "moveProperties": "",
        "moveType": "V-System"
      },
      "Stealth Dash (Stop)": {
        "moveCommand": "",
        "startUpFrames": "",
        "activeFrames": "",
        "recoveryFrames": "11",
        "framesOnHit": "",
        "framesOnBlock": "",
        "vTriggerCancelHit": "",
        "vTriggerCancelBlock": "",
        "moveProperties": "",
        "moveType": "V-System"
      },
      "Justice Corridor": {
        "moveCommand": "",
        "startUpFrames": "29",
        "activeFrames": "7",
        "recoveryFrames": "29",
        "framesOnHit": "D",
        "framesOnBlock": "2",
        "vTriggerCancelHit": "",
        "vTriggerCancelBlock": "",
        "moveProperties": "Mid",
        "moveType": "V-System"
      },
      "Justice Shell": {
        "moveCommand": "",
        "startUpFrames": "10",
        "activeFrames": "8",
        "recoveryFrames": "32",
        "framesOnHit": "D",
        "framesOnBlock": "-16",
        "vTriggerCancelHit": "",
        "vTriggerCancelBlock": "",
        "moveProperties": "High",
        "moveType": "V-System"
      }
    },
    "Normal Throws": {
      "Dragon Suplex": {
        "moveCommand": "",
        "startUpFrames": "5",
        "activeFrames": "3",
        "recoveryFrames": "17",
        "framesOnHit": "D",
        "framesOnBlock": "",
        "vTriggerCancelHit": "",
        "vTriggerCancelBlock": "",
        "moveProperties": "Throw",
        "moveType": "Normal Throws"
      },
      "Target Down": {
        "moveCommand": "",
        "startUpFrames": "5",
        "activeFrames": "3",
        "recoveryFrames": "17",
        "framesOnHit": "D",
        "framesOnBlock": "",
        "vTriggerCancelHit": "",
        "vTriggerCancelBlock": "",
        "moveProperties": "Throw",
        "moveType": "Normal Throws"
      },
      "Air Jack": {
        "moveCommand": "",
        "startUpFrames": "5",
        "activeFrames": "2",
        "recoveryFrames": "6 frame(s) after landing",
        "framesOnHit": "D",
        "framesOnBlock": "",
        "vTriggerCancelHit": "",
        "vTriggerCancelBlock": "",
        "moveProperties": "Throw",
        "moveType": "Normal Throws"
      }
    }
  }
}
