{
  "Necalli": {
    "DP": "Raging Light",
    "Normal Moves": {
      "Standing LP": {
        "moveCommand": "",
        "startUpFrames": "3",
        "activeFrames": "2",
        "recoveryFrames": "9",
        "framesOnHit": "3",
        "framesOnBlock": "1",
        "vTriggerCancelHit": "5",
        "vTriggerCancelBlock": "3",
        "moveProperties": "High",
        "moveType": "Normal Moves"
      },
      "V-Standing LP": {
        "moveCommand": "",
        "startUpFrames": "3",
        "activeFrames": "2",
        "recoveryFrames": "9",
        "framesOnHit": "3",
        "framesOnBlock": "1",
        "vTriggerCancelHit": "",
        "vTriggerCancelBlock": "",
        "moveProperties": "High",
        "moveType": "Normal Moves"
      },
      "Standing MP": {
        "moveCommand": "",
        "startUpFrames": "6",
        "activeFrames": "2",
        "recoveryFrames": "14",
        "framesOnHit": "5",
        "framesOnBlock": "0",
        "vTriggerCancelHit": "12",
        "vTriggerCancelBlock": "7",
        "moveProperties": "High",
        "moveType": "Normal Moves"
      },
      "V-Standing MP": {
        "moveCommand": "",
        "startUpFrames": "6",
        "activeFrames": "3",
        "recoveryFrames": "13",
        "framesOnHit": "6",
        "framesOnBlock": "0",
        "vTriggerCancelHit": "",
        "vTriggerCancelBlock": "",
        "moveProperties": "High",
        "moveType": "Normal Moves"
      },
      "Standing HP": {
        "moveCommand": "",
        "startUpFrames": "9",
        "activeFrames": "4",
        "recoveryFrames": "19",
        "framesOnHit": "1",
        "framesOnBlock": "-2",
        "vTriggerCancelHit": "11",
        "vTriggerCancelBlock": "8",
        "moveProperties": "High",
        "moveType": "Normal Moves"
      },
      "V-Standing HP": {
        "moveCommand": "",
        "startUpFrames": "9",
        "activeFrames": "5",
        "recoveryFrames": "18",
        "framesOnHit": "2",
        "framesOnBlock": "-2",
        "vTriggerCancelHit": "",
        "vTriggerCancelBlock": "",
        "moveProperties": "High",
        "moveType": "Normal Moves"
      },
      "Standing LK": {
        "moveCommand": "",
        "startUpFrames": "4",
        "activeFrames": "4",
        "recoveryFrames": "8",
        "framesOnHit": "4",
        "framesOnBlock": "2",
        "vTriggerCancelHit": "5",
        "vTriggerCancelBlock": "3",
        "moveProperties": "High",
        "moveType": "Normal Moves"
      },
      "V-Standing LK": {
        "moveCommand": "",
        "startUpFrames": "4",
        "activeFrames": "4",
        "recoveryFrames": "8",
        "framesOnHit": "4",
        "framesOnBlock": "2",
        "vTriggerCancelHit": "",
        "vTriggerCancelBlock": "",
        "moveProperties": "High",
        "moveType": "Normal Moves"
      },
      "Standing MK": {
        "moveCommand": "",
        "startUpFrames": "5",
        "activeFrames": "3",
        "recoveryFrames": "12",
        "framesOnHit": "6",
        "framesOnBlock": "2",
        "vTriggerCancelHit": "9",
        "vTriggerCancelBlock": "5",
        "moveProperties": "High",
        "moveType": "Normal Moves"
      },
      "V-Standing MK": {
        "moveCommand": "",
        "startUpFrames": "5",
        "activeFrames": "3",
        "recoveryFrames": "12",
        "framesOnHit": "6",
        "framesOnBlock": "2",
        "vTriggerCancelHit": "",
        "vTriggerCancelBlock": "",
        "moveProperties": "High",
        "moveType": "Normal Moves"
      },
      "Standing HK": {
        "moveCommand": "",
        "startUpFrames": "12",
        "activeFrames": "4",
        "recoveryFrames": "21",
        "framesOnHit": "3",
        "framesOnBlock": "-4",
        "vTriggerCancelHit": "15",
        "vTriggerCancelBlock": "8",
        "moveProperties": "High",
        "moveType": "Normal Moves"
      },
      "V-Standing HK": {
        "moveCommand": "",
        "startUpFrames": "12",
        "activeFrames": "4",
        "recoveryFrames": "21",
        "framesOnHit": "3",
        "framesOnBlock": "-4",
        "vTriggerCancelHit": "",
        "vTriggerCancelBlock": "",
        "moveProperties": "High",
        "moveType": "Normal Moves"
      },
      "Crouching LP": {
        "moveCommand": "",
        "startUpFrames": "3",
        "activeFrames": "3",
        "recoveryFrames": "7",
        "framesOnHit": "3",
        "framesOnBlock": "1",
        "vTriggerCancelHit": "4",
        "vTriggerCancelBlock": "2",
        "moveProperties": "High",
        "moveType": "Normal Moves"
      },
      "V-Crouching LP": {
        "moveCommand": "",
        "startUpFrames": "3",
        "activeFrames": "3",
        "recoveryFrames": "7",
        "framesOnHit": "3",
        "framesOnBlock": "1",
        "vTriggerCancelHit": "",
        "vTriggerCancelBlock": "",
        "moveProperties": "High",
        "moveType": "Normal Moves"
      },
      "Crouching MP": {
        "moveCommand": "",
        "startUpFrames": "5",
        "activeFrames": "2",
        "recoveryFrames": "13",
        "framesOnHit": "4",
        "framesOnBlock": "2",
        "vTriggerCancelHit": "10",
        "vTriggerCancelBlock": "8",
        "moveProperties": "High",
        "moveType": "Normal Moves"
      },
      "V-Crouching MP": {
        "moveCommand": "",
        "startUpFrames": "5",
        "activeFrames": "2",
        "recoveryFrames": "13",
        "framesOnHit": "5",
        "framesOnBlock": "2",
        "vTriggerCancelHit": "",
        "vTriggerCancelBlock": "",
        "moveProperties": "High",
        "moveType": "Normal Moves"
      },
      "Crouching HP": {
        "moveCommand": "",
        "startUpFrames": "9",
        "activeFrames": "3",
        "recoveryFrames": "21",
        "framesOnHit": "1",
        "framesOnBlock": "-4",
        "vTriggerCancelHit": "13",
        "vTriggerCancelBlock": "8",
        "moveProperties": "High",
        "moveType": "Normal Moves"
      },
      "V-Crouching HP": {
        "moveCommand": "",
        "startUpFrames": "7",
        "activeFrames": "3",
        "recoveryFrames": "21",
        "framesOnHit": "1",
        "framesOnBlock": "-4",
        "vTriggerCancelHit": "",
        "vTriggerCancelBlock": "",
        "moveProperties": "High",
        "moveType": "Normal Moves"
      },
      "Crouching LK": {
        "moveCommand": "",
        "startUpFrames": "4",
        "activeFrames": "2",
        "recoveryFrames": "9",
        "framesOnHit": "3",
        "framesOnBlock": "1",
        "vTriggerCancelHit": "4",
        "vTriggerCancelBlock": "2",
        "moveProperties": "Low",
        "moveType": "Normal Moves"
      },
      "V-Crouching LK": {
        "moveCommand": "",
        "startUpFrames": "4",
        "activeFrames": "2",
        "recoveryFrames": "9",
        "framesOnHit": "3",
        "framesOnBlock": "1",
        "vTriggerCancelHit": "",
        "vTriggerCancelBlock": "",
        "moveProperties": "Low",
        "moveType": "Normal Moves"
      },
      "Crouching MK": {
        "moveCommand": "",
        "startUpFrames": "8",
        "activeFrames": "3",
        "recoveryFrames": "15",
        "framesOnHit": "0",
        "framesOnBlock": "-4",
        "vTriggerCancelHit": "9",
        "vTriggerCancelBlock": "5",
        "moveProperties": "Low",
        "moveType": "Normal Moves"
      },
      "V-Crouching MK": {
        "moveCommand": "",
        "startUpFrames": "8",
        "activeFrames": "3",
        "recoveryFrames": "15",
        "framesOnHit": "0",
        "framesOnBlock": "-4",
        "vTriggerCancelHit": "",
        "vTriggerCancelBlock": "",
        "moveProperties": "Low",
        "moveType": "Normal Moves"
      },
      "Crouching HK": {
        "moveCommand": "",
        "startUpFrames": "7",
        "activeFrames": "4",
        "recoveryFrames": "21",
        "framesOnHit": "D",
        "framesOnBlock": "-10",
        "vTriggerCancelHit": "D",
        "vTriggerCancelBlock": "5",
        "moveProperties": "Low",
        "moveType": "Normal Moves"
      },
      "V-Crouching HK": {
        "moveCommand": "",
        "startUpFrames": "7",
        "activeFrames": "4",
        "recoveryFrames": "21",
        "framesOnHit": "D",
        "framesOnBlock": "-10",
        "vTriggerCancelHit": "",
        "vTriggerCancelBlock": "",
        "moveProperties": "Low",
        "moveType": "Normal Moves"
      },
      "Jumping LP": {
        "moveCommand": "",
        "startUpFrames": "3",
        "activeFrames": "6",
        "recoveryFrames": "",
        "framesOnHit": "",
        "framesOnBlock": "",
        "vTriggerCancelHit": "",
        "vTriggerCancelBlock": "",
        "moveProperties": "Mid",
        "moveType": "Normal Moves"
      },
      "V-Jumping LP": {
        "moveCommand": "",
        "startUpFrames": "3",
        "activeFrames": "6",
        "recoveryFrames": "",
        "framesOnHit": "",
        "framesOnBlock": "",
        "vTriggerCancelHit": "",
        "vTriggerCancelBlock": "",
        "moveProperties": "Mid",
        "moveType": "Normal Moves"
      },
      "Jumping MP": {
        "moveCommand": "",
        "startUpFrames": "7",
        "activeFrames": "4",
        "recoveryFrames": "",
        "framesOnHit": "",
        "framesOnBlock": "",
        "vTriggerCancelHit": "",
        "vTriggerCancelBlock": "",
        "moveProperties": "Mid",
        "moveType": "Normal Moves"
      },
      "V-Jumping MP": {
        "moveCommand": "",
        "startUpFrames": "7",
        "activeFrames": "4",
        "recoveryFrames": "",
        "framesOnHit": "",
        "framesOnBlock": "",
        "vTriggerCancelHit": "",
        "vTriggerCancelBlock": "",
        "moveProperties": "Mid",
        "moveType": "Normal Moves"
      },
      "Jumping HP": {
        "moveCommand": "",
        "startUpFrames": "9",
        "activeFrames": "5",
        "recoveryFrames": "",
        "framesOnHit": "",
        "framesOnBlock": "",
        "vTriggerCancelHit": "",
        "vTriggerCancelBlock": "",
        "moveProperties": "Mid",
        "moveType": "Normal Moves"
      },
      "V-Jumping HP": {
        "moveCommand": "",
        "startUpFrames": "9",
        "activeFrames": "5",
        "recoveryFrames": "",
        "framesOnHit": "",
        "framesOnBlock": "",
        "vTriggerCancelHit": "",
        "vTriggerCancelBlock": "",
        "moveProperties": "Mid",
        "moveType": "Normal Moves"
      },
      "Jumping LK": {
        "moveCommand": "",
        "startUpFrames": "4",
        "activeFrames": "6",
        "recoveryFrames": "",
        "framesOnHit": "",
        "framesOnBlock": "",
        "vTriggerCancelHit": "",
        "vTriggerCancelBlock": "",
        "moveProperties": "Mid",
        "moveType": "Normal Moves"
      },
      "V-Jumping LK": {
        "moveCommand": "",
        "startUpFrames": "4",
        "activeFrames": "6",
        "recoveryFrames": "",
        "framesOnHit": "",
        "framesOnBlock": "",
        "vTriggerCancelHit": "",
        "vTriggerCancelBlock": "",
        "moveProperties": "Mid",
        "moveType": "Normal Moves"
      },
      "Jumping MK": {
        "moveCommand": "",
        "startUpFrames": "6",
        "activeFrames": "5",
        "recoveryFrames": "",
        "framesOnHit": "",
        "framesOnBlock": "",
        "vTriggerCancelHit": "",
        "vTriggerCancelBlock": "",
        "moveProperties": "Mid",
        "moveType": "Normal Moves"
      },
      "V-Jumping MK": {
        "moveCommand": "",
        "startUpFrames": "6",
        "activeFrames": "5",
        "recoveryFrames": "",
        "framesOnHit": "",
        "framesOnBlock": "",
        "vTriggerCancelHit": "",
        "vTriggerCancelBlock": "",
        "moveProperties": "Mid",
        "moveType": "Normal Moves"
      },
      "Jumping HK": {
        "moveCommand": "",
        "startUpFrames": "7",
        "activeFrames": "6",
        "recoveryFrames": "",
        "framesOnHit": "",
        "framesOnBlock": "",
        "vTriggerCancelHit": "",
        "vTriggerCancelBlock": "",
        "moveProperties": "Mid",
        "moveType": "Normal Moves"
      },
      "V-Jumping HK": {
        "moveCommand": "",
        "startUpFrames": "7",
        "activeFrames": "6",
        "recoveryFrames": "",
        "framesOnHit": "",
        "framesOnBlock": "",
        "vTriggerCancelHit": "",
        "vTriggerCancelBlock": "",
        "moveProperties": "Mid",
        "moveType": "Normal Moves"
      }
    },
    "Special Moves": {
      "Opening Dagger": {
        "moveCommand": "Down forward Fierce",
        "startUpFrames": "23",
        "activeFrames": "3",
        "recoveryFrames": "23",
        "framesOnHit": "1",
        "framesOnBlock": "-7",
        "vTriggerCancelHit": "",
        "vTriggerCancelBlock": "",
        "moveProperties": "Mid",
        "moveType": "Special Moves"
      },
      "V-Opening Dagger": {
        "moveCommand": "Down forward Fierce",
        "startUpFrames": "23",
        "activeFrames": "3",
        "recoveryFrames": "24",
        "framesOnHit": "1",
        "framesOnBlock": "-7",
        "vTriggerCancelHit": "",
        "vTriggerCancelBlock": "",
        "moveProperties": "Mid",
        "moveType": "Special Moves"
      },
      "V-Opening Dagger (Hold Button)": {
        "moveCommand": "Down forward Fierce",
        "startUpFrames": "38",
        "activeFrames": "3",
        "recoveryFrames": "18",
        "framesOnHit": "7",
        "framesOnBlock": "2",
        "vTriggerCancelHit": "",
        "vTriggerCancelBlock": "",
        "moveProperties": "Mid",
        "moveType": "Special Moves"
      },
      "Road of the Sun": {
        "moveCommand": "",
        "startUpFrames": "14",
        "activeFrames": "12",
        "recoveryFrames": "11 frame(s) after landing",
        "framesOnHit": "",
        "framesOnBlock": "",
        "vTriggerCancelHit": "",
        "vTriggerCancelBlock": "",
        "moveProperties": "High",
        "moveType": "Special Moves"
      },
      "V-Road of the Sun": {
        "moveCommand": "",
        "startUpFrames": "14",
        "activeFrames": "12",
        "recoveryFrames": "11 frame(s) after landing",
        "framesOnHit": "",
        "framesOnBlock": "",
        "vTriggerCancelHit": "",
        "vTriggerCancelBlock": "",
        "moveProperties": "High",
        "moveType": "Special Moves"
      },
      "Sacrificial Altar 2": {
        "moveCommand": "",
        "startUpFrames": "11",
        "activeFrames": "4",
        "recoveryFrames": "21",
        "framesOnHit": "D",
        "framesOnBlock": "-8",
        "vTriggerCancelHit": "",
        "vTriggerCancelBlock": "",
        "moveProperties": "High",
        "moveType": "Special Moves"
      },
      "V-Sacrificial Altar 2": {
        "moveCommand": "",
        "startUpFrames": "11",
        "activeFrames": "4",
        "recoveryFrames": "21",
        "framesOnHit": "D",
        "framesOnBlock": "-8",
        "vTriggerCancelHit": "",
        "vTriggerCancelBlock": "",
        "moveProperties": "High",
        "moveType": "Special Moves"
      },
      "Sacrificial Altar 3": {
        "moveCommand": "",
        "startUpFrames": "20",
        "activeFrames": "4",
        "recoveryFrames": "33",
        "framesOnHit": "D",
        "framesOnBlock": "-9",
        "vTriggerCancelHit": "D",
        "vTriggerCancelBlock": "11",
        "moveProperties": "High",
        "moveType": "Special Moves"
      },
      "V-Sacrificial Altar 3": {
        "moveCommand": "",
        "startUpFrames": "20",
        "activeFrames": "4",
        "recoveryFrames": "33",
        "framesOnHit": "D",
        "framesOnBlock": "-9",
        "vTriggerCancelHit": "",
        "vTriggerCancelBlock": "",
        "moveProperties": "High",
        "moveType": "Special Moves"
      },
      "Messenger Of Chaos": {
        "moveCommand": "",
        "startUpFrames": "24",
        "activeFrames": "*180",
        "recoveryFrames": "55 total frames",
        "framesOnHit": "(crumple)",
        "framesOnBlock": "-5",
        "vTriggerCancelHit": "(crumple)",
        "vTriggerCancelBlock": "10",
        "moveProperties": "High",
        "moveType": "Special Moves"
      },
      "V-Messenger Of Chaos": {
        "moveCommand": "",
        "startUpFrames": "24",
        "activeFrames": "*180",
        "recoveryFrames": "55 total frames",
        "framesOnHit": "(crumple)",
        "framesOnBlock": "-5",
        "vTriggerCancelHit": "",
        "vTriggerCancelBlock": "",
        "moveProperties": "High",
        "moveType": "Special Moves"
      },
      "L The Disc's Guidance": {
        "moveCommand": "",
        "startUpFrames": "18",
        "activeFrames": "3",
        "recoveryFrames": "25",
        "framesOnHit": "D",
        "framesOnBlock": "-6",
        "vTriggerCancelHit": "",
        "vTriggerCancelBlock": "",
        "moveProperties": "High",
        "moveType": "Special Moves"
      },
      "M The Disc's Guidance": {
        "moveCommand": "",
        "startUpFrames": "21",
        "activeFrames": "3",
        "recoveryFrames": "26",
        "framesOnHit": "D",
        "framesOnBlock": "-6",
        "vTriggerCancelHit": "",
        "vTriggerCancelBlock": "",
        "moveProperties": "High",
        "moveType": "Special Moves"
      },
      "H The Disc's Guidance": {
        "moveCommand": "",
        "startUpFrames": "24",
        "activeFrames": "3",
        "recoveryFrames": "26",
        "framesOnHit": "D",
        "framesOnBlock": "-6",
        "vTriggerCancelHit": "",
        "vTriggerCancelBlock": "",
        "moveProperties": "High",
        "moveType": "Special Moves"
      },
      "V-L The Disc's Guidance": {
        "moveCommand": "",
        "startUpFrames": "15",
        "activeFrames": "5",
        "recoveryFrames": "25",
        "framesOnHit": "D",
        "framesOnBlock": "-6",
        "vTriggerCancelHit": "",
        "vTriggerCancelBlock": "",
        "moveProperties": "High",
        "moveType": "Special Moves"
      },
      "V-M The Disc's Guidance": {
        "moveCommand": "",
        "startUpFrames": "17",
        "activeFrames": "5",
        "recoveryFrames": "26",
        "framesOnHit": "D",
        "framesOnBlock": "-6",
        "vTriggerCancelHit": "",
        "vTriggerCancelBlock": "",
        "moveProperties": "High",
        "moveType": "Special Moves"
      },
      "V-H The Disc's Guidance": {
        "moveCommand": "",
        "startUpFrames": "21",
        "activeFrames": "5",
        "recoveryFrames": "26",
        "framesOnHit": "D",
        "framesOnBlock": "-6",
        "vTriggerCancelHit": "",
        "vTriggerCancelBlock": "",
        "moveProperties": "High",
        "moveType": "Special Moves"
      },
      "EX The Disc's Guidance": {
        "moveCommand": "",
        "startUpFrames": "17",
        "activeFrames": "7",
        "recoveryFrames": "31",
        "framesOnHit": "D",
        "framesOnBlock": "-13",
        "vTriggerCancelHit": "14",
        "vTriggerCancelBlock": "9",
        "moveProperties": "High",
        "moveType": "Special Moves"
      },
      "V-EX The Disc's Guidance": {
        "moveCommand": "",
        "startUpFrames": "17",
        "activeFrames": "9",
        "recoveryFrames": "31",
        "framesOnHit": "D",
        "framesOnBlock": "-13",
        "vTriggerCancelHit": "",
        "vTriggerCancelBlock": "",
        "moveProperties": "High",
        "moveType": "Special Moves"
      },
      "L Raging Light": {
        "moveCommand": "",
        "startUpFrames": "3",
        "activeFrames": "4",
        "recoveryFrames": "19+16 frame(s) after landing",
        "framesOnHit": "D",
        "framesOnBlock": "-24",
        "vTriggerCancelHit": "",
        "vTriggerCancelBlock": "",
        "moveProperties": "High",
        "moveType": "Special Moves"
      },
      "M Raging Light": {
        "moveCommand": "",
        "startUpFrames": "5",
        "activeFrames": "7",
        "recoveryFrames": "21+16 frame(s) after landing",
        "framesOnHit": "D",
        "framesOnBlock": "-28",
        "vTriggerCancelHit": "",
        "vTriggerCancelBlock": "",
        "moveProperties": "High",
        "moveType": "Special Moves"
      },
      "H Raging Light": {
        "moveCommand": "",
        "startUpFrames": "7",
        "activeFrames": "6",
        "recoveryFrames": "26+19 frame(s) after landing",
        "framesOnHit": "D",
        "framesOnBlock": "-33",
        "vTriggerCancelHit": "",
        "vTriggerCancelBlock": "",
        "moveProperties": "High",
        "moveType": "Special Moves"
      },
      "V-L Raging Light": {
        "moveCommand": "",
        "startUpFrames": "3",
        "activeFrames": "4",
        "recoveryFrames": "19+16 frame(s) after landing",
        "framesOnHit": "D",
        "framesOnBlock": "-24",
        "vTriggerCancelHit": "",
        "vTriggerCancelBlock": "",
        "moveProperties": "High",
        "moveType": "Special Moves"
      },
      "V-M Raging Light": {
        "moveCommand": "",
        "startUpFrames": "5",
        "activeFrames": "9",
        "recoveryFrames": "25+16 frame(s) after landing",
        "framesOnHit": "D",
        "framesOnBlock": "-29",
        "vTriggerCancelHit": "",
        "vTriggerCancelBlock": "",
        "moveProperties": "High",
        "moveType": "Special Moves"
      },
      "V-H Raging Light": {
        "moveCommand": "",
        "startUpFrames": "7",
        "activeFrames": "8",
        "recoveryFrames": "27+19 frame(s) after landing",
        "framesOnHit": "D",
        "framesOnBlock": "-34",
        "vTriggerCancelHit": "",
        "vTriggerCancelBlock": "",
        "moveProperties": "High",
        "moveType": "Special Moves"
      },
      "EX Raging Light": {
        "moveCommand": "",
        "startUpFrames": "3",
        "activeFrames": "13",
        "recoveryFrames": "23+19 frame(s) after landing",
        "framesOnHit": "D",
        "framesOnBlock": "-38",
        "vTriggerCancelHit": "",
        "vTriggerCancelBlock": "",
        "moveProperties": "High",
        "moveType": "Special Moves"
      },
      "V-EX Raging Light": {
        "moveCommand": "",
        "startUpFrames": "3",
        "activeFrames": "13",
        "recoveryFrames": "23+19 frame(s) after landing",
        "framesOnHit": "D",
        "framesOnBlock": "-38",
        "vTriggerCancelHit": "",
        "vTriggerCancelBlock": "",
        "moveProperties": "High",
        "moveType": "Special Moves"
      },
      "L Mask of Tlalli": {
        "moveCommand": "",
        "startUpFrames": "8",
        "activeFrames": "2",
        "recoveryFrames": "60",
        "framesOnHit": "D",
        "framesOnBlock": "",
        "vTriggerCancelHit": "",
        "vTriggerCancelBlock": "",
        "moveProperties": "Throw",
        "moveType": "Special Moves"
      },
      "M Mask of Tlalli": {
        "moveCommand": "",
        "startUpFrames": "8",
        "activeFrames": "2",
        "recoveryFrames": "60",
        "framesOnHit": "D",
        "framesOnBlock": "",
        "vTriggerCancelHit": "",
        "vTriggerCancelBlock": "",
        "moveProperties": "Throw",
        "moveType": "Special Moves"
      },
      "H Mask of Tlalli": {
        "moveCommand": "",
        "startUpFrames": "8",
        "activeFrames": "2",
        "recoveryFrames": "60",
        "framesOnHit": "D",
        "framesOnBlock": "",
        "vTriggerCancelHit": "",
        "vTriggerCancelBlock": "",
        "moveProperties": "Throw",
        "moveType": "Special Moves"
      },
      "V-L Mask of Tlalli": {
        "moveCommand": "",
        "startUpFrames": "8",
        "activeFrames": "2",
        "recoveryFrames": "60",
        "framesOnHit": "D",
        "framesOnBlock": "",
        "vTriggerCancelHit": "",
        "vTriggerCancelBlock": "",
        "moveProperties": "Throw",
        "moveType": "Special Moves"
      },
      "V-M Mask of Tlalli": {
        "moveCommand": "",
        "startUpFrames": "8",
        "activeFrames": "2",
        "recoveryFrames": "60",
        "framesOnHit": "D",
        "framesOnBlock": "",
        "vTriggerCancelHit": "",
        "vTriggerCancelBlock": "",
        "moveProperties": "Throw",
        "moveType": "Special Moves"
      },
      "V-H Mask of Tlalli": {
        "moveCommand": "",
        "startUpFrames": "8",
        "activeFrames": "2",
        "recoveryFrames": "60",
        "framesOnHit": "D",
        "framesOnBlock": "",
        "vTriggerCancelHit": "",
        "vTriggerCancelBlock": "",
        "moveProperties": "Throw",
        "moveType": "Special Moves"
      },
      "EX Mask of Tlalli": {
        "moveCommand": "",
        "startUpFrames": "8",
        "activeFrames": "2",
        "recoveryFrames": "60",
        "framesOnHit": "D",
        "framesOnBlock": "",
        "vTriggerCancelHit": "",
        "vTriggerCancelBlock": "",
        "moveProperties": "Throw",
        "moveType": "Special Moves"
      },
      "V-EX Mask of Tlalli": {
        "moveCommand": "",
        "startUpFrames": "8",
        "activeFrames": "2",
        "recoveryFrames": "60",
        "framesOnHit": "D",
        "framesOnBlock": "",
        "vTriggerCancelHit": "",
        "vTriggerCancelBlock": "",
        "moveProperties": "Throw",
        "moveType": "Special Moves"
      },
      "L Valiant Rebellion": {
        "moveCommand": "",
        "startUpFrames": "14",
        "activeFrames": "3",
        "recoveryFrames": "20",
        "framesOnHit": "2",
        "framesOnBlock": "-4",
        "vTriggerCancelHit": "",
        "vTriggerCancelBlock": "",
        "moveProperties": "High",
        "moveType": "Special Moves"
      },
      "M Valiant Rebellion": {
        "moveCommand": "",
        "startUpFrames": "19",
        "activeFrames": "3",
        "recoveryFrames": "20",
        "framesOnHit": "5",
        "framesOnBlock": "-2",
        "vTriggerCancelHit": "",
        "vTriggerCancelBlock": "",
        "moveProperties": "High",
        "moveType": "Special Moves"
      },
      "H Valiant Rebellion": {
        "moveCommand": "",
        "startUpFrames": "23",
        "activeFrames": "3",
        "recoveryFrames": "16",
        "framesOnHit": "D",
        "framesOnBlock": "0",
        "vTriggerCancelHit": "",
        "vTriggerCancelBlock": "",
        "moveProperties": "High",
        "moveType": "Special Moves"
      },
      "V-L Valiant Rebellion": {
        "moveCommand": "",
        "startUpFrames": "14",
        "activeFrames": "4",
        "recoveryFrames": "19",
        "framesOnHit": "2",
        "framesOnBlock": "-3",
        "vTriggerCancelHit": "",
        "vTriggerCancelBlock": "",
        "moveProperties": "High",
        "moveType": "Special Moves"
      },
      "V-M Valiant Rebellion": {
        "moveCommand": "",
        "startUpFrames": "19",
        "activeFrames": "5",
        "recoveryFrames": "18",
        "framesOnHit": "5",
        "framesOnBlock": "-1",
        "vTriggerCancelHit": "",
        "vTriggerCancelBlock": "",
        "moveProperties": "High",
        "moveType": "Special Moves"
      },
      "V-H Valiant Rebellion": {
        "moveCommand": "",
        "startUpFrames": "23",
        "activeFrames": "6",
        "recoveryFrames": "13",
        "framesOnHit": "D",
        "framesOnBlock": "2",
        "vTriggerCancelHit": "",
        "vTriggerCancelBlock": "",
        "moveProperties": "High",
        "moveType": "Special Moves"
      },
      "EX Valiant Rebellion": {
        "moveCommand": "",
        "startUpFrames": "10",
        "activeFrames": "4",
        "recoveryFrames": "21",
        "framesOnHit": "2",
        "framesOnBlock": "2",
        "vTriggerCancelHit": "11",
        "vTriggerCancelBlock": "12",
        "moveProperties": "High",
        "moveType": "Special Moves"
      },
      "V-EX Valiant Rebellion": {
        "moveCommand": "",
        "startUpFrames": "10",
        "activeFrames": "6",
        "recoveryFrames": "20",
        "framesOnHit": "2",
        "framesOnBlock": "2",
        "vTriggerCancelHit": "",
        "vTriggerCancelBlock": "",
        "moveProperties": "High",
        "moveType": "Special Moves"
      },
      "V-Clouded Mirror": {
        "moveCommand": "",
        "startUpFrames": "43",
        "activeFrames": "4",
        "recoveryFrames": "23",
        "framesOnHit": "D",
        "framesOnBlock": "-2",
        "vTriggerCancelHit": "",
        "vTriggerCancelBlock": "",
        "moveProperties": "High",
        "moveType": "Special Moves"
      },
      "V-Clouded Mirror (HOLD BUTTON)": {
        "moveCommand": "",
        "startUpFrames": "57",
        "activeFrames": "8",
        "recoveryFrames": "24",
        "framesOnHit": "(crumple)",
        "framesOnBlock": "2",
        "vTriggerCancelHit": "",
        "vTriggerCancelBlock": "",
        "moveProperties": "High",
        "moveType": "Special Moves"
      },
      "V-Heart Of Gold": {
        "moveCommand": "",
        "startUpFrames": "28",
        "activeFrames": "",
        "recoveryFrames": "71 total frames",
        "framesOnHit": "6",
        "framesOnBlock": "1",
        "vTriggerCancelHit": "",
        "vTriggerCancelBlock": "",
        "moveProperties": "High",
        "moveType": "Special Moves"
      }
    },
    "Critical Art": {
      "Ceremony of Honor": {
        "moveCommand": "",
        "startUpFrames": "1+6",
        "activeFrames": "2",
        "recoveryFrames": "45",
        "framesOnHit": "D",
        "framesOnBlock": "-25",
        "vTriggerCancelHit": "",
        "vTriggerCancelBlock": "",
        "moveProperties": "High",
        "moveType": "Critical Art"
      },
      "V-Soul Offering": {
        "moveCommand": "",
        "startUpFrames": "1+6",
        "activeFrames": "2",
        "recoveryFrames": "45",
        "framesOnHit": "D",
        "framesOnBlock": "-25",
        "vTriggerCancelHit": "",
        "vTriggerCancelBlock": "",
        "moveProperties": "High",
        "moveType": "Critical Art"
      }
    },
    "V-System": {
      "[VS1] Culminated Power": {
        "moveCommand": "",
        "startUpFrames": "25",
        "activeFrames": "3",
        "recoveryFrames": "29",
        "framesOnHit": "D",
        "framesOnBlock": "-1",
        "vTriggerCancelHit": "D",
        "vTriggerCancelBlock": "16",
        "moveProperties": "High",
        "moveType": "V-System"
      },
      "V[VS1] Culminated Power": {
        "moveCommand": "",
        "startUpFrames": "20",
        "activeFrames": "3",
        "recoveryFrames": "34",
        "framesOnHit": "D",
        "framesOnBlock": "-1",
        "vTriggerCancelHit": "",
        "vTriggerCancelBlock": "",
        "moveProperties": "High",
        "moveType": "V-System"
      },
      "[VS2] Crawling Beast": {
        "moveCommand": "",
        "startUpFrames": "24",
        "activeFrames": "*180",
        "recoveryFrames": "55 total frames",
        "framesOnHit": "(crumple)",
        "framesOnBlock": "-5",
        "vTriggerCancelHit": "(crumple)",
        "vTriggerCancelBlock": "10",
        "moveProperties": "High",
        "moveType": "V-System"
      },
      "V[VS2]  Crawling Beast": {
        "moveCommand": "",
        "startUpFrames": "24",
        "activeFrames": "*180",
        "recoveryFrames": "55 total frames",
        "framesOnHit": "(crumple)",
        "framesOnBlock": "-5",
        "vTriggerCancelHit": "",
        "vTriggerCancelBlock": "",
        "moveProperties": "High",
        "moveType": "V-System"
      },
      "Torrent of Power": {
        "moveCommand": "",
        "startUpFrames": "1",
        "activeFrames": "",
        "recoveryFrames": "4",
        "framesOnHit": "",
        "framesOnBlock": "",
        "vTriggerCancelHit": "",
        "vTriggerCancelBlock": "",
        "moveProperties": "",
        "moveType": "V-System"
      },
      "The Calling": {
        "moveCommand": "",
        "startUpFrames": "17",
        "activeFrames": "2",
        "recoveryFrames": "24",
        "framesOnHit": "D",
        "framesOnBlock": "-2",
        "vTriggerCancelHit": "",
        "vTriggerCancelBlock": "",
        "moveProperties": "High",
        "moveType": "V-System"
      },
      "[VS2]  Crawling Beast": {
        "moveCommand": "",
        "startUpFrames": "24",
        "activeFrames": "*180",
        "recoveryFrames": "55 total frames",
        "framesOnHit": "(crumple)",
        "framesOnBlock": "-5",
        "vTriggerCancelHit": "(crumple)",
        "vTriggerCancelBlock": "10",
        "moveProperties": "High",
        "moveType": "V-System"
      },
      "Eruption of Power": {
        "moveCommand": "",
        "startUpFrames": "1",
        "activeFrames": "",
        "recoveryFrames": "4",
        "framesOnHit": "",
        "framesOnBlock": "",
        "vTriggerCancelHit": "",
        "vTriggerCancelBlock": "",
        "moveProperties": "",
        "moveType": "V-System"
      }
    },
    "Normal Throws": {
      "Soul Sealer": {
        "moveCommand": "",
        "startUpFrames": "5",
        "activeFrames": "3",
        "recoveryFrames": "17",
        "framesOnHit": "",
        "framesOnBlock": "",
        "vTriggerCancelHit": "",
        "vTriggerCancelBlock": "",
        "moveProperties": "Throw",
        "moveType": "Normal Throws"
      },
      "V-Soul Sealer": {
        "moveCommand": "",
        "startUpFrames": "5",
        "activeFrames": "3",
        "recoveryFrames": "17",
        "framesOnHit": "",
        "framesOnBlock": "",
        "vTriggerCancelHit": "",
        "vTriggerCancelBlock": "",
        "moveProperties": "Throw",
        "moveType": "Normal Throws"
      },
      "Soul Discriminator": {
        "moveCommand": "",
        "startUpFrames": "5",
        "activeFrames": "3",
        "recoveryFrames": "17",
        "framesOnHit": "",
        "framesOnBlock": "",
        "vTriggerCancelHit": "",
        "vTriggerCancelBlock": "",
        "moveProperties": "Throw",
        "moveType": "Normal Throws"
      },
      "V-Soul Discriminator": {
        "moveCommand": "",
        "startUpFrames": "5",
        "activeFrames": "3",
        "recoveryFrames": "17",
        "framesOnHit": "",
        "framesOnBlock": "",
        "vTriggerCancelHit": "",
        "vTriggerCancelBlock": "",
        "moveProperties": "Throw",
        "moveType": "Normal Throws"
      }
    }
  }
}
