{
  "Poison": {
    "Normal Moves": {
      "Standing LP": {
        "moveCommand": "",
        "startUpFrames": "3",
        "activeFrames": "3",
        "recoveryFrames": "7",
        "framesOnHit": "3",
        "framesOnBlock": "2",
        "vTriggerCancelHit": "3",
        "vTriggerCancelBlock": "2",
        "moveProperties": "High",
        "moveType": "Normal Moves"
      },
      "Standing MP": {
        "moveCommand": "",
        "startUpFrames": "6",
        "activeFrames": "2",
        "recoveryFrames": "16",
        "framesOnHit": "5",
        "framesOnBlock": "3",
        "vTriggerCancelHit": "13",
        "vTriggerCancelBlock": "11",
        "moveProperties": "High",
        "moveType": "Normal Moves"
      },
      "Standing HP": {
        "moveCommand": "",
        "startUpFrames": "11",
        "activeFrames": "3",
        "recoveryFrames": "24",
        "framesOnHit": "5",
        "framesOnBlock": "-6",
        "vTriggerCancelHit": "20",
        "vTriggerCancelBlock": "12",
        "moveProperties": "High",
        "moveType": "Normal Moves"
      },
      "Standing LK": {
        "moveCommand": "",
        "startUpFrames": "4",
        "activeFrames": "3",
        "recoveryFrames": "11",
        "framesOnHit": "3",
        "framesOnBlock": "1",
        "vTriggerCancelHit": "4",
        "vTriggerCancelBlock": "2",
        "moveProperties": "High",
        "moveType": "Normal Moves"
      },
      "Standing MK": {
        "moveCommand": "",
        "startUpFrames": "7",
        "activeFrames": "3",
        "recoveryFrames": "16",
        "framesOnHit": "2",
        "framesOnBlock": "-2",
        "vTriggerCancelHit": "11",
        "vTriggerCancelBlock": "7",
        "moveProperties": "High",
        "moveType": "Normal Moves"
      },
      "Standing HK": {
        "moveCommand": "",
        "startUpFrames": "8",
        "activeFrames": "3",
        "recoveryFrames": "21",
        "framesOnHit": "4",
        "framesOnBlock": "-4",
        "vTriggerCancelHit": "18",
        "vTriggerCancelBlock": "10",
        "moveProperties": "High",
        "moveType": "Normal Moves"
      },
      "Crouching LP": {
        "moveCommand": "",
        "startUpFrames": "4",
        "activeFrames": "3",
        "recoveryFrames": "9",
        "framesOnHit": "4",
        "framesOnBlock": "3",
        "vTriggerCancelHit": "3",
        "vTriggerCancelBlock": "2",
        "moveProperties": "High",
        "moveType": "Normal Moves"
      },
      "Crouching MP": {
        "moveCommand": "",
        "startUpFrames": "6",
        "activeFrames": "5",
        "recoveryFrames": "13",
        "framesOnHit": "6",
        "framesOnBlock": "4",
        "vTriggerCancelHit": "14",
        "vTriggerCancelBlock": "12",
        "moveProperties": "High",
        "moveType": "Normal Moves"
      },
      "Crouching HP": {
        "moveCommand": "",
        "startUpFrames": "15",
        "activeFrames": "3",
        "recoveryFrames": "22",
        "framesOnHit": "-1",
        "framesOnBlock": "-11",
        "vTriggerCancelHit": "14",
        "vTriggerCancelBlock": "4",
        "moveProperties": "Low",
        "moveType": "Normal Moves"
      },
      "Crouching LK": {
        "moveCommand": "",
        "startUpFrames": "4",
        "activeFrames": "2",
        "recoveryFrames": "12",
        "framesOnHit": "1",
        "framesOnBlock": "-2",
        "vTriggerCancelHit": "2",
        "vTriggerCancelBlock": "-1",
        "moveProperties": "Low",
        "moveType": "Normal Moves"
      },
      "Crouching MK": {
        "moveCommand": "",
        "startUpFrames": "7",
        "activeFrames": "3",
        "recoveryFrames": "15",
        "framesOnHit": "4",
        "framesOnBlock": "-2",
        "vTriggerCancelHit": "12",
        "vTriggerCancelBlock": "6",
        "moveProperties": "Low",
        "moveType": "Normal Moves"
      },
      "Crouching HK": {
        "moveCommand": "",
        "startUpFrames": "10",
        "activeFrames": "3",
        "recoveryFrames": "22",
        "framesOnHit": "D",
        "framesOnBlock": "-14",
        "vTriggerCancelHit": "D",
        "vTriggerCancelBlock": "1",
        "moveProperties": "Low",
        "moveType": "Normal Moves"
      },
      "Jumping LP": {
        "moveCommand": "",
        "startUpFrames": "4",
        "activeFrames": "4",
        "recoveryFrames": "",
        "framesOnHit": "",
        "framesOnBlock": "",
        "vTriggerCancelHit": "",
        "vTriggerCancelBlock": "",
        "moveProperties": "Mid",
        "moveType": "Normal Moves"
      },
      "Jumping MP": {
        "moveCommand": "",
        "startUpFrames": "6",
        "activeFrames": "3",
        "recoveryFrames": "",
        "framesOnHit": "",
        "framesOnBlock": "",
        "vTriggerCancelHit": "",
        "vTriggerCancelBlock": "",
        "moveProperties": "Mid",
        "moveType": "Normal Moves"
      },
      "Jumping HP": {
        "moveCommand": "",
        "startUpFrames": "12",
        "activeFrames": "3",
        "recoveryFrames": "",
        "framesOnHit": "",
        "framesOnBlock": "",
        "vTriggerCancelHit": "",
        "vTriggerCancelBlock": "",
        "moveProperties": "Mid",
        "moveType": "Normal Moves"
      },
      "Jumping LK": {
        "moveCommand": "",
        "startUpFrames": "3",
        "activeFrames": "5",
        "recoveryFrames": "",
        "framesOnHit": "",
        "framesOnBlock": "",
        "vTriggerCancelHit": "",
        "vTriggerCancelBlock": "",
        "moveProperties": "Mid",
        "moveType": "Normal Moves"
      },
      "Jumping MK": {
        "moveCommand": "",
        "startUpFrames": "7",
        "activeFrames": "5",
        "recoveryFrames": "",
        "framesOnHit": "",
        "framesOnBlock": "",
        "vTriggerCancelHit": "",
        "vTriggerCancelBlock": "",
        "moveProperties": "Mid",
        "moveType": "Normal Moves"
      },
      "Jumping HK": {
        "moveCommand": "",
        "startUpFrames": "9",
        "activeFrames": "5",
        "recoveryFrames": "",
        "framesOnHit": "",
        "framesOnBlock": "",
        "vTriggerCancelHit": "",
        "vTriggerCancelBlock": "",
        "moveProperties": "Mid",
        "moveType": "Normal Moves"
      }
    },
    "Special Moves": {
      "Whiplash": {
        "moveCommand": "",
        "startUpFrames": "13",
        "activeFrames": "4",
        "recoveryFrames": "",
        "framesOnHit": "",
        "framesOnBlock": "",
        "vTriggerCancelHit": "",
        "vTriggerCancelBlock": "",
        "moveProperties": "Mid",
        "moveType": "Special Moves"
      },
      "Slap & Smash": {
        "moveCommand": "",
        "startUpFrames": "9",
        "activeFrames": "3",
        "recoveryFrames": "",
        "framesOnHit": "",
        "framesOnBlock": "",
        "vTriggerCancelHit": "",
        "vTriggerCancelBlock": "",
        "moveProperties": "High",
        "moveType": "Special Moves"
      },
      "Slap & Slash": {
        "moveCommand": "",
        "startUpFrames": "9",
        "activeFrames": "7",
        "recoveryFrames": "",
        "framesOnHit": "",
        "framesOnBlock": "",
        "vTriggerCancelHit": "",
        "vTriggerCancelBlock": "",
        "moveProperties": "High",
        "moveType": "Special Moves"
      },
      "L Avant Line": {
        "moveCommand": "",
        "startUpFrames": "15",
        "activeFrames": "2",
        "recoveryFrames": "27",
        "framesOnHit": "1",
        "framesOnBlock": "-7",
        "vTriggerCancelHit": "",
        "vTriggerCancelBlock": "",
        "moveProperties": "High",
        "moveType": "Special Moves"
      },
      "M Avant Line": {
        "moveCommand": "",
        "startUpFrames": "15",
        "activeFrames": "2",
        "recoveryFrames": "27",
        "framesOnHit": "2",
        "framesOnBlock": "-8",
        "vTriggerCancelHit": "",
        "vTriggerCancelBlock": "",
        "moveProperties": "High",
        "moveType": "Special Moves"
      },
      "H Avant Line": {
        "moveCommand": "",
        "startUpFrames": "15",
        "activeFrames": "2",
        "recoveryFrames": "27",
        "framesOnHit": "D",
        "framesOnBlock": "-17",
        "vTriggerCancelHit": "",
        "vTriggerCancelBlock": "",
        "moveProperties": "High",
        "moveType": "Special Moves"
      },
      "EX Avant Line": {
        "moveCommand": "",
        "startUpFrames": "12",
        "activeFrames": "7",
        "recoveryFrames": "24",
        "framesOnHit": "D",
        "framesOnBlock": "-2",
        "vTriggerCancelHit": "",
        "vTriggerCancelBlock": "",
        "moveProperties": "High",
        "moveType": "Special Moves"
      },
      "Heart Raid(Hold)": {
        "moveCommand": "",
        "startUpFrames": "",
        "activeFrames": "",
        "recoveryFrames": "",
        "framesOnHit": "",
        "framesOnBlock": "",
        "vTriggerCancelHit": "",
        "vTriggerCancelBlock": "",
        "moveProperties": "",
        "moveType": "Special Moves"
      },
      "Heart Raid(Hold-Forward Movement)": {
        "moveCommand": "",
        "startUpFrames": "",
        "activeFrames": "",
        "recoveryFrames": "32 total frames",
        "framesOnHit": "",
        "framesOnBlock": "",
        "vTriggerCancelHit": "",
        "vTriggerCancelBlock": "",
        "moveProperties": "",
        "moveType": "Special Moves"
      },
      "Heart Raid(Hold-Backwards Movement)": {
        "moveCommand": "",
        "startUpFrames": "",
        "activeFrames": "",
        "recoveryFrames": "32 total frames",
        "framesOnHit": "",
        "framesOnBlock": "",
        "vTriggerCancelHit": "",
        "vTriggerCancelBlock": "",
        "moveProperties": "",
        "moveType": "Special Moves"
      },
      "Heart Raid(Hold Cancel)": {
        "moveCommand": "",
        "startUpFrames": "",
        "activeFrames": "",
        "recoveryFrames": "12 total frames",
        "framesOnHit": "",
        "framesOnBlock": "",
        "vTriggerCancelHit": "",
        "vTriggerCancelBlock": "",
        "moveProperties": "",
        "moveType": "Special Moves"
      },
      "L Heart Raid": {
        "moveCommand": "",
        "startUpFrames": "9",
        "activeFrames": "2",
        "recoveryFrames": "26",
        "framesOnHit": "2",
        "framesOnBlock": "-6",
        "vTriggerCancelHit": "",
        "vTriggerCancelBlock": "",
        "moveProperties": "Low",
        "moveType": "Special Moves"
      },
      "M Heart Raid": {
        "moveCommand": "",
        "startUpFrames": "9",
        "activeFrames": "2",
        "recoveryFrames": "26",
        "framesOnHit": "2",
        "framesOnBlock": "-6",
        "vTriggerCancelHit": "",
        "vTriggerCancelBlock": "",
        "moveProperties": "High",
        "moveType": "Special Moves"
      },
      "H Heart Raid": {
        "moveCommand": "",
        "startUpFrames": "10",
        "activeFrames": "2",
        "recoveryFrames": "17",
        "framesOnHit": "D",
        "framesOnBlock": "",
        "vTriggerCancelHit": "",
        "vTriggerCancelBlock": "",
        "moveProperties": "High",
        "moveType": "Special Moves"
      },
      "EX Heart Raid L": {
        "moveCommand": "",
        "startUpFrames": "18",
        "activeFrames": "4",
        "recoveryFrames": "24",
        "framesOnHit": "D",
        "framesOnBlock": "-2",
        "vTriggerCancelHit": "15",
        "vTriggerCancelBlock": "14",
        "moveProperties": "Low/Low",
        "moveType": "Special Moves"
      },
      "EX Heart Raid M": {
        "moveCommand": "",
        "startUpFrames": "19",
        "activeFrames": "4",
        "recoveryFrames": "24",
        "framesOnHit": "2",
        "framesOnBlock": "2",
        "vTriggerCancelHit": "15",
        "vTriggerCancelBlock": "14",
        "moveProperties": "High",
        "moveType": "Special Moves"
      },
      "EX Heart Raid H": {
        "moveCommand": "",
        "startUpFrames": "9",
        "activeFrames": "4",
        "recoveryFrames": "29",
        "framesOnHit": "D",
        "framesOnBlock": "",
        "vTriggerCancelHit": "D",
        "vTriggerCancelBlock": "",
        "moveProperties": "High/High",
        "moveType": "Special Moves"
      },
      "L Shocking Heel": {
        "moveCommand": "",
        "startUpFrames": "8",
        "activeFrames": "6",
        "recoveryFrames": "27",
        "framesOnHit": "D",
        "framesOnBlock": "-12",
        "vTriggerCancelHit": "",
        "vTriggerCancelBlock": "",
        "moveProperties": "High",
        "moveType": "Special Moves"
      },
      "M Shocking Heel": {
        "moveCommand": "",
        "startUpFrames": "15",
        "activeFrames": "6",
        "recoveryFrames": "27",
        "framesOnHit": "D",
        "framesOnBlock": "-12",
        "vTriggerCancelHit": "",
        "vTriggerCancelBlock": "",
        "moveProperties": "High",
        "moveType": "Special Moves"
      },
      "H Shocking Heel": {
        "moveCommand": "",
        "startUpFrames": "25",
        "activeFrames": "6",
        "recoveryFrames": "27",
        "framesOnHit": "D",
        "framesOnBlock": "-12",
        "vTriggerCancelHit": "",
        "vTriggerCancelBlock": "",
        "moveProperties": "High",
        "moveType": "Special Moves"
      },
      "EX Shocking Heel": {
        "moveCommand": "",
        "startUpFrames": "18",
        "activeFrames": "7",
        "recoveryFrames": "32",
        "framesOnHit": "D",
        "framesOnBlock": "-17",
        "vTriggerCancelHit": "",
        "vTriggerCancelBlock": "",
        "moveProperties": "High",
        "moveType": "Special Moves"
      },
      "L Love Me Tender": {
        "moveCommand": "",
        "startUpFrames": "21",
        "activeFrames": "3",
        "recoveryFrames": "1+18",
        "framesOnHit": "2",
        "framesOnBlock": "-4",
        "vTriggerCancelHit": "",
        "vTriggerCancelBlock": "",
        "moveProperties": "High",
        "moveType": "Special Moves"
      },
      "M Love Me Tender": {
        "moveCommand": "",
        "startUpFrames": "28",
        "activeFrames": "3",
        "recoveryFrames": "2+17",
        "framesOnHit": "3",
        "framesOnBlock": "-4",
        "vTriggerCancelHit": "",
        "vTriggerCancelBlock": "",
        "moveProperties": "High",
        "moveType": "Special Moves"
      },
      "H Love Me Tender": {
        "moveCommand": "",
        "startUpFrames": "30",
        "activeFrames": "3",
        "recoveryFrames": "1+18",
        "framesOnHit": "D",
        "framesOnBlock": "-2",
        "vTriggerCancelHit": "",
        "vTriggerCancelBlock": "",
        "moveProperties": "High",
        "moveType": "Special Moves"
      },
      "EX Love Me Tender": {
        "moveCommand": "",
        "startUpFrames": "24",
        "activeFrames": "3",
        "recoveryFrames": "18",
        "framesOnHit": "D",
        "framesOnBlock": "-4",
        "vTriggerCancelHit": "",
        "vTriggerCancelBlock": "",
        "moveProperties": "Mid",
        "moveType": "Special Moves"
      },
      "V-Fire Squall": {
        "moveCommand": "",
        "startUpFrames": "19",
        "activeFrames": "",
        "recoveryFrames": "44 total frames",
        "framesOnHit": "D",
        "framesOnBlock": "-2",
        "vTriggerCancelHit": "",
        "vTriggerCancelBlock": "",
        "moveProperties": "High",
        "moveType": "Special Moves"
      },
      "V-Toxic Hold": {
        "moveCommand": "",
        "startUpFrames": "6",
        "activeFrames": "3",
        "recoveryFrames": "52",
        "framesOnHit": "D",
        "framesOnBlock": "",
        "vTriggerCancelHit": "",
        "vTriggerCancelBlock": "",
        "moveProperties": "Throw",
        "moveType": "Special Moves"
      },
      "V-Toxic Bind": {
        "moveCommand": "",
        "startUpFrames": "29",
        "activeFrames": "2",
        "recoveryFrames": "44",
        "framesOnHit": "D",
        "framesOnBlock": "",
        "vTriggerCancelHit": "",
        "vTriggerCancelBlock": "",
        "moveProperties": "Throw",
        "moveType": "Special Moves"
      }
    },
    "Critical Art": {
      "Love Hurricane": {
        "moveCommand": "",
        "startUpFrames": "1+9",
        "activeFrames": "2",
        "recoveryFrames": "57",
        "framesOnHit": "D",
        "framesOnBlock": "-37",
        "vTriggerCancelHit": "",
        "vTriggerCancelBlock": "",
        "moveProperties": "High",
        "moveType": "Critical Art"
      }
    },
    "V-System": {
      "[VS1] Perfume Swing": {
        "moveCommand": "",
        "startUpFrames": "25",
        "activeFrames": "18",
        "recoveryFrames": "24+4 frame(s) after landing",
        "framesOnHit": "D",
        "framesOnBlock": "-21",
        "vTriggerCancelHit": "",
        "vTriggerCancelBlock": "",
        "moveProperties": "High",
        "moveType": "V-System"
      },
      "[VS2] Cartwheel": {
        "moveCommand": "",
        "startUpFrames": "",
        "activeFrames": "",
        "recoveryFrames": "29 total frames",
        "framesOnHit": "",
        "framesOnBlock": "",
        "vTriggerCancelHit": "",
        "vTriggerCancelBlock": "",
        "moveProperties": "",
        "moveType": "V-System"
      },
      "[VS2] Cartwheel (Attack)": {
        "moveCommand": "",
        "startUpFrames": "33",
        "activeFrames": "4",
        "recoveryFrames": "21+10 frame(s) after landing",
        "framesOnHit": "D",
        "framesOnBlock": "-12",
        "vTriggerCancelHit": "",
        "vTriggerCancelBlock": "",
        "moveProperties": "High",
        "moveType": "V-System"
      },
      "Poison Cocktail": {
        "moveCommand": "",
        "startUpFrames": "1",
        "activeFrames": "",
        "recoveryFrames": "5",
        "framesOnHit": "",
        "framesOnBlock": "",
        "vTriggerCancelHit": "",
        "vTriggerCancelBlock": "",
        "moveProperties": "",
        "moveType": "V-System"
      },
      "Power Cord": {
        "moveCommand": "",
        "startUpFrames": "17",
        "activeFrames": "2",
        "recoveryFrames": "24",
        "framesOnHit": "D",
        "framesOnBlock": "-2",
        "vTriggerCancelHit": "",
        "vTriggerCancelBlock": "",
        "moveProperties": "High",
        "moveType": "V-System"
      },
      "Toxic Glamor": {
        "moveCommand": "",
        "startUpFrames": "1",
        "activeFrames": "",
        "recoveryFrames": "5",
        "framesOnHit": "",
        "framesOnBlock": "",
        "vTriggerCancelHit": "",
        "vTriggerCancelBlock": "",
        "moveProperties": "",
        "moveType": "V-System"
      }
    },
    "Normal Throws": {
      "Slap Shot": {
        "moveCommand": "",
        "startUpFrames": "5",
        "activeFrames": "3",
        "recoveryFrames": "17",
        "framesOnHit": "",
        "framesOnBlock": "",
        "vTriggerCancelHit": "",
        "vTriggerCancelBlock": "",
        "moveProperties": "Throw",
        "moveType": "Normal Throws"
      },
      "Frankensteiner": {
        "moveCommand": "",
        "startUpFrames": "5",
        "activeFrames": "3",
        "recoveryFrames": "17",
        "framesOnHit": "",
        "framesOnBlock": "",
        "vTriggerCancelHit": "",
        "vTriggerCancelBlock": "",
        "moveProperties": "Throw",
        "moveType": "Normal Throws"
      }
    }
  }
}
