{
  "Rashid": {
    "Fireball": "Whirlwind Shot",
    "DP": "Spinning Mixer",
    "Normal Moves": {
      "Standing LP": {
        "moveCommand": "",
        "startUpFrames": "4",
        "activeFrames": "2",
        "recoveryFrames": "7",
        "framesOnHit": "4",
        "framesOnBlock": "3",
        "vTriggerCancelHit": "",
        "vTriggerCancelBlock": "",
        "moveProperties": "High",
        "moveType": "Normal Moves"
      },
      "Standing MP": {
        "moveCommand": "",
        "startUpFrames": "5",
        "activeFrames": "2",
        "recoveryFrames": "14",
        "framesOnHit": "6",
        "framesOnBlock": "3",
        "vTriggerCancelHit": "",
        "vTriggerCancelBlock": "",
        "moveProperties": "High",
        "moveType": "Normal Moves"
      },
      "Standing HP": {
        "moveCommand": "",
        "startUpFrames": "8",
        "activeFrames": "2",
        "recoveryFrames": "19",
        "framesOnHit": "2",
        "framesOnBlock": "-3",
        "vTriggerCancelHit": "",
        "vTriggerCancelBlock": "",
        "moveProperties": "High",
        "moveType": "Normal Moves"
      },
      "Standing LK": {
        "moveCommand": "",
        "startUpFrames": "3",
        "activeFrames": "3",
        "recoveryFrames": "9",
        "framesOnHit": "2",
        "framesOnBlock": "1",
        "vTriggerCancelHit": "",
        "vTriggerCancelBlock": "",
        "moveProperties": "High",
        "moveType": "Normal Moves"
      },
      "Standing MK": {
        "moveCommand": "",
        "startUpFrames": "8",
        "activeFrames": "3",
        "recoveryFrames": "17",
        "framesOnHit": "1",
        "framesOnBlock": "-4",
        "vTriggerCancelHit": "",
        "vTriggerCancelBlock": "",
        "moveProperties": "High",
        "moveType": "Normal Moves"
      },
      "Standing HK": {
        "moveCommand": "",
        "startUpFrames": "16",
        "activeFrames": "2",
        "recoveryFrames": "22",
        "framesOnHit": "2",
        "framesOnBlock": "-4",
        "vTriggerCancelHit": "",
        "vTriggerCancelBlock": "",
        "moveProperties": "High",
        "moveType": "Normal Moves"
      },
      "Crouching LP": {
        "moveCommand": "",
        "startUpFrames": "4",
        "activeFrames": "3",
        "recoveryFrames": "5",
        "framesOnHit": "4",
        "framesOnBlock": "2",
        "vTriggerCancelHit": "",
        "vTriggerCancelBlock": "",
        "moveProperties": "High",
        "moveType": "Normal Moves"
      },
      "Crouching MP": {
        "moveCommand": "",
        "startUpFrames": "6",
        "activeFrames": "3",
        "recoveryFrames": "15",
        "framesOnHit": "2",
        "framesOnBlock": "-2",
        "vTriggerCancelHit": "",
        "vTriggerCancelBlock": "",
        "moveProperties": "High",
        "moveType": "Normal Moves"
      },
      "Crouching HP": {
        "moveCommand": "",
        "startUpFrames": "10",
        "activeFrames": "4",
        "recoveryFrames": "22(*26)",
        "framesOnHit": "6",
        "framesOnBlock": "-2",
        "vTriggerCancelHit": "",
        "vTriggerCancelBlock": "",
        "moveProperties": "High",
        "moveType": "Normal Moves"
      },
      "Crouching LK": {
        "moveCommand": "",
        "startUpFrames": "4",
        "activeFrames": "2",
        "recoveryFrames": "8",
        "framesOnHit": "2",
        "framesOnBlock": "0",
        "vTriggerCancelHit": "",
        "vTriggerCancelBlock": "",
        "moveProperties": "Low",
        "moveType": "Normal Moves"
      },
      "Crouching MK": {
        "moveCommand": "",
        "startUpFrames": "6",
        "activeFrames": "2",
        "recoveryFrames": "15",
        "framesOnHit": "1",
        "framesOnBlock": "-3",
        "vTriggerCancelHit": "",
        "vTriggerCancelBlock": "",
        "moveProperties": "Low",
        "moveType": "Normal Moves"
      },
      "Crouching HK": {
        "moveCommand": "",
        "startUpFrames": "7",
        "activeFrames": "2",
        "recoveryFrames": "25",
        "framesOnHit": "D",
        "framesOnBlock": "-12",
        "vTriggerCancelHit": "",
        "vTriggerCancelBlock": "",
        "moveProperties": "Low",
        "moveType": "Normal Moves"
      },
      "Jumping LP": {
        "moveCommand": "",
        "startUpFrames": "4",
        "activeFrames": "4",
        "recoveryFrames": "",
        "framesOnHit": "",
        "framesOnBlock": "",
        "vTriggerCancelHit": "",
        "vTriggerCancelBlock": "",
        "moveProperties": "Mid",
        "moveType": "Normal Moves"
      },
      "Jumping MP": {
        "moveCommand": "",
        "startUpFrames": "7",
        "activeFrames": "6",
        "recoveryFrames": "",
        "framesOnHit": "",
        "framesOnBlock": "",
        "vTriggerCancelHit": "",
        "vTriggerCancelBlock": "",
        "moveProperties": "Mid",
        "moveType": "Normal Moves"
      },
      "Jumping HP": {
        "moveCommand": "",
        "startUpFrames": "7",
        "activeFrames": "3",
        "recoveryFrames": "",
        "framesOnHit": "",
        "framesOnBlock": "",
        "vTriggerCancelHit": "",
        "vTriggerCancelBlock": "",
        "moveProperties": "Mid",
        "moveType": "Normal Moves"
      },
      "Jumping LK": {
        "moveCommand": "",
        "startUpFrames": "4",
        "activeFrames": "4",
        "recoveryFrames": "",
        "framesOnHit": "",
        "framesOnBlock": "",
        "vTriggerCancelHit": "",
        "vTriggerCancelBlock": "",
        "moveProperties": "Mid",
        "moveType": "Normal Moves"
      },
      "Jumping MK": {
        "moveCommand": "",
        "startUpFrames": "5",
        "activeFrames": "5",
        "recoveryFrames": "",
        "framesOnHit": "",
        "framesOnBlock": "",
        "vTriggerCancelHit": "",
        "vTriggerCancelBlock": "",
        "moveProperties": "Mid",
        "moveType": "Normal Moves"
      },
      "Jumping HK": {
        "moveCommand": "",
        "startUpFrames": "8",
        "activeFrames": "5",
        "recoveryFrames": "",
        "framesOnHit": "",
        "framesOnBlock": "",
        "vTriggerCancelHit": "",
        "vTriggerCancelBlock": "",
        "moveProperties": "Mid",
        "moveType": "Normal Moves"
      }
    },
    "Special Moves": {
      "Flap Spin": {
        "moveCommand": "Forward Strong",
        "startUpFrames": "8",
        "activeFrames": "5",
        "recoveryFrames": "14",
        "framesOnHit": "2",
        "framesOnBlock": "-2",
        "vTriggerCancelHit": "",
        "vTriggerCancelBlock": "",
        "moveProperties": "High",
        "moveType": "Special Moves"
      },
      "Beak Assault": {
        "moveCommand": "Forward Fierce",
        "startUpFrames": "23",
        "activeFrames": "2",
        "recoveryFrames": "18",
        "framesOnHit": "0",
        "framesOnBlock": "-7",
        "vTriggerCancelHit": "",
        "vTriggerCancelBlock": "",
        "moveProperties": "Mid",
        "moveType": "Special Moves"
      },
      "Wall Jump": {
        "moveCommand": "",
        "startUpFrames": "",
        "activeFrames": "",
        "recoveryFrames": "",
        "framesOnHit": "",
        "framesOnBlock": "",
        "vTriggerCancelHit": "",
        "vTriggerCancelBlock": "",
        "moveProperties": "",
        "moveType": "Special Moves"
      },
      "L Spinning Mixer": {
        "moveCommand": "",
        "startUpFrames": "8",
        "activeFrames": "4",
        "recoveryFrames": "26",
        "framesOnHit": "0",
        "framesOnBlock": "-2",
        "vTriggerCancelHit": "",
        "vTriggerCancelBlock": "",
        "moveProperties": "High",
        "moveType": "Special Moves"
      },
      "L Spinning Mixer Level 2": {
        "moveCommand": "",
        "startUpFrames": "8",
        "activeFrames": "6",
        "recoveryFrames": "21",
        "framesOnHit": "1",
        "framesOnBlock": "-5",
        "vTriggerCancelHit": "",
        "vTriggerCancelBlock": "",
        "moveProperties": "High",
        "moveType": "Special Moves"
      },
      "L Spinning Mixer Level 3": {
        "moveCommand": "",
        "startUpFrames": "8",
        "activeFrames": "8",
        "recoveryFrames": "29",
        "framesOnHit": "D",
        "framesOnBlock": "-10",
        "vTriggerCancelHit": "",
        "vTriggerCancelBlock": "",
        "moveProperties": "High",
        "moveType": "Special Moves"
      },
      "M Spinning Mixer": {
        "moveCommand": "",
        "startUpFrames": "8",
        "activeFrames": "5",
        "recoveryFrames": "20+13 frame(s) after landing",
        "framesOnHit": "D",
        "framesOnBlock": "-31",
        "vTriggerCancelHit": "",
        "vTriggerCancelBlock": "",
        "moveProperties": "High",
        "moveType": "Special Moves"
      },
      "M Spinning Mixer Level 2": {
        "moveCommand": "",
        "startUpFrames": "8",
        "activeFrames": "7",
        "recoveryFrames": "28+13 frame(s) after landing",
        "framesOnHit": "D",
        "framesOnBlock": "",
        "vTriggerCancelHit": "",
        "vTriggerCancelBlock": "",
        "moveProperties": "High",
        "moveType": "Special Moves"
      },
      "M Spinning Mixer Level 3": {
        "moveCommand": "",
        "startUpFrames": "8",
        "activeFrames": "9",
        "recoveryFrames": "32+13 frame(s) after landing",
        "framesOnHit": "D",
        "framesOnBlock": "",
        "vTriggerCancelHit": "",
        "vTriggerCancelBlock": "",
        "moveProperties": "High",
        "moveType": "Special Moves"
      },
      "H Spinning Mixer": {
        "moveCommand": "",
        "startUpFrames": "5",
        "activeFrames": "7",
        "recoveryFrames": "24+18 frame(s) after landing",
        "framesOnHit": "D",
        "framesOnBlock": "-36",
        "vTriggerCancelHit": "",
        "vTriggerCancelBlock": "",
        "moveProperties": "High",
        "moveType": "Special Moves"
      },
      "H Spinning Mixer Level 2": {
        "moveCommand": "",
        "startUpFrames": "5",
        "activeFrames": "13",
        "recoveryFrames": "28+18 frame(s) after landing",
        "framesOnHit": "D",
        "framesOnBlock": "-50",
        "vTriggerCancelHit": "",
        "vTriggerCancelBlock": "",
        "moveProperties": "High",
        "moveType": "Special Moves"
      },
      "H Spinning Mixer Level 3": {
        "moveCommand": "",
        "startUpFrames": "5",
        "activeFrames": "18",
        "recoveryFrames": "33+18 frame(s) after landing",
        "framesOnHit": "D",
        "framesOnBlock": "-64",
        "vTriggerCancelHit": "",
        "vTriggerCancelBlock": "",
        "moveProperties": "High",
        "moveType": "Special Moves"
      },
      "Dash Spinning Mixer": {
        "moveCommand": "",
        "startUpFrames": "8",
        "activeFrames": "6",
        "recoveryFrames": "23",
        "framesOnHit": "1",
        "framesOnBlock": "-2",
        "vTriggerCancelHit": "",
        "vTriggerCancelBlock": "",
        "moveProperties": "High",
        "moveType": "Special Moves"
      },
      "Dash Spinning Mixer Level 2": {
        "moveCommand": "",
        "startUpFrames": "8",
        "activeFrames": "8",
        "recoveryFrames": "25",
        "framesOnHit": "-1",
        "framesOnBlock": "-4",
        "vTriggerCancelHit": "",
        "vTriggerCancelBlock": "",
        "moveProperties": "High",
        "moveType": "Special Moves"
      },
      "Dash Spinning Mixer Level 3": {
        "moveCommand": "",
        "startUpFrames": "8",
        "activeFrames": "10",
        "recoveryFrames": "30",
        "framesOnHit": "D",
        "framesOnBlock": "-11",
        "vTriggerCancelHit": "",
        "vTriggerCancelBlock": "",
        "moveProperties": "High",
        "moveType": "Special Moves"
      },
      "V-Spinning Mixer": {
        "moveCommand": "",
        "startUpFrames": "8",
        "activeFrames": "12",
        "recoveryFrames": "21",
        "framesOnHit": "D",
        "framesOnBlock": "0",
        "vTriggerCancelHit": "",
        "vTriggerCancelBlock": "",
        "moveProperties": "High",
        "moveType": "Special Moves"
      },
      "EX Spinning Mixer": {
        "moveCommand": "",
        "startUpFrames": "8",
        "activeFrames": "5",
        "recoveryFrames": "25+26 frame(s) after landing",
        "framesOnHit": "D",
        "framesOnBlock": "-39",
        "vTriggerCancelHit": "",
        "vTriggerCancelBlock": "",
        "moveProperties": "High",
        "moveType": "Special Moves"
      },
      "EX Spinning Mixer Level 2": {
        "moveCommand": "",
        "startUpFrames": "8",
        "activeFrames": "9",
        "recoveryFrames": "33+26 frame(s) after landing",
        "framesOnHit": "D",
        "framesOnBlock": "",
        "vTriggerCancelHit": "",
        "vTriggerCancelBlock": "",
        "moveProperties": "High",
        "moveType": "Special Moves"
      },
      "EX Spinning Mixer Level 3": {
        "moveCommand": "",
        "startUpFrames": "8",
        "activeFrames": "11",
        "recoveryFrames": "34+26 frame(s) after landing",
        "framesOnHit": "D",
        "framesOnBlock": "",
        "vTriggerCancelHit": "",
        "vTriggerCancelBlock": "",
        "moveProperties": "High",
        "moveType": "Special Moves"
      },
      "V-EX Spinning Mixer": {
        "moveCommand": "",
        "startUpFrames": "8",
        "activeFrames": "12",
        "recoveryFrames": "26+26 frame(s) after landing",
        "framesOnHit": "D",
        "framesOnBlock": "-57(*-19)",
        "vTriggerCancelHit": "",
        "vTriggerCancelBlock": "",
        "moveProperties": "High",
        "moveType": "Special Moves"
      },
      "L Eagle Spike": {
        "moveCommand": "",
        "startUpFrames": "15(*11)",
        "activeFrames": "8",
        "recoveryFrames": "5+12 frame(s) after landing",
        "framesOnHit": "D",
        "framesOnBlock": "-20",
        "vTriggerCancelHit": "",
        "vTriggerCancelBlock": "",
        "moveProperties": "High",
        "moveType": "Special Moves"
      },
      "M Eagle Spike": {
        "moveCommand": "",
        "startUpFrames": "21",
        "activeFrames": "9",
        "recoveryFrames": "6+14 frame(s) after landing",
        "framesOnHit": "D",
        "framesOnBlock": "-20",
        "vTriggerCancelHit": "",
        "vTriggerCancelBlock": "",
        "moveProperties": "High",
        "moveType": "Special Moves"
      },
      "H Eagle Spike": {
        "moveCommand": "",
        "startUpFrames": "22",
        "activeFrames": "16",
        "recoveryFrames": "6+20 frame(s) after landing",
        "framesOnHit": "D",
        "framesOnBlock": "-20",
        "vTriggerCancelHit": "",
        "vTriggerCancelBlock": "",
        "moveProperties": "High",
        "moveType": "Special Moves"
      },
      "V-L Eagle Spike": {
        "moveCommand": "",
        "startUpFrames": "13",
        "activeFrames": "8",
        "recoveryFrames": "5+17 frame(s) after landing",
        "framesOnHit": "D",
        "framesOnBlock": "-20",
        "vTriggerCancelHit": "",
        "vTriggerCancelBlock": "",
        "moveProperties": "High",
        "moveType": "Special Moves"
      },
      "V-M Eagle Spike": {
        "moveCommand": "",
        "startUpFrames": "21",
        "activeFrames": "8",
        "recoveryFrames": "5+9 frame(s) after landing",
        "framesOnHit": "D",
        "framesOnBlock": "-20",
        "vTriggerCancelHit": "",
        "vTriggerCancelBlock": "",
        "moveProperties": "High",
        "moveType": "Special Moves"
      },
      "V-H Eagle Spike": {
        "moveCommand": "",
        "startUpFrames": "22",
        "activeFrames": "8",
        "recoveryFrames": "5+8 frame(s) after landing",
        "framesOnHit": "D",
        "framesOnBlock": "-20",
        "vTriggerCancelHit": "",
        "vTriggerCancelBlock": "",
        "moveProperties": "High",
        "moveType": "Special Moves"
      },
      "Dash Eagle Spike": {
        "moveCommand": "",
        "startUpFrames": "13",
        "activeFrames": "8",
        "recoveryFrames": "5+19 frame(s) after landing",
        "framesOnHit": "D",
        "framesOnBlock": "-21",
        "vTriggerCancelHit": "",
        "vTriggerCancelBlock": "",
        "moveProperties": "High",
        "moveType": "Special Moves"
      },
      "EX Eagle Spike": {
        "moveCommand": "",
        "startUpFrames": "19",
        "activeFrames": "6",
        "recoveryFrames": "5+19 frame(s) after landing",
        "framesOnHit": "D",
        "framesOnBlock": "-23",
        "vTriggerCancelHit": "",
        "vTriggerCancelBlock": "",
        "moveProperties": "High",
        "moveType": "Special Moves"
      },
      "V-EX Eagle Spike": {
        "moveCommand": "",
        "startUpFrames": "19",
        "activeFrames": "6",
        "recoveryFrames": "5+19 frame(s) after landing",
        "framesOnHit": "D",
        "framesOnBlock": "-3",
        "vTriggerCancelHit": "",
        "vTriggerCancelBlock": "",
        "moveProperties": "High",
        "moveType": "Special Moves"
      },
      "V-EX Airborne Eagle Spike": {
        "moveCommand": "",
        "startUpFrames": "15",
        "activeFrames": "Until landing/11 frame(s) after landing",
        "recoveryFrames": "31+16 frame(s) after landing",
        "framesOnHit": "D",
        "framesOnBlock": "",
        "vTriggerCancelHit": "",
        "vTriggerCancelBlock": "",
        "moveProperties": "High",
        "moveType": "Special Moves"
      },
      "L Airborne Eagle Spike": {
        "moveCommand": "",
        "startUpFrames": "18",
        "activeFrames": "Until landing",
        "recoveryFrames": "20 frame(s) after landing",
        "framesOnHit": "D",
        "framesOnBlock": "",
        "vTriggerCancelHit": "",
        "vTriggerCancelBlock": "",
        "moveProperties": "High",
        "moveType": "Special Moves"
      },
      "M Airborne Eagle Spike": {
        "moveCommand": "",
        "startUpFrames": "20",
        "activeFrames": "Until landing",
        "recoveryFrames": "20 frame(s) after landing",
        "framesOnHit": "D",
        "framesOnBlock": "",
        "vTriggerCancelHit": "",
        "vTriggerCancelBlock": "",
        "moveProperties": "High",
        "moveType": "Special Moves"
      },
      "H Airborne Eagle Spike": {
        "moveCommand": "",
        "startUpFrames": "22",
        "activeFrames": "Until landing",
        "recoveryFrames": "20 frame(s) after landing",
        "framesOnHit": "D",
        "framesOnBlock": "",
        "vTriggerCancelHit": "",
        "vTriggerCancelBlock": "",
        "moveProperties": "High",
        "moveType": "Special Moves"
      },
      "EX Airborne Eagle Spike": {
        "moveCommand": "",
        "startUpFrames": "15",
        "activeFrames": "Until landing/11 frame(s) after landing",
        "recoveryFrames": "31+16 frame(s) after landing",
        "framesOnHit": "D",
        "framesOnBlock": "",
        "vTriggerCancelHit": "",
        "vTriggerCancelBlock": "",
        "moveProperties": "High",
        "moveType": "Special Moves"
      },
      "L Whirlwind Shot": {
        "moveCommand": "",
        "startUpFrames": "17",
        "activeFrames": "",
        "recoveryFrames": "52 total frames",
        "framesOnHit": "-2",
        "framesOnBlock": "-5",
        "vTriggerCancelHit": "",
        "vTriggerCancelBlock": "",
        "moveProperties": "High",
        "moveType": "Special Moves"
      },
      "M Whirlwind Shot": {
        "moveCommand": "",
        "startUpFrames": "23",
        "activeFrames": "",
        "recoveryFrames": "60 total frames",
        "framesOnHit": "1",
        "framesOnBlock": "-2",
        "vTriggerCancelHit": "",
        "vTriggerCancelBlock": "",
        "moveProperties": "High",
        "moveType": "Special Moves"
      },
      "H Whirlwind Shot": {
        "moveCommand": "",
        "startUpFrames": "34",
        "activeFrames": "",
        "recoveryFrames": "70 total frames",
        "framesOnHit": "4",
        "framesOnBlock": "1",
        "vTriggerCancelHit": "",
        "vTriggerCancelBlock": "",
        "moveProperties": "High",
        "moveType": "Special Moves"
      },
      "EX Whirlwind Shot": {
        "moveCommand": "",
        "startUpFrames": "23",
        "activeFrames": "",
        "recoveryFrames": "58 total frames",
        "framesOnHit": "12",
        "framesOnBlock": "9",
        "vTriggerCancelHit": "",
        "vTriggerCancelBlock": "",
        "moveProperties": "High",
        "moveType": "Special Moves"
      },
      "V-Eagle Spike": {
        "moveCommand": "",
        "startUpFrames": "17",
        "activeFrames": "8",
        "recoveryFrames": "5+18 frame(s) after landing",
        "framesOnHit": "D",
        "framesOnBlock": "-7",
        "vTriggerCancelHit": "",
        "vTriggerCancelBlock": "",
        "moveProperties": "High",
        "moveType": "Special Moves"
      },
      "V-Dash Eagle Spike": {
        "moveCommand": "",
        "startUpFrames": "12",
        "activeFrames": "8",
        "recoveryFrames": "5+19 frame(s) after landing",
        "framesOnHit": "D",
        "framesOnBlock": "-8",
        "vTriggerCancelHit": "",
        "vTriggerCancelBlock": "",
        "moveProperties": "High",
        "moveType": "Special Moves"
      },
      "V-Airborne Eagle Spike": {
        "moveCommand": "",
        "startUpFrames": "13",
        "activeFrames": "Until landing",
        "recoveryFrames": "17 frame(s) after landing",
        "framesOnHit": "D",
        "framesOnBlock": "",
        "vTriggerCancelHit": "",
        "vTriggerCancelBlock": "",
        "moveProperties": "High",
        "moveType": "Special Moves"
      },
      "V-L Whirlwind Shot": {
        "moveCommand": "",
        "startUpFrames": "17",
        "activeFrames": "",
        "recoveryFrames": "52 total frames",
        "framesOnHit": "4",
        "framesOnBlock": "1",
        "vTriggerCancelHit": "",
        "vTriggerCancelBlock": "",
        "moveProperties": "High",
        "moveType": "Special Moves"
      },
      "V-M Whirlwind Shot": {
        "moveCommand": "",
        "startUpFrames": "23",
        "activeFrames": "",
        "recoveryFrames": "60 total frames",
        "framesOnHit": "7",
        "framesOnBlock": "3",
        "vTriggerCancelHit": "",
        "vTriggerCancelBlock": "",
        "moveProperties": "High",
        "moveType": "Special Moves"
      },
      "V-H Whirlwind Shot": {
        "moveCommand": "",
        "startUpFrames": "34",
        "activeFrames": "",
        "recoveryFrames": "70 total frames",
        "framesOnHit": "14",
        "framesOnBlock": "5",
        "vTriggerCancelHit": "",
        "vTriggerCancelBlock": "",
        "moveProperties": "High",
        "moveType": "Special Moves"
      },
      "V-EX Whirlwind Shot": {
        "moveCommand": "",
        "startUpFrames": "23",
        "activeFrames": "",
        "recoveryFrames": "61 total frames",
        "framesOnHit": "D",
        "framesOnBlock": "13",
        "vTriggerCancelHit": "",
        "vTriggerCancelBlock": "",
        "moveProperties": "High",
        "moveType": "Special Moves"
      },
      "V-Haboob": {
        "moveCommand": "",
        "startUpFrames": "21",
        "activeFrames": "",
        "recoveryFrames": "49 total frames",
        "framesOnHit": "D",
        "framesOnBlock": "-2",
        "vTriggerCancelHit": "",
        "vTriggerCancelBlock": "",
        "moveProperties": "High",
        "moveType": "Special Moves"
      }
    },
    "Critical Art": {
      "Altair": {
        "moveCommand": "",
        "startUpFrames": "1+7",
        "activeFrames": "30",
        "recoveryFrames": "43",
        "framesOnHit": "D",
        "framesOnBlock": "-51",
        "vTriggerCancelHit": "",
        "vTriggerCancelBlock": "",
        "moveProperties": "High",
        "moveType": "Critical Art"
      }
    },
    "V-System": {
      "[VS1] Front Flip": {
        "moveCommand": "",
        "startUpFrames": "",
        "activeFrames": "",
        "recoveryFrames": "42+13 frame(s) after landing",
        "framesOnHit": "",
        "framesOnBlock": "",
        "vTriggerCancelHit": "",
        "vTriggerCancelBlock": "",
        "moveProperties": "",
        "moveType": "V-System"
      },
      "[VS1] L Airborne Eagle Spike (from V-Skill)": {
        "moveCommand": "",
        "startUpFrames": "18",
        "activeFrames": "Until landing",
        "recoveryFrames": "20 frame(s) after landing",
        "framesOnHit": "D",
        "framesOnBlock": "",
        "vTriggerCancelHit": "",
        "vTriggerCancelBlock": "",
        "moveProperties": "High",
        "moveType": "V-System"
      },
      "[VS1] M Airborne Eagle Spike (from V-Skill)": {
        "moveCommand": "",
        "startUpFrames": "20",
        "activeFrames": "Until landing",
        "recoveryFrames": "20 frame(s) after landing",
        "framesOnHit": "D",
        "framesOnBlock": "",
        "vTriggerCancelHit": "",
        "vTriggerCancelBlock": "",
        "moveProperties": "High",
        "moveType": "V-System"
      },
      "[VS1] H Airborne Eagle Spike (from V-Skill)": {
        "moveCommand": "",
        "startUpFrames": "22",
        "activeFrames": "Until landing",
        "recoveryFrames": "20 frame(s) after landing",
        "framesOnHit": "D",
        "framesOnBlock": "",
        "vTriggerCancelHit": "",
        "vTriggerCancelBlock": "",
        "moveProperties": "High",
        "moveType": "V-System"
      },
      "[VS1] EX Airborne Eagle Spike (from V-Skill)": {
        "moveCommand": "",
        "startUpFrames": "15",
        "activeFrames": "Until landing/11 frame(s) after landing",
        "recoveryFrames": "31+16 frame(s) after landing",
        "framesOnHit": "D",
        "framesOnBlock": "",
        "vTriggerCancelHit": "",
        "vTriggerCancelBlock": "",
        "moveProperties": "High",
        "moveType": "V-System"
      },
      "[VS1] Rolling Assault": {
        "moveCommand": "",
        "startUpFrames": "",
        "activeFrames": "",
        "recoveryFrames": "32 total frames",
        "framesOnHit": "",
        "framesOnBlock": "",
        "vTriggerCancelHit": "",
        "vTriggerCancelBlock": "",
        "moveProperties": "",
        "moveType": "V-System"
      },
      "[VS1] Nail Assault": {
        "moveCommand": "",
        "startUpFrames": "6",
        "activeFrames": "5",
        "recoveryFrames": "21",
        "framesOnHit": "D",
        "framesOnBlock": "-6",
        "vTriggerCancelHit": "",
        "vTriggerCancelBlock": "",
        "moveProperties": "High",
        "moveType": "V-System"
      },
      "[VS2] Wing Stroke": {
        "moveCommand": "",
        "startUpFrames": "",
        "activeFrames": "",
        "recoveryFrames": "58+6 frame(s) after landing",
        "framesOnHit": "",
        "framesOnBlock": "",
        "vTriggerCancelHit": "",
        "vTriggerCancelBlock": "",
        "moveProperties": "",
        "moveType": "V-System"
      },
      "[VS2] Wing Spike": {
        "moveCommand": "",
        "startUpFrames": "6",
        "activeFrames": "11",
        "recoveryFrames": "13+19 frame(s) after landing",
        "framesOnHit": "D",
        "framesOnBlock": "-22",
        "vTriggerCancelHit": "",
        "vTriggerCancelBlock": "",
        "moveProperties": "High",
        "moveType": "V-System"
      },
      "[VS2]EX Wing Spike": {
        "moveCommand": "",
        "startUpFrames": "6",
        "activeFrames": "11",
        "recoveryFrames": "12+19 frame(s) after landing",
        "framesOnHit": "D",
        "framesOnBlock": "-20",
        "vTriggerCancelHit": "",
        "vTriggerCancelBlock": "",
        "moveProperties": "High",
        "moveType": "V-System"
      },
      "[VS2] Airborne Wing Stroke": {
        "moveCommand": "",
        "startUpFrames": "",
        "activeFrames": "",
        "recoveryFrames": "10 frame(s) after landing",
        "framesOnHit": "",
        "framesOnBlock": "",
        "vTriggerCancelHit": "",
        "vTriggerCancelBlock": "",
        "moveProperties": "",
        "moveType": "V-System"
      },
      "[VS2] Airborne Wing Spike": {
        "moveCommand": "",
        "startUpFrames": "13",
        "activeFrames": "Until landing",
        "recoveryFrames": "25 frame(s) after landing",
        "framesOnHit": "D",
        "framesOnBlock": "",
        "vTriggerCancelHit": "",
        "vTriggerCancelBlock": "",
        "moveProperties": "High",
        "moveType": "V-System"
      },
      "[VS2]EX Airborne Wing Spike": {
        "moveCommand": "",
        "startUpFrames": "10",
        "activeFrames": "Until landing/11 frame(s) after landing",
        "recoveryFrames": "31+16 frame(s) after landing",
        "framesOnHit": "D",
        "framesOnBlock": "",
        "vTriggerCancelHit": "",
        "vTriggerCancelBlock": "",
        "moveProperties": "High",
        "moveType": "V-System"
      },
      "Ysaar": {
        "moveCommand": "",
        "startUpFrames": "16",
        "activeFrames": "250",
        "recoveryFrames": "26 total frames",
        "framesOnHit": "D",
        "framesOnBlock": "32",
        "vTriggerCancelHit": "",
        "vTriggerCancelBlock": "",
        "moveProperties": "High",
        "moveType": "V-System"
      },
      "Sliding Roll": {
        "moveCommand": "",
        "startUpFrames": "",
        "activeFrames": "",
        "recoveryFrames": "33 total frames",
        "framesOnHit": "",
        "framesOnBlock": "",
        "vTriggerCancelHit": "",
        "vTriggerCancelBlock": "",
        "moveProperties": "",
        "moveType": "V-System"
      },
      "V[VS2] Wing Stroke": {
        "moveCommand": "",
        "startUpFrames": "",
        "activeFrames": "",
        "recoveryFrames": "48+6 frame(s) after landing",
        "framesOnHit": "",
        "framesOnBlock": "",
        "vTriggerCancelHit": "",
        "vTriggerCancelBlock": "",
        "moveProperties": "",
        "moveType": "V-System"
      },
      "V[VS2] Wing Spike": {
        "moveCommand": "",
        "startUpFrames": "6",
        "activeFrames": "11",
        "recoveryFrames": "13+19 frame(s) after landing",
        "framesOnHit": "D",
        "framesOnBlock": "-19",
        "vTriggerCancelHit": "",
        "vTriggerCancelBlock": "",
        "moveProperties": "High",
        "moveType": "V-System"
      },
      "V[VS2]EX Wing Spike": {
        "moveCommand": "",
        "startUpFrames": "6",
        "activeFrames": "11",
        "recoveryFrames": "12+19 frame(s) after landing",
        "framesOnHit": "D",
        "framesOnBlock": "-18",
        "vTriggerCancelHit": "",
        "vTriggerCancelBlock": "",
        "moveProperties": "High",
        "moveType": "V-System"
      },
      "V[VS2] Airborne Wing Stroke": {
        "moveCommand": "",
        "startUpFrames": "",
        "activeFrames": "",
        "recoveryFrames": "10 frame(s) after landing",
        "framesOnHit": "",
        "framesOnBlock": "",
        "vTriggerCancelHit": "",
        "vTriggerCancelBlock": "",
        "moveProperties": "",
        "moveType": "V-System"
      },
      "V[VS2] Airborne Wing Spike": {
        "moveCommand": "",
        "startUpFrames": "13",
        "activeFrames": "Until landing",
        "recoveryFrames": "22 frame(s) after landing",
        "framesOnHit": "D",
        "framesOnBlock": "",
        "vTriggerCancelHit": "",
        "vTriggerCancelBlock": "",
        "moveProperties": "High",
        "moveType": "V-System"
      },
      "V[VS2]EX Airborne Wing Spike": {
        "moveCommand": "",
        "startUpFrames": "15",
        "activeFrames": "Until landing/11 frame(s) after landing",
        "recoveryFrames": "31+17 frame(s) after landing",
        "framesOnHit": "D",
        "framesOnBlock": "-2",
        "vTriggerCancelHit": "",
        "vTriggerCancelBlock": "",
        "moveProperties": "High",
        "moveType": "V-System"
      },
      "Easifa": {
        "moveCommand": "",
        "startUpFrames": "1",
        "activeFrames": "",
        "recoveryFrames": "6",
        "framesOnHit": "",
        "framesOnBlock": "",
        "vTriggerCancelHit": "",
        "vTriggerCancelBlock": "",
        "moveProperties": "",
        "moveType": "V-System"
      },
      "V[VS1] Front Flip": {
        "moveCommand": "",
        "startUpFrames": "",
        "activeFrames": "",
        "recoveryFrames": "37+17 frame(s) after landing",
        "framesOnHit": "",
        "framesOnBlock": "",
        "vTriggerCancelHit": "",
        "vTriggerCancelBlock": "",
        "moveProperties": "",
        "moveType": "V-System"
      },
      "V[VS1] Airborne Eagle Spike (from V-Skill)": {
        "moveCommand": "",
        "startUpFrames": "13",
        "activeFrames": "Until landing",
        "recoveryFrames": "17 frame(s) after landing",
        "framesOnHit": "D",
        "framesOnBlock": "",
        "vTriggerCancelHit": "",
        "vTriggerCancelBlock": "",
        "moveProperties": "High",
        "moveType": "V-System"
      },
      "V[VS1] EX Airborne Eagle Spike (from V-Skill)": {
        "moveCommand": "",
        "startUpFrames": "15",
        "activeFrames": "Until landing/11 frame(s) after landing",
        "recoveryFrames": "31+16 frame(s) after landing",
        "framesOnHit": "D",
        "framesOnBlock": "1",
        "vTriggerCancelHit": "",
        "vTriggerCancelBlock": "",
        "moveProperties": "High",
        "moveType": "V-System"
      }
    },
    "Normal Throws": {
      "Riding Glider": {
        "moveCommand": "",
        "startUpFrames": "5",
        "activeFrames": "3",
        "recoveryFrames": "17",
        "framesOnHit": "D",
        "framesOnBlock": "",
        "vTriggerCancelHit": "",
        "vTriggerCancelBlock": "",
        "moveProperties": "Throw",
        "moveType": "Normal Throws"
      },
      "Rising Sun": {
        "moveCommand": "",
        "startUpFrames": "5",
        "activeFrames": "3",
        "recoveryFrames": "17",
        "framesOnHit": "D",
        "framesOnBlock": "",
        "vTriggerCancelHit": "",
        "vTriggerCancelBlock": "",
        "moveProperties": "Throw",
        "moveType": "Normal Throws"
      }
    }
  }
}
