{
  "Ryu": {
    "Fireball": "Hadoken",
    "DP": "Shoryuken",
    "Tatsu": "Tatsumaki Senpukyaku",
    "Air Tatsu": "Airborne Tatsumaki Senpukyaku",
    "Normal Moves": {
      "Standing LP": {
        "moveCommand": "",
        "startUpFrames": "3",
        "activeFrames": "2",
        "recoveryFrames": "7",
        "framesOnHit": "4",
        "framesOnBlock": "2",
        "vTriggerCancelHit": "4",
        "vTriggerCancelBlock": "2",
        "moveProperties": "High",
        "moveType": "Normal Moves"
      },
      "V-Standing LP": {
        "moveCommand": "",
        "startUpFrames": "3",
        "activeFrames": "2",
        "recoveryFrames": "7",
        "framesOnHit": "4",
        "framesOnBlock": "2",
        "vTriggerCancelHit": "",
        "vTriggerCancelBlock": "",
        "moveProperties": "High",
        "moveType": "Normal Moves"
      },
      "Standing MP": {
        "moveCommand": "",
        "startUpFrames": "5",
        "activeFrames": "3",
        "recoveryFrames": "10",
        "framesOnHit": "7",
        "framesOnBlock": "1",
        "vTriggerCancelHit": "11",
        "vTriggerCancelBlock": "5",
        "moveProperties": "High",
        "moveType": "Normal Moves"
      },
      "V-Standing MP": {
        "moveCommand": "",
        "startUpFrames": "5",
        "activeFrames": "3",
        "recoveryFrames": "10",
        "framesOnHit": "7",
        "framesOnBlock": "1",
        "vTriggerCancelHit": "",
        "vTriggerCancelBlock": "",
        "moveProperties": "High",
        "moveType": "Normal Moves"
      },
      "Standing HP": {
        "moveCommand": "",
        "startUpFrames": "8",
        "activeFrames": "3",
        "recoveryFrames": "20",
        "framesOnHit": "3",
        "framesOnBlock": "-1",
        "vTriggerCancelHit": "12",
        "vTriggerCancelBlock": "8",
        "moveProperties": "High",
        "moveType": "Normal Moves"
      },
      "V-Standing HP": {
        "moveCommand": "",
        "startUpFrames": "8",
        "activeFrames": "3",
        "recoveryFrames": "20",
        "framesOnHit": "3",
        "framesOnBlock": "-1",
        "vTriggerCancelHit": "",
        "vTriggerCancelBlock": "",
        "moveProperties": "High",
        "moveType": "Normal Moves"
      },
      "Standing LK": {
        "moveCommand": "",
        "startUpFrames": "4",
        "activeFrames": "3",
        "recoveryFrames": "11",
        "framesOnHit": "-1",
        "framesOnBlock": "-2",
        "vTriggerCancelHit": "4",
        "vTriggerCancelBlock": "3",
        "moveProperties": "High",
        "moveType": "Normal Moves"
      },
      "Standing MK": {
        "moveCommand": "",
        "startUpFrames": "8",
        "activeFrames": "3",
        "recoveryFrames": "16",
        "framesOnHit": "2",
        "framesOnBlock": "-2",
        "vTriggerCancelHit": "11",
        "vTriggerCancelBlock": "7",
        "moveProperties": "High",
        "moveType": "Normal Moves"
      },
      "Standing HK": {
        "moveCommand": "",
        "startUpFrames": "10",
        "activeFrames": "2",
        "recoveryFrames": "20",
        "framesOnHit": "4",
        "framesOnBlock": "-1",
        "vTriggerCancelHit": "11",
        "vTriggerCancelBlock": "16",
        "moveProperties": "High",
        "moveType": "Normal Moves"
      },
      "Crouching LP": {
        "moveCommand": "",
        "startUpFrames": "4",
        "activeFrames": "3",
        "recoveryFrames": "5",
        "framesOnHit": "3",
        "framesOnBlock": "2",
        "vTriggerCancelHit": "2",
        "vTriggerCancelBlock": "1",
        "moveProperties": "High",
        "moveType": "Normal Moves"
      },
      "V-Crouching LP": {
        "moveCommand": "",
        "startUpFrames": "4",
        "activeFrames": "3",
        "recoveryFrames": "5",
        "framesOnHit": "3",
        "framesOnBlock": "2",
        "vTriggerCancelHit": "",
        "vTriggerCancelBlock": "",
        "moveProperties": "High",
        "moveType": "Normal Moves"
      },
      "Crouching MP": {
        "moveCommand": "",
        "startUpFrames": "6",
        "activeFrames": "3",
        "recoveryFrames": "12",
        "framesOnHit": "4",
        "framesOnBlock": "2",
        "vTriggerCancelHit": "10",
        "vTriggerCancelBlock": "8",
        "moveProperties": "High",
        "moveType": "Normal Moves"
      },
      "V-Crouching MP": {
        "moveCommand": "",
        "startUpFrames": "6",
        "activeFrames": "3",
        "recoveryFrames": "12",
        "framesOnHit": "4",
        "framesOnBlock": "3",
        "vTriggerCancelHit": "",
        "vTriggerCancelBlock": "",
        "moveProperties": "High",
        "moveType": "Normal Moves"
      },
      "Crouching HP": {
        "moveCommand": "",
        "startUpFrames": "6",
        "activeFrames": "4",
        "recoveryFrames": "24",
        "framesOnHit": "-7",
        "framesOnBlock": "-10",
        "vTriggerCancelHit": "12",
        "vTriggerCancelBlock": "9",
        "moveProperties": "High",
        "moveType": "Normal Moves"
      },
      "V-Crouching HP": {
        "moveCommand": "",
        "startUpFrames": "6",
        "activeFrames": "4",
        "recoveryFrames": "24",
        "framesOnHit": "-7",
        "framesOnBlock": "-10",
        "vTriggerCancelHit": "",
        "vTriggerCancelBlock": "",
        "moveProperties": "High",
        "moveType": "Normal Moves"
      },
      "Crouching LK": {
        "moveCommand": "",
        "startUpFrames": "4",
        "activeFrames": "2",
        "recoveryFrames": "7",
        "framesOnHit": "2",
        "framesOnBlock": "1",
        "vTriggerCancelHit": "2",
        "vTriggerCancelBlock": "1",
        "moveProperties": "Low",
        "moveType": "Normal Moves"
      },
      "Crouching MK": {
        "moveCommand": "",
        "startUpFrames": "7",
        "activeFrames": "3",
        "recoveryFrames": "13",
        "framesOnHit": "2",
        "framesOnBlock": "-1",
        "vTriggerCancelHit": "9",
        "vTriggerCancelBlock": "6",
        "moveProperties": "Low",
        "moveType": "Normal Moves"
      },
      "Crouching HK": {
        "moveCommand": "",
        "startUpFrames": "8",
        "activeFrames": "2",
        "recoveryFrames": "22",
        "framesOnHit": "D",
        "framesOnBlock": "-11",
        "vTriggerCancelHit": "D",
        "vTriggerCancelBlock": "12",
        "moveProperties": "Low",
        "moveType": "Normal Moves"
      },
      "Jumping LP": {
        "moveCommand": "",
        "startUpFrames": "3",
        "activeFrames": "6",
        "recoveryFrames": "",
        "framesOnHit": "",
        "framesOnBlock": "",
        "vTriggerCancelHit": "",
        "vTriggerCancelBlock": "",
        "moveProperties": "Mid",
        "moveType": "Normal Moves"
      },
      "V-Jumping LP": {
        "moveCommand": "",
        "startUpFrames": "3",
        "activeFrames": "6",
        "recoveryFrames": "",
        "framesOnHit": "",
        "framesOnBlock": "",
        "vTriggerCancelHit": "",
        "vTriggerCancelBlock": "",
        "moveProperties": "Mid",
        "moveType": "Normal Moves"
      },
      "Jumping MP": {
        "moveCommand": "",
        "startUpFrames": "7",
        "activeFrames": "6",
        "recoveryFrames": "",
        "framesOnHit": "",
        "framesOnBlock": "",
        "vTriggerCancelHit": "",
        "vTriggerCancelBlock": "",
        "moveProperties": "Mid",
        "moveType": "Normal Moves"
      },
      "V-Jumping MP": {
        "moveCommand": "",
        "startUpFrames": "7",
        "activeFrames": "6",
        "recoveryFrames": "",
        "framesOnHit": "",
        "framesOnBlock": "",
        "vTriggerCancelHit": "",
        "vTriggerCancelBlock": "",
        "moveProperties": "Mid",
        "moveType": "Normal Moves"
      },
      "Jumping HP": {
        "moveCommand": "",
        "startUpFrames": "7",
        "activeFrames": "5",
        "recoveryFrames": "",
        "framesOnHit": "",
        "framesOnBlock": "",
        "vTriggerCancelHit": "",
        "vTriggerCancelBlock": "",
        "moveProperties": "Mid",
        "moveType": "Normal Moves"
      },
      "V-Jumping HP": {
        "moveCommand": "",
        "startUpFrames": "7",
        "activeFrames": "5",
        "recoveryFrames": "",
        "framesOnHit": "",
        "framesOnBlock": "",
        "vTriggerCancelHit": "",
        "vTriggerCancelBlock": "",
        "moveProperties": "Mid",
        "moveType": "Normal Moves"
      },
      "Jumping LK": {
        "moveCommand": "",
        "startUpFrames": "4",
        "activeFrames": "6",
        "recoveryFrames": "",
        "framesOnHit": "",
        "framesOnBlock": "",
        "vTriggerCancelHit": "",
        "vTriggerCancelBlock": "",
        "moveProperties": "Mid",
        "moveType": "Normal Moves"
      },
      "Jumping MK": {
        "moveCommand": "",
        "startUpFrames": "6",
        "activeFrames": "4",
        "recoveryFrames": "",
        "framesOnHit": "",
        "framesOnBlock": "",
        "vTriggerCancelHit": "",
        "vTriggerCancelBlock": "",
        "moveProperties": "Mid",
        "moveType": "Normal Moves"
      },
      "Jumping HK": {
        "moveCommand": "",
        "startUpFrames": "9",
        "activeFrames": "5",
        "recoveryFrames": "",
        "framesOnHit": "",
        "framesOnBlock": "",
        "vTriggerCancelHit": "",
        "vTriggerCancelBlock": "",
        "moveProperties": "Mid",
        "moveType": "Normal Moves"
      }
    },
    "Special Moves": {
      "Collarbone Breaker": {
        "moveCommand": "Forward Strong",
        "startUpFrames": "22",
        "activeFrames": "4",
        "recoveryFrames": "17",
        "framesOnHit": "1",
        "framesOnBlock": "-7",
        "vTriggerCancelHit": "",
        "vTriggerCancelBlock": "",
        "moveProperties": "Mid",
        "moveType": "Special Moves"
      },
      "V-Collarbone Breaker": {
        "moveCommand": "Forward Strong",
        "startUpFrames": "22",
        "activeFrames": "4",
        "recoveryFrames": "17",
        "framesOnHit": "1",
        "framesOnBlock": "-7",
        "vTriggerCancelHit": "",
        "vTriggerCancelBlock": "",
        "moveProperties": "Mid",
        "moveType": "Special Moves"
      },
      "Solar Plexus Strike": {
        "moveCommand": "Forward Fierce",
        "startUpFrames": "17",
        "activeFrames": "4",
        "recoveryFrames": "18",
        "framesOnHit": "8",
        "framesOnBlock": "-2",
        "vTriggerCancelHit": "",
        "vTriggerCancelBlock": "",
        "moveProperties": "High",
        "moveType": "Special Moves"
      },
      "V-Solar Plexus Strike": {
        "moveCommand": "Forward Fierce",
        "startUpFrames": "17",
        "activeFrames": "4",
        "recoveryFrames": "18",
        "framesOnHit": "8",
        "framesOnBlock": "-2",
        "vTriggerCancelHit": "",
        "vTriggerCancelBlock": "",
        "moveProperties": "High",
        "moveType": "Special Moves"
      },
      "Axe Kick": {
        "moveCommand": "Back Roundhouse",
        "startUpFrames": "9",
        "activeFrames": "7",
        "recoveryFrames": "16",
        "framesOnHit": "4",
        "framesOnBlock": "-2",
        "vTriggerCancelHit": "13/18",
        "vTriggerCancelBlock": "17/12",
        "moveProperties": "High",
        "moveType": "Special Moves"
      },
      "Jodan Nirengeki": {
        "moveCommand": "",
        "startUpFrames": "9",
        "activeFrames": "2",
        "recoveryFrames": "28",
        "framesOnHit": "-2",
        "framesOnBlock": "-9",
        "vTriggerCancelHit": "12",
        "vTriggerCancelBlock": "5",
        "moveProperties": "High",
        "moveType": "Special Moves"
      },
      "V-Jodan Nirengeki": {
        "moveCommand": "",
        "startUpFrames": "9",
        "activeFrames": "2",
        "recoveryFrames": "28",
        "framesOnHit": "-2",
        "framesOnBlock": "-9",
        "vTriggerCancelHit": "",
        "vTriggerCancelBlock": "",
        "moveProperties": "High",
        "moveType": "Special Moves"
      },
      "Jodan Sanrengeki": {
        "moveCommand": "",
        "startUpFrames": "9",
        "activeFrames": "2",
        "recoveryFrames": "26",
        "framesOnHit": "D",
        "framesOnBlock": "-7",
        "vTriggerCancelHit": "D",
        "vTriggerCancelBlock": "9",
        "moveProperties": "High",
        "moveType": "Special Moves"
      },
      "L Hadoken": {
        "moveCommand": "",
        "startUpFrames": "14",
        "activeFrames": "",
        "recoveryFrames": "45 total frames",
        "framesOnHit": "-1",
        "framesOnBlock": "-6",
        "vTriggerCancelHit": "",
        "vTriggerCancelBlock": "",
        "moveProperties": "High",
        "moveType": "Special Moves"
      },
      "M Hadoken": {
        "moveCommand": "",
        "startUpFrames": "14",
        "activeFrames": "",
        "recoveryFrames": "45 total frames",
        "framesOnHit": "-1",
        "framesOnBlock": "-6",
        "vTriggerCancelHit": "",
        "vTriggerCancelBlock": "",
        "moveProperties": "High",
        "moveType": "Special Moves"
      },
      "H Hadoken": {
        "moveCommand": "",
        "startUpFrames": "14",
        "activeFrames": "",
        "recoveryFrames": "45 total frames",
        "framesOnHit": "-1",
        "framesOnBlock": "-6",
        "vTriggerCancelHit": "",
        "vTriggerCancelBlock": "",
        "moveProperties": "High",
        "moveType": "Special Moves"
      },
      "V-L Hadoken": {
        "moveCommand": "",
        "startUpFrames": "14",
        "activeFrames": "",
        "recoveryFrames": "42 total frames",
        "framesOnHit": "D",
        "framesOnBlock": "-2",
        "vTriggerCancelHit": "",
        "vTriggerCancelBlock": "",
        "moveProperties": "High",
        "moveType": "Special Moves"
      },
      "V-M Hadoken": {
        "moveCommand": "",
        "startUpFrames": "14",
        "activeFrames": "",
        "recoveryFrames": "42 total frames",
        "framesOnHit": "D",
        "framesOnBlock": "-2",
        "vTriggerCancelHit": "",
        "vTriggerCancelBlock": "",
        "moveProperties": "High",
        "moveType": "Special Moves"
      },
      "V-H Hadoken": {
        "moveCommand": "",
        "startUpFrames": "14",
        "activeFrames": "",
        "recoveryFrames": "42 total frames",
        "framesOnHit": "D",
        "framesOnBlock": "-2",
        "vTriggerCancelHit": "",
        "vTriggerCancelBlock": "",
        "moveProperties": "High",
        "moveType": "Special Moves"
      },
      "V-Hadoken Level 2": {
        "moveCommand": "",
        "startUpFrames": "5",
        "activeFrames": "",
        "recoveryFrames": "",
        "framesOnHit": "D",
        "framesOnBlock": "0",
        "vTriggerCancelHit": "",
        "vTriggerCancelBlock": "",
        "moveProperties": "High",
        "moveType": "Special Moves"
      },
      "V-Hadoken Level 3": {
        "moveCommand": "",
        "startUpFrames": "6",
        "activeFrames": "",
        "recoveryFrames": "",
        "framesOnHit": "D",
        "framesOnBlock": "GB",
        "vTriggerCancelHit": "",
        "vTriggerCancelBlock": "",
        "moveProperties": "High",
        "moveType": "Special Moves"
      },
      "EX Hadoken": {
        "moveCommand": "",
        "startUpFrames": "11",
        "activeFrames": "",
        "recoveryFrames": "42 total frames",
        "framesOnHit": "D",
        "framesOnBlock": "2",
        "vTriggerCancelHit": "D",
        "vTriggerCancelBlock": "19",
        "moveProperties": "High",
        "moveType": "Special Moves"
      },
      "V-EX Hadoken Level 1": {
        "moveCommand": "",
        "startUpFrames": "11",
        "activeFrames": "",
        "recoveryFrames": "40 total frames",
        "framesOnHit": "D",
        "framesOnBlock": "2",
        "vTriggerCancelHit": "",
        "vTriggerCancelBlock": "",
        "moveProperties": "High",
        "moveType": "Special Moves"
      },
      "V-EX Hadoken Level 2": {
        "moveCommand": "",
        "startUpFrames": "5",
        "activeFrames": "",
        "recoveryFrames": "",
        "framesOnHit": "D",
        "framesOnBlock": "GB",
        "vTriggerCancelHit": "",
        "vTriggerCancelBlock": "",
        "moveProperties": "High",
        "moveType": "Special Moves"
      },
      "L Shoryuken": {
        "moveCommand": "",
        "startUpFrames": "3",
        "activeFrames": "12",
        "recoveryFrames": "19+11 frame(s) after landing",
        "framesOnHit": "D",
        "framesOnBlock": "-24",
        "vTriggerCancelHit": "",
        "vTriggerCancelBlock": "",
        "moveProperties": "High",
        "moveType": "Special Moves"
      },
      "M Shoryuken": {
        "moveCommand": "",
        "startUpFrames": "4",
        "activeFrames": "11",
        "recoveryFrames": "26+13 frame(s) after landing",
        "framesOnHit": "D",
        "framesOnBlock": "-32",
        "vTriggerCancelHit": "",
        "vTriggerCancelBlock": "",
        "moveProperties": "High",
        "moveType": "Special Moves"
      },
      "H Shoryuken": {
        "moveCommand": "",
        "startUpFrames": "5",
        "activeFrames": "10",
        "recoveryFrames": "29+15 frame(s) after landing",
        "framesOnHit": "D",
        "framesOnBlock": "-36",
        "vTriggerCancelHit": "",
        "vTriggerCancelBlock": "",
        "moveProperties": "High",
        "moveType": "Special Moves"
      },
      "V-L Shoryuken": {
        "moveCommand": "",
        "startUpFrames": "3",
        "activeFrames": "12",
        "recoveryFrames": "19+11 frame(s) after landing",
        "framesOnHit": "D",
        "framesOnBlock": "-24",
        "vTriggerCancelHit": "",
        "vTriggerCancelBlock": "",
        "moveProperties": "High",
        "moveType": "Special Moves"
      },
      "V-M Shoryuken": {
        "moveCommand": "",
        "startUpFrames": "4",
        "activeFrames": "11",
        "recoveryFrames": "26+13 frame(s) after landing",
        "framesOnHit": "D",
        "framesOnBlock": "-32",
        "vTriggerCancelHit": "",
        "vTriggerCancelBlock": "",
        "moveProperties": "High",
        "moveType": "Special Moves"
      },
      "V-H Shoryuken": {
        "moveCommand": "",
        "startUpFrames": "5",
        "activeFrames": "10",
        "recoveryFrames": "29+15 frame(s) after landing",
        "framesOnHit": "D",
        "framesOnBlock": "-36",
        "vTriggerCancelHit": "",
        "vTriggerCancelBlock": "",
        "moveProperties": "High",
        "moveType": "Special Moves"
      },
      "EX Shoryuken": {
        "moveCommand": "",
        "startUpFrames": "3",
        "activeFrames": "12",
        "recoveryFrames": "29+15 frame(s) after landing",
        "framesOnHit": "D",
        "framesOnBlock": "-37",
        "vTriggerCancelHit": "",
        "vTriggerCancelBlock": "",
        "moveProperties": "High",
        "moveType": "Special Moves"
      },
      "V-EX Shoryuken": {
        "moveCommand": "",
        "startUpFrames": "3",
        "activeFrames": "12",
        "recoveryFrames": "29+15 frame(s) after landing",
        "framesOnHit": "D",
        "framesOnBlock": "-37",
        "vTriggerCancelHit": "",
        "vTriggerCancelBlock": "",
        "moveProperties": "High",
        "moveType": "Special Moves"
      },
      "L Tatsumaki Senpukyaku": {
        "moveCommand": "",
        "startUpFrames": "10",
        "activeFrames": "2",
        "recoveryFrames": "18+12 frame(s) after landing",
        "framesOnHit": "D",
        "framesOnBlock": "-10",
        "vTriggerCancelHit": "",
        "vTriggerCancelBlock": "",
        "moveProperties": "High",
        "moveType": "Special Moves"
      },
      "M Tatsumaki Senpukyaku": {
        "moveCommand": "",
        "startUpFrames": "12",
        "activeFrames": "4",
        "recoveryFrames": "16+14 frame(s) after landing",
        "framesOnHit": "D",
        "framesOnBlock": "-12",
        "vTriggerCancelHit": "",
        "vTriggerCancelBlock": "",
        "moveProperties": "High",
        "moveType": "Special Moves"
      },
      "H Tatsumaki Senpukyaku": {
        "moveCommand": "",
        "startUpFrames": "14",
        "activeFrames": "6",
        "recoveryFrames": "16+15 frame(s) after landing",
        "framesOnHit": "D",
        "framesOnBlock": "-13",
        "vTriggerCancelHit": "",
        "vTriggerCancelBlock": "",
        "moveProperties": "High",
        "moveType": "Special Moves"
      },
      "EX Tatsumaki Senpukyaku": {
        "moveCommand": "",
        "startUpFrames": "10",
        "activeFrames": "11",
        "recoveryFrames": "11+15 frame(s) after landing",
        "framesOnHit": "D",
        "framesOnBlock": "-19",
        "vTriggerCancelHit": "",
        "vTriggerCancelBlock": "",
        "moveProperties": "High",
        "moveType": "Special Moves"
      },
      "Airborne Tatsumaki Senpukyaku": {
        "moveCommand": "",
        "startUpFrames": "9",
        "activeFrames": "6",
        "recoveryFrames": "14 frame(s) after landing",
        "framesOnHit": "D",
        "framesOnBlock": "",
        "vTriggerCancelHit": "",
        "vTriggerCancelBlock": "",
        "moveProperties": "High",
        "moveType": "Special Moves"
      },
      "EX Airborne Tatsumaki Senpukyaku": {
        "moveCommand": "",
        "startUpFrames": "8",
        "activeFrames": "10",
        "recoveryFrames": "14 frame(s) after landing",
        "framesOnHit": "D",
        "framesOnBlock": "",
        "vTriggerCancelHit": "",
        "vTriggerCancelBlock": "",
        "moveProperties": "High",
        "moveType": "Special Moves"
      },
      "L Jodan Sokutou Geri": {
        "moveCommand": "",
        "startUpFrames": "10",
        "activeFrames": "2",
        "recoveryFrames": "28",
        "framesOnHit": "D",
        "framesOnBlock": "-16",
        "vTriggerCancelHit": "",
        "vTriggerCancelBlock": "",
        "moveProperties": "High",
        "moveType": "Special Moves"
      },
      "M Jodan Sokutou Geri": {
        "moveCommand": "",
        "startUpFrames": "16",
        "activeFrames": "2",
        "recoveryFrames": "28",
        "framesOnHit": "D",
        "framesOnBlock": "-16",
        "vTriggerCancelHit": "",
        "vTriggerCancelBlock": "",
        "moveProperties": "High",
        "moveType": "Special Moves"
      },
      "H Jodan Sokutou Geri": {
        "moveCommand": "",
        "startUpFrames": "18",
        "activeFrames": "2",
        "recoveryFrames": "28",
        "framesOnHit": "D",
        "framesOnBlock": "-16",
        "vTriggerCancelHit": "",
        "vTriggerCancelBlock": "",
        "moveProperties": "High",
        "moveType": "Special Moves"
      },
      "EX Jodan Sokutou Geri": {
        "moveCommand": "",
        "startUpFrames": "18",
        "activeFrames": "2",
        "recoveryFrames": "36",
        "framesOnHit": "D",
        "framesOnBlock": "-16",
        "vTriggerCancelHit": "",
        "vTriggerCancelBlock": "",
        "moveProperties": "High",
        "moveType": "Special Moves"
      },
      "Isshin (Stance)": {
        "moveCommand": "",
        "startUpFrames": "2",
        "activeFrames": "10",
        "recoveryFrames": "36",
        "framesOnHit": "",
        "framesOnBlock": "",
        "vTriggerCancelHit": "",
        "vTriggerCancelBlock": "",
        "moveProperties": "",
        "moveType": "Special Moves"
      },
      "Isshin (Attack)": {
        "moveCommand": "",
        "startUpFrames": "",
        "activeFrames": "",
        "recoveryFrames": "",
        "framesOnHit": "(crumple)",
        "framesOnBlock": "",
        "vTriggerCancelHit": "",
        "vTriggerCancelBlock": "",
        "moveProperties": "High",
        "moveType": "Special Moves"
      }
    },
    "Critical Art": {
      "Shinku Hadoken": {
        "moveCommand": "",
        "startUpFrames": "1+3",
        "activeFrames": "",
        "recoveryFrames": "65 total frames",
        "framesOnHit": "D",
        "framesOnBlock": "-17",
        "vTriggerCancelHit": "",
        "vTriggerCancelBlock": "",
        "moveProperties": "High",
        "moveType": "Critical Art"
      },
      "V-Denjin Hadoken": {
        "moveCommand": "",
        "startUpFrames": "1+3",
        "activeFrames": "",
        "recoveryFrames": "65 total frames",
        "framesOnHit": "D",
        "framesOnBlock": "GB",
        "vTriggerCancelHit": "",
        "vTriggerCancelBlock": "",
        "moveProperties": "High",
        "moveType": "Critical Art"
      }
    },
    "V-System": {
      "[VS1] Mind's Eye": {
        "moveCommand": "",
        "startUpFrames": "3",
        "activeFrames": "7",
        "recoveryFrames": "32",
        "framesOnHit": "",
        "framesOnBlock": "",
        "vTriggerCancelHit": "",
        "vTriggerCancelBlock": "",
        "moveProperties": "",
        "moveType": "V-System"
      },
      "[VS2] Thust Strike": {
        "moveCommand": "",
        "startUpFrames": "25",
        "activeFrames": "2",
        "recoveryFrames": "26",
        "framesOnHit": "D",
        "framesOnBlock": "-4",
        "vTriggerCancelHit": "D",
        "vTriggerCancelBlock": "10",
        "moveProperties": "High",
        "moveType": "V-System"
      },
      "[VS2] Thust Strike (upon successful parry)": {
        "moveCommand": "",
        "startUpFrames": "1",
        "activeFrames": "4(*2)",
        "recoveryFrames": "37(*21)",
        "framesOnHit": "D",
        "framesOnBlock": "4",
        "vTriggerCancelHit": "D",
        "vTriggerCancelBlock": "14",
        "moveProperties": "High",
        "moveType": "V-System"
      },
      "V[VS2] Thust Strike": {
        "moveCommand": "",
        "startUpFrames": "25",
        "activeFrames": "2",
        "recoveryFrames": "26",
        "framesOnHit": "D",
        "framesOnBlock": "-4",
        "vTriggerCancelHit": "",
        "vTriggerCancelBlock": "",
        "moveProperties": "High",
        "moveType": "V-System"
      },
      "V[VS2] Thust Strike (upon successful parry)": {
        "moveCommand": "",
        "startUpFrames": "1",
        "activeFrames": "4(*2)",
        "recoveryFrames": "37(*21)",
        "framesOnHit": "D",
        "framesOnBlock": "4",
        "vTriggerCancelHit": "",
        "vTriggerCancelBlock": "",
        "moveProperties": "High",
        "moveType": "V-System"
      },
      "Denjin Renki": {
        "moveCommand": "",
        "startUpFrames": "1",
        "activeFrames": "",
        "recoveryFrames": "4",
        "framesOnHit": "",
        "framesOnBlock": "",
        "vTriggerCancelHit": "",
        "vTriggerCancelBlock": "",
        "moveProperties": "",
        "moveType": "V-System"
      },
      "Hashogeki": {
        "moveCommand": "",
        "startUpFrames": "17",
        "activeFrames": "2",
        "recoveryFrames": "24",
        "framesOnHit": "D",
        "framesOnBlock": "-2",
        "vTriggerCancelHit": "",
        "vTriggerCancelBlock": "",
        "moveProperties": "High",
        "moveType": "V-System"
      },
      "Kakko Fubatsui": {
        "moveCommand": "",
        "startUpFrames": "1",
        "activeFrames": "",
        "recoveryFrames": "4",
        "framesOnHit": "",
        "framesOnBlock": "",
        "vTriggerCancelHit": "",
        "vTriggerCancelBlock": "",
        "moveProperties": "",
        "moveType": "V-System"
      }
    },
    "Normal Throws": {
      "Shoulder Throw": {
        "moveCommand": "",
        "startUpFrames": "5",
        "activeFrames": "3",
        "recoveryFrames": "17",
        "framesOnHit": "",
        "framesOnBlock": "",
        "vTriggerCancelHit": "",
        "vTriggerCancelBlock": "",
        "moveProperties": "Throw",
        "moveType": "Normal Throws"
      },
      "Somersault Throw": {
        "moveCommand": "",
        "startUpFrames": "5",
        "activeFrames": "3",
        "recoveryFrames": "17",
        "framesOnHit": "",
        "framesOnBlock": "",
        "vTriggerCancelHit": "",
        "vTriggerCancelBlock": "",
        "moveProperties": "Throw",
        "moveType": "Normal Throws"
      }
    }
  }
}
