{
  "Sagat": {
    "Fireball": "Tiger Shot",
    "DP": "Tiger Uppercut",
    "Normal Moves": {
      "Standing LP": {
        "moveCommand": "",
        "startUpFrames": "4",
        "activeFrames": "3",
        "recoveryFrames": "10",
        "framesOnHit": "5",
        "framesOnBlock": "4",
        "vTriggerCancelHit": "5",
        "vTriggerCancelBlock": "4",
        "moveProperties": "High",
        "moveType": "Normal Moves"
      },
      "Standing MP": {
        "moveCommand": "",
        "startUpFrames": "6",
        "activeFrames": "2",
        "recoveryFrames": "15",
        "framesOnHit": "7",
        "framesOnBlock": "3",
        "vTriggerCancelHit": "13",
        "vTriggerCancelBlock": "9",
        "moveProperties": "High",
        "moveType": "Normal Moves"
      },
      "Standing HP": {
        "moveCommand": "",
        "startUpFrames": "13",
        "activeFrames": "3",
        "recoveryFrames": "20(*18)",
        "framesOnHit": "4",
        "framesOnBlock": "-2",
        "vTriggerCancelHit": "16",
        "vTriggerCancelBlock": "10",
        "moveProperties": "High",
        "moveType": "Normal Moves"
      },
      "Standing LK": {
        "moveCommand": "",
        "startUpFrames": "5",
        "activeFrames": "3",
        "recoveryFrames": "10",
        "framesOnHit": "2",
        "framesOnBlock": "1",
        "vTriggerCancelHit": "3",
        "vTriggerCancelBlock": "2",
        "moveProperties": "High",
        "moveType": "Normal Moves"
      },
      "Standing MK": {
        "moveCommand": "",
        "startUpFrames": "11",
        "activeFrames": "3",
        "recoveryFrames": "16",
        "framesOnHit": "2",
        "framesOnBlock": "-2",
        "vTriggerCancelHit": "10",
        "vTriggerCancelBlock": "6",
        "moveProperties": "High",
        "moveType": "Normal Moves"
      },
      "Standing HK": {
        "moveCommand": "",
        "startUpFrames": "8",
        "activeFrames": "4",
        "recoveryFrames": "17(*21)",
        "framesOnHit": "8",
        "framesOnBlock": "-1",
        "vTriggerCancelHit": "19/17",
        "vTriggerCancelBlock": "12/8",
        "moveProperties": "High",
        "moveType": "Normal Moves"
      },
      "Crouching LP": {
        "moveCommand": "",
        "startUpFrames": "4",
        "activeFrames": "2",
        "recoveryFrames": "11",
        "framesOnHit": "3",
        "framesOnBlock": "1",
        "vTriggerCancelHit": "5",
        "vTriggerCancelBlock": "3",
        "moveProperties": "High",
        "moveType": "Normal Moves"
      },
      "Crouching MP": {
        "moveCommand": "",
        "startUpFrames": "7",
        "activeFrames": "3",
        "recoveryFrames": "15(*14)",
        "framesOnHit": "3",
        "framesOnBlock": "1",
        "vTriggerCancelHit": "12",
        "vTriggerCancelBlock": "10",
        "moveProperties": "High",
        "moveType": "Normal Moves"
      },
      "Crouching HP": {
        "moveCommand": "",
        "startUpFrames": "10",
        "activeFrames": "4",
        "recoveryFrames": "18",
        "framesOnHit": "2",
        "framesOnBlock": "-1",
        "vTriggerCancelHit": "13",
        "vTriggerCancelBlock": "10",
        "moveProperties": "High",
        "moveType": "Normal Moves"
      },
      "Crouching LK": {
        "moveCommand": "",
        "startUpFrames": "5",
        "activeFrames": "3",
        "recoveryFrames": "9",
        "framesOnHit": "3",
        "framesOnBlock": "2",
        "vTriggerCancelHit": "4",
        "vTriggerCancelBlock": "3",
        "moveProperties": "Low",
        "moveType": "Normal Moves"
      },
      "Crouching MK": {
        "moveCommand": "",
        "startUpFrames": "9",
        "activeFrames": "3",
        "recoveryFrames": "16",
        "framesOnHit": "1",
        "framesOnBlock": "-4",
        "vTriggerCancelHit": "8",
        "vTriggerCancelBlock": "3",
        "moveProperties": "Low",
        "moveType": "Normal Moves"
      },
      "Crouching HK": {
        "moveCommand": "",
        "startUpFrames": "12",
        "activeFrames": "2",
        "recoveryFrames": "23",
        "framesOnHit": "D",
        "framesOnBlock": "-14",
        "vTriggerCancelHit": "D",
        "vTriggerCancelBlock": "0",
        "moveProperties": "Low",
        "moveType": "Normal Moves"
      },
      "Jumping LP": {
        "moveCommand": "",
        "startUpFrames": "5",
        "activeFrames": "4",
        "recoveryFrames": "",
        "framesOnHit": "",
        "framesOnBlock": "",
        "vTriggerCancelHit": "",
        "vTriggerCancelBlock": "",
        "moveProperties": "Mid",
        "moveType": "Normal Moves"
      },
      "Jumping MP": {
        "moveCommand": "",
        "startUpFrames": "5",
        "activeFrames": "4",
        "recoveryFrames": "",
        "framesOnHit": "",
        "framesOnBlock": "",
        "vTriggerCancelHit": "",
        "vTriggerCancelBlock": "",
        "moveProperties": "Mid/High",
        "moveType": "Normal Moves"
      },
      "Jumping HP": {
        "moveCommand": "",
        "startUpFrames": "9",
        "activeFrames": "4",
        "recoveryFrames": "",
        "framesOnHit": "",
        "framesOnBlock": "",
        "vTriggerCancelHit": "",
        "vTriggerCancelBlock": "",
        "moveProperties": "Mid",
        "moveType": "Normal Moves"
      },
      "Jumping LK": {
        "moveCommand": "",
        "startUpFrames": "4",
        "activeFrames": "6",
        "recoveryFrames": "",
        "framesOnHit": "",
        "framesOnBlock": "",
        "vTriggerCancelHit": "",
        "vTriggerCancelBlock": "",
        "moveProperties": "Mid",
        "moveType": "Normal Moves"
      },
      "Jumping MK": {
        "moveCommand": "",
        "startUpFrames": "6",
        "activeFrames": "6",
        "recoveryFrames": "",
        "framesOnHit": "",
        "framesOnBlock": "",
        "vTriggerCancelHit": "",
        "vTriggerCancelBlock": "",
        "moveProperties": "Mid",
        "moveType": "Normal Moves"
      },
      "Jumping HK": {
        "moveCommand": "",
        "startUpFrames": "12",
        "activeFrames": "5",
        "recoveryFrames": "",
        "framesOnHit": "",
        "framesOnBlock": "",
        "vTriggerCancelHit": "",
        "vTriggerCancelBlock": "",
        "moveProperties": "Mid",
        "moveType": "Normal Moves"
      }
    },
    "Special Moves": {
      "Tiger Heavy Elbow": {
        "moveCommand": "Forward Fierce",
        "startUpFrames": "24",
        "activeFrames": "2",
        "recoveryFrames": "21",
        "framesOnHit": "1",
        "framesOnBlock": "-7",
        "vTriggerCancelHit": "",
        "vTriggerCancelBlock": "",
        "moveProperties": "Mid",
        "moveType": "Special Moves"
      },
      "Step High Kick": {
        "moveCommand": "Forward Roundhouse",
        "startUpFrames": "16",
        "activeFrames": "3",
        "recoveryFrames": "22(*23)",
        "framesOnHit": "5",
        "framesOnBlock": "3",
        "vTriggerCancelHit": "15",
        "vTriggerCancelBlock": "13",
        "moveProperties": "High",
        "moveType": "Special Moves"
      },
      "Step Low Kick": {
        "moveCommand": "Forward Forward",
        "startUpFrames": "19",
        "activeFrames": "2",
        "recoveryFrames": "23",
        "framesOnHit": "3",
        "framesOnBlock": "-2",
        "vTriggerCancelHit": "",
        "vTriggerCancelBlock": "",
        "moveProperties": "Low",
        "moveType": "Special Moves"
      },
      "L Tiger Shot": {
        "moveCommand": "",
        "startUpFrames": "13",
        "activeFrames": "",
        "recoveryFrames": "40 total frames",
        "framesOnHit": "2",
        "framesOnBlock": "1",
        "vTriggerCancelHit": "27",
        "vTriggerCancelBlock": "26",
        "moveProperties": "High",
        "moveType": "Special Moves"
      },
      "M Tiger Shot": {
        "moveCommand": "",
        "startUpFrames": "13",
        "activeFrames": "",
        "recoveryFrames": "40 total frames",
        "framesOnHit": "2",
        "framesOnBlock": "1",
        "vTriggerCancelHit": "27",
        "vTriggerCancelBlock": "26",
        "moveProperties": "High",
        "moveType": "Special Moves"
      },
      "H Tiger Shot": {
        "moveCommand": "",
        "startUpFrames": "13",
        "activeFrames": "",
        "recoveryFrames": "40 total frames",
        "framesOnHit": "2",
        "framesOnBlock": "1",
        "vTriggerCancelHit": "27",
        "vTriggerCancelBlock": "26",
        "moveProperties": "High",
        "moveType": "Special Moves"
      },
      "EX Tiger Shot": {
        "moveCommand": "",
        "startUpFrames": "11",
        "activeFrames": "",
        "recoveryFrames": "38 total frames",
        "framesOnHit": "D",
        "framesOnBlock": "6",
        "vTriggerCancelHit": "D",
        "vTriggerCancelBlock": "29",
        "moveProperties": "High",
        "moveType": "Special Moves"
      },
      "L Grand Tiger Shot": {
        "moveCommand": "",
        "startUpFrames": "13",
        "activeFrames": "",
        "recoveryFrames": "44 total frames",
        "framesOnHit": "0",
        "framesOnBlock": "-4",
        "vTriggerCancelHit": "27",
        "vTriggerCancelBlock": "23",
        "moveProperties": "High",
        "moveType": "Special Moves"
      },
      "M Grand Tiger Shot": {
        "moveCommand": "",
        "startUpFrames": "13",
        "activeFrames": "",
        "recoveryFrames": "44 total frames",
        "framesOnHit": "0",
        "framesOnBlock": "-4",
        "vTriggerCancelHit": "27",
        "vTriggerCancelBlock": "23",
        "moveProperties": "High",
        "moveType": "Special Moves"
      },
      "H Grand Tiger Shot": {
        "moveCommand": "",
        "startUpFrames": "13",
        "activeFrames": "",
        "recoveryFrames": "44 total frames",
        "framesOnHit": "0",
        "framesOnBlock": "-4",
        "vTriggerCancelHit": "27",
        "vTriggerCancelBlock": "23",
        "moveProperties": "High",
        "moveType": "Special Moves"
      },
      "EX Grand Tiger Shot": {
        "moveCommand": "",
        "startUpFrames": "11",
        "activeFrames": "",
        "recoveryFrames": "42 total frames",
        "framesOnHit": "D",
        "framesOnBlock": "-2",
        "vTriggerCancelHit": "D",
        "vTriggerCancelBlock": "25",
        "moveProperties": "High",
        "moveType": "Special Moves"
      },
      "L Tiger Uppercut": {
        "moveCommand": "",
        "startUpFrames": "4",
        "activeFrames": "9",
        "recoveryFrames": "48",
        "framesOnHit": "D",
        "framesOnBlock": "-39",
        "vTriggerCancelHit": "",
        "vTriggerCancelBlock": "",
        "moveProperties": "High",
        "moveType": "Special Moves"
      },
      "M Tiger Uppercut": {
        "moveCommand": "",
        "startUpFrames": "6",
        "activeFrames": "9",
        "recoveryFrames": "48",
        "framesOnHit": "D",
        "framesOnBlock": "-39",
        "vTriggerCancelHit": "",
        "vTriggerCancelBlock": "",
        "moveProperties": "High",
        "moveType": "Special Moves"
      },
      "H Tiger Uppercut": {
        "moveCommand": "",
        "startUpFrames": "8",
        "activeFrames": "9",
        "recoveryFrames": "48",
        "framesOnHit": "D",
        "framesOnBlock": "-39",
        "vTriggerCancelHit": "",
        "vTriggerCancelBlock": "",
        "moveProperties": "High",
        "moveType": "Special Moves"
      },
      "L Tiger Uppercut V-Skill 1 Version": {
        "moveCommand": "",
        "startUpFrames": "4",
        "activeFrames": "9",
        "recoveryFrames": "43",
        "framesOnHit": "D",
        "framesOnBlock": "-34",
        "vTriggerCancelHit": "",
        "vTriggerCancelBlock": "",
        "moveProperties": "High",
        "moveType": "Special Moves"
      },
      "M Tiger Uppercut V-Skill 1 Version": {
        "moveCommand": "",
        "startUpFrames": "6",
        "activeFrames": "9",
        "recoveryFrames": "43",
        "framesOnHit": "D",
        "framesOnBlock": "-34",
        "vTriggerCancelHit": "",
        "vTriggerCancelBlock": "",
        "moveProperties": "High",
        "moveType": "Special Moves"
      },
      "H Tiger Uppercut V-Skill 1 Version": {
        "moveCommand": "",
        "startUpFrames": "8",
        "activeFrames": "9",
        "recoveryFrames": "43",
        "framesOnHit": "D",
        "framesOnBlock": "-34",
        "vTriggerCancelHit": "",
        "vTriggerCancelBlock": "",
        "moveProperties": "High",
        "moveType": "Special Moves"
      },
      "EX Tiger Uppercut": {
        "moveCommand": "",
        "startUpFrames": "4",
        "activeFrames": "9",
        "recoveryFrames": "52",
        "framesOnHit": "D",
        "framesOnBlock": "-36",
        "vTriggerCancelHit": "",
        "vTriggerCancelBlock": "",
        "moveProperties": "High",
        "moveType": "Special Moves"
      },
      "EX Tiger Uppercut V-Skill 1 Version": {
        "moveCommand": "",
        "startUpFrames": "4",
        "activeFrames": "9",
        "recoveryFrames": "52",
        "framesOnHit": "D",
        "framesOnBlock": "-36",
        "vTriggerCancelHit": "",
        "vTriggerCancelBlock": "",
        "moveProperties": "High",
        "moveType": "Special Moves"
      },
      "L Tiger Knee Crush": {
        "moveCommand": "",
        "startUpFrames": "12",
        "activeFrames": "7",
        "recoveryFrames": "21(*23)",
        "framesOnHit": "D",
        "framesOnBlock": "-6",
        "vTriggerCancelHit": "",
        "vTriggerCancelBlock": "",
        "moveProperties": "High",
        "moveType": "Special Moves"
      },
      "M Tiger Knee Crush": {
        "moveCommand": "",
        "startUpFrames": "14",
        "activeFrames": "9",
        "recoveryFrames": "18(*20)",
        "framesOnHit": "D",
        "framesOnBlock": "-9",
        "vTriggerCancelHit": "",
        "vTriggerCancelBlock": "",
        "moveProperties": "High",
        "moveType": "Special Moves"
      },
      "H Tiger Knee Crush": {
        "moveCommand": "",
        "startUpFrames": "20",
        "activeFrames": "11",
        "recoveryFrames": "17(*21)",
        "framesOnHit": "D",
        "framesOnBlock": "-7",
        "vTriggerCancelHit": "",
        "vTriggerCancelBlock": "",
        "moveProperties": "High",
        "moveType": "Special Moves"
      },
      "L Tiger Knee Crush V-Skill 2 Version": {
        "moveCommand": "",
        "startUpFrames": "12",
        "activeFrames": "7",
        "recoveryFrames": "19(*23)",
        "framesOnHit": "D",
        "framesOnBlock": "0",
        "vTriggerCancelHit": "",
        "vTriggerCancelBlock": "",
        "moveProperties": "High",
        "moveType": "Special Moves"
      },
      "M Tiger Knee Crush V-Skill 2 Version": {
        "moveCommand": "",
        "startUpFrames": "14",
        "activeFrames": "9",
        "recoveryFrames": "16(*20)",
        "framesOnHit": "D",
        "framesOnBlock": "-4",
        "vTriggerCancelHit": "",
        "vTriggerCancelBlock": "",
        "moveProperties": "High",
        "moveType": "Special Moves"
      },
      "H Tiger Knee Crush V-Skill 2 Version": {
        "moveCommand": "",
        "startUpFrames": "20",
        "activeFrames": "11",
        "recoveryFrames": "15(*21)",
        "framesOnHit": "D",
        "framesOnBlock": "-2",
        "vTriggerCancelHit": "",
        "vTriggerCancelBlock": "",
        "moveProperties": "High",
        "moveType": "Special Moves"
      },
      "EX Tiger Knee Crush": {
        "moveCommand": "",
        "startUpFrames": "14",
        "activeFrames": "9",
        "recoveryFrames": "18",
        "framesOnHit": "D",
        "framesOnBlock": "-4",
        "vTriggerCancelHit": "",
        "vTriggerCancelBlock": "",
        "moveProperties": "High",
        "moveType": "Special Moves"
      },
      "EX Tiger Knee Crush V-Skill 2 Version": {
        "moveCommand": "",
        "startUpFrames": "14",
        "activeFrames": "9",
        "recoveryFrames": "16",
        "framesOnHit": "D",
        "framesOnBlock": "0",
        "vTriggerCancelHit": "",
        "vTriggerCancelBlock": "",
        "moveProperties": "High",
        "moveType": "Special Moves"
      },
      "Tiger Cannon": {
        "moveCommand": "",
        "startUpFrames": "17",
        "activeFrames": "",
        "recoveryFrames": "49 total frames",
        "framesOnHit": "D",
        "framesOnBlock": "10",
        "vTriggerCancelHit": "",
        "vTriggerCancelBlock": "",
        "moveProperties": "High",
        "moveType": "Special Moves"
      },
      "Tiger Spike Level 1": {
        "moveCommand": "",
        "startUpFrames": "14",
        "activeFrames": "2",
        "recoveryFrames": "29",
        "framesOnHit": "D",
        "framesOnBlock": "-8",
        "vTriggerCancelHit": "",
        "vTriggerCancelBlock": "",
        "moveProperties": "High",
        "moveType": "Special Moves"
      },
      "Tiger Spike Level 2": {
        "moveCommand": "",
        "startUpFrames": "24",
        "activeFrames": "2",
        "recoveryFrames": "20",
        "framesOnHit": "D",
        "framesOnBlock": "-6",
        "vTriggerCancelHit": "",
        "vTriggerCancelBlock": "",
        "moveProperties": "High",
        "moveType": "Special Moves"
      },
      "Tiger Spike Level 3": {
        "moveCommand": "",
        "startUpFrames": "50",
        "activeFrames": "2",
        "recoveryFrames": "19",
        "framesOnHit": "D",
        "framesOnBlock": "GB",
        "vTriggerCancelHit": "",
        "vTriggerCancelBlock": "",
        "moveProperties": "High",
        "moveType": "Special Moves"
      },
      "Tiger Rush": {
        "moveCommand": "",
        "startUpFrames": "13",
        "activeFrames": "5",
        "recoveryFrames": "19",
        "framesOnHit": "D",
        "framesOnBlock": "-6",
        "vTriggerCancelHit": "",
        "vTriggerCancelBlock": "",
        "moveProperties": "High",
        "moveType": "Special Moves"
      }
    },
    "Critical Art": {
      "Tiger Rampage": {
        "moveCommand": "",
        "startUpFrames": "1+6",
        "activeFrames": "6",
        "recoveryFrames": "61",
        "framesOnHit": "D",
        "framesOnBlock": "-42",
        "vTriggerCancelHit": "",
        "vTriggerCancelBlock": "",
        "moveProperties": "High",
        "moveType": "Critical Art"
      }
    },
    "V-System": {
      "[VS1] Angry Charge": {
        "moveCommand": "",
        "startUpFrames": "",
        "activeFrames": "",
        "recoveryFrames": "50 total frames",
        "framesOnHit": "",
        "framesOnBlock": "",
        "vTriggerCancelHit": "",
        "vTriggerCancelBlock": "",
        "moveProperties": "",
        "moveType": "V-System"
      },
      "[VS2] Hanuman Charge": {
        "moveCommand": "",
        "startUpFrames": "",
        "activeFrames": "",
        "recoveryFrames": "50 total frames",
        "framesOnHit": "",
        "framesOnBlock": "",
        "vTriggerCancelHit": "",
        "vTriggerCancelBlock": "",
        "moveProperties": "",
        "moveType": "V-System"
      },
      "Tiger Charge": {
        "moveCommand": "",
        "startUpFrames": "1",
        "activeFrames": "",
        "recoveryFrames": "4",
        "framesOnHit": "",
        "framesOnBlock": "",
        "vTriggerCancelHit": "",
        "vTriggerCancelBlock": "",
        "moveProperties": "",
        "moveType": "V-System"
      },
      "Tiger Revenge": {
        "moveCommand": "",
        "startUpFrames": "17",
        "activeFrames": "2",
        "recoveryFrames": "24",
        "framesOnHit": "D",
        "framesOnBlock": "-2",
        "vTriggerCancelHit": "",
        "vTriggerCancelBlock": "",
        "moveProperties": "High",
        "moveType": "V-System"
      },
      "Tiger Assault": {
        "moveCommand": "",
        "startUpFrames": "1",
        "activeFrames": "",
        "recoveryFrames": "4",
        "framesOnHit": "",
        "framesOnBlock": "",
        "vTriggerCancelHit": "",
        "vTriggerCancelBlock": "",
        "moveProperties": "",
        "moveType": "V-System"
      }
    },
    "Normal Throws": {
      "Tiger Hang": {
        "moveCommand": "",
        "startUpFrames": "5",
        "activeFrames": "3",
        "recoveryFrames": "17",
        "framesOnHit": "",
        "framesOnBlock": "",
        "vTriggerCancelHit": "",
        "vTriggerCancelBlock": "",
        "moveProperties": "Throw",
        "moveType": "Normal Throws"
      },
      "Tiger Swing": {
        "moveCommand": "",
        "startUpFrames": "5",
        "activeFrames": "3",
        "recoveryFrames": "17",
        "framesOnHit": "",
        "framesOnBlock": "",
        "vTriggerCancelHit": "",
        "vTriggerCancelBlock": "",
        "moveProperties": "Throw",
        "moveType": "Normal Throws"
      }
    }
  }
}
