{
    "Sakura": {
        "DP": "Shouoken",
        "Fireball": "Hadoken",
        "Tatsu": "Shunpukyaku",
        "Normal Moves": {
            "Standing LP": {
                "moveCommand": "",
                "startUpFrames": "4",
                "activeFrames": "3",
                "recoveryFrames": "8",
                "framesOnHit": "4",
                "framesOnBlock": "2",
                "vTriggerCancelHit": "2",
                "vTriggerCancelBlock": "0",
                "moveProperties": "High",
                "moveType": "Normal Moves"
            },
            "Standing MP": {
                "moveCommand": "",
                "startUpFrames": "5",
                "activeFrames": "3",
                "recoveryFrames": "13",
                "framesOnHit": "7",
                "framesOnBlock": "3",
                "vTriggerCancelHit": "11",
                "vTriggerCancelBlock": "7",
                "moveProperties": "High",
                "moveType": "Normal Moves"
            },
            "Standing HP": {
                "moveCommand": "",
                "startUpFrames": "9",
                "activeFrames": "3",
                "recoveryFrames": "21",
                "framesOnHit": "3",
                "framesOnBlock": "-2",
                "vTriggerCancelHit": "11",
                "vTriggerCancelBlock": "6",
                "moveProperties": "High",
                "moveType": "Normal Moves"
            },
            "Standing LK": {
                "moveCommand": "",
                "startUpFrames": "4",
                "activeFrames": "3",
                "recoveryFrames": "12",
                "framesOnHit": "-1",
                "framesOnBlock": "-2",
                "vTriggerCancelHit": "2",
                "vTriggerCancelBlock": "1",
                "moveProperties": "High",
                "moveType": "Normal Moves"
            },
            "Standing MK": {
                "moveCommand": "",
                "startUpFrames": "8",
                "activeFrames": "3",
                "recoveryFrames": "17(*15)",
                "framesOnHit": "3",
                "framesOnBlock": "1",
                "vTriggerCancelHit": "11",
                "vTriggerCancelBlock": "9",
                "moveProperties": "High",
                "moveType": "Normal Moves"
            },
            "Standing HK": {
                "moveCommand": "",
                "startUpFrames": "12",
                "activeFrames": "2",
                "recoveryFrames": "26",
                "framesOnHit": "1",
                "framesOnBlock": "-4",
                "vTriggerCancelHit": "8",
                "vTriggerCancelBlock": "3",
                "moveProperties": "High",
                "moveType": "Normal Moves"
            },
            "Crouching LP": {
                "moveCommand": "",
                "startUpFrames": "3",
                "activeFrames": "2",
                "recoveryFrames": "9",
                "framesOnHit": "3",
                "framesOnBlock": "1",
                "vTriggerCancelHit": "2",
                "vTriggerCancelBlock": "0",
                "moveProperties": "High",
                "moveType": "Normal Moves"
            },
            "Crouching MP": {
                "moveCommand": "",
                "startUpFrames": "6",
                "activeFrames": "4",
                "recoveryFrames": "13",
                "framesOnHit": "5",
                "framesOnBlock": "2",
                "vTriggerCancelHit": "9",
                "vTriggerCancelBlock": "6",
                "moveProperties": "High",
                "moveType": "Normal Moves"
            },
            "Crouching HP": {
                "moveCommand": "",
                "startUpFrames": "8",
                "activeFrames": "5",
                "recoveryFrames": "23",
                "framesOnHit": "-2",
                "framesOnBlock": "-5",
                "vTriggerCancelHit": "7",
                "vTriggerCancelBlock": "4",
                "moveProperties": "High",
                "moveType": "Normal Moves"
            },
            "Crouching LK": {
                "moveCommand": "",
                "startUpFrames": "4",
                "activeFrames": "2",
                "recoveryFrames": "8",
                "framesOnHit": "3",
                "framesOnBlock": "0",
                "vTriggerCancelHit": "1",
                "vTriggerCancelBlock": "-2",
                "moveProperties": "Low",
                "moveType": "Normal Moves"
            },
            "Crouching MK": {
                "moveCommand": "",
                "startUpFrames": "6",
                "activeFrames": "2",
                "recoveryFrames": "14",
                "framesOnHit": "2",
                "framesOnBlock": "-3",
                "vTriggerCancelHit": "6",
                "vTriggerCancelBlock": "1",
                "moveProperties": "Low",
                "moveType": "Normal Moves"
            },
            "Crouching HK": {
                "moveCommand": "",
                "startUpFrames": "8",
                "activeFrames": "2",
                "recoveryFrames": "25",
                "framesOnHit": "D",
                "framesOnBlock": "-13",
                "vTriggerCancelHit": "D",
                "vTriggerCancelBlock": "0",
                "moveProperties": "Low",
                "moveType": "Normal Moves"
            },
            "Jumping LP": {
                "moveCommand": "",
                "startUpFrames": "4",
                "activeFrames": "6",
                "recoveryFrames": "",
                "framesOnHit": "",
                "framesOnBlock": "",
                "vTriggerCancelHit": "",
                "vTriggerCancelBlock": "",
                "moveProperties": "Mid",
                "moveType": "Normal Moves"
            },
            "Jumping MP": {
                "moveCommand": "",
                "startUpFrames": "6",
                "activeFrames": "7",
                "recoveryFrames": "",
                "framesOnHit": "",
                "framesOnBlock": "",
                "vTriggerCancelHit": "",
                "vTriggerCancelBlock": "",
                "moveProperties": "Mid",
                "moveType": "Normal Moves"
            },
            "Jumping HP": {
                "moveCommand": "",
                "startUpFrames": "8",
                "activeFrames": "5",
                "recoveryFrames": "",
                "framesOnHit": "",
                "framesOnBlock": "",
                "vTriggerCancelHit": "",
                "vTriggerCancelBlock": "",
                "moveProperties": "Mid",
                "moveType": "Normal Moves"
            },
            "Jumping LK": {
                "moveCommand": "",
                "startUpFrames": "4",
                "activeFrames": "8",
                "recoveryFrames": "",
                "framesOnHit": "",
                "framesOnBlock": "",
                "vTriggerCancelHit": "",
                "vTriggerCancelBlock": "",
                "moveProperties": "Mid",
                "moveType": "Normal Moves"
            },
            "Jumping MK": {
                "moveCommand": "",
                "startUpFrames": "7",
                "activeFrames": "5",
                "recoveryFrames": "",
                "framesOnHit": "",
                "framesOnBlock": "",
                "vTriggerCancelHit": "",
                "vTriggerCancelBlock": "",
                "moveProperties": "Mid",
                "moveType": "Normal Moves"
            },
            "Jumping HK": {
                "moveCommand": "",
                "startUpFrames": "10",
                "activeFrames": "5",
                "recoveryFrames": "",
                "framesOnHit": "",
                "framesOnBlock": "",
                "vTriggerCancelHit": "",
                "vTriggerCancelBlock": "",
                "moveProperties": "Mid",
                "moveType": "Normal Moves"
            }
        },
        "Special Moves": {
            "Floral Kick": {
                "moveCommand": "Forward Forward",
                "startUpFrames": "21",
                "activeFrames": "2",
                "recoveryFrames": "23",
                "framesOnHit": "1",
                "framesOnBlock": "-7",
                "vTriggerCancelHit": "",
                "vTriggerCancelBlock": "",
                "moveProperties": "Mid",
                "moveType": "Special Moves"
            },
            "Furiko Upper": {
                "moveCommand": "Back Fierce",
                "startUpFrames": "7",
                "activeFrames": "3",
                "recoveryFrames": "26",
                "framesOnHit": "-4",
                "framesOnBlock": "-7",
                "vTriggerCancelHit": "13",
                "vTriggerCancelBlock": "10",
                "moveProperties": "High",
                "moveType": "Special Moves"
            },
            "Chin Buster Kick": {
                "moveCommand": "Down forward Roundhouse",
                "startUpFrames": "12",
                "activeFrames": "3",
                "recoveryFrames": "20",
                "framesOnHit": "4",
                "framesOnBlock": "2",
                "vTriggerCancelHit": "15",
                "vTriggerCancelBlock": "13",
                "moveProperties": "High",
                "moveType": "Special Moves"
            },
            "L Hadoken": {
                "moveCommand": "",
                "startUpFrames": "15",
                "activeFrames": "42",
                "recoveryFrames": "48 total frames",
                "framesOnHit": "-2",
                "framesOnBlock": "-8",
                "vTriggerCancelHit": "",
                "vTriggerCancelBlock": "",
                "moveProperties": "High",
                "moveType": "Special Moves"
            },
            "M Hadoken": {
                "moveCommand": "",
                "startUpFrames": "15",
                "activeFrames": "49",
                "recoveryFrames": "48 total frames",
                "framesOnHit": "-2",
                "framesOnBlock": "-8",
                "vTriggerCancelHit": "",
                "vTriggerCancelBlock": "",
                "moveProperties": "High",
                "moveType": "Special Moves"
            },
            "H Hadoken": {
                "moveCommand": "",
                "startUpFrames": "15",
                "activeFrames": "56",
                "recoveryFrames": "48 total frames",
                "framesOnHit": "-2",
                "framesOnBlock": "-8",
                "vTriggerCancelHit": "",
                "vTriggerCancelBlock": "",
                "moveProperties": "High",
                "moveType": "Special Moves"
            },
            "Hadoken (Charge)": {
                "moveCommand": "",
                "startUpFrames": "41",
                "activeFrames": "",
                "recoveryFrames": "71 total frames",
                "framesOnHit": "D",
                "framesOnBlock": "3",
                "vTriggerCancelHit": "",
                "vTriggerCancelBlock": "",
                "moveProperties": "High",
                "moveType": "Special Moves"
            },
            "V-Hadoken": {
                "moveCommand": "",
                "startUpFrames": "14",
                "activeFrames": "",
                "recoveryFrames": "42 total frames",
                "framesOnHit": "D",
                "framesOnBlock": "1",
                "vTriggerCancelHit": "",
                "vTriggerCancelBlock": "",
                "moveProperties": "High",
                "moveType": "Special Moves"
            },
            "V-Hadoken (Charge)": {
                "moveCommand": "",
                "startUpFrames": "33",
                "activeFrames": "",
                "recoveryFrames": "60 total frames",
                "framesOnHit": "D",
                "framesOnBlock": "10",
                "vTriggerCancelHit": "",
                "vTriggerCancelBlock": "",
                "moveProperties": "High",
                "moveType": "Special Moves"
            },
            "EX Hadoken": {
                "moveCommand": "",
                "startUpFrames": "14",
                "activeFrames": "",
                "recoveryFrames": "45 total frames",
                "framesOnHit": "D",
                "framesOnBlock": "1",
                "vTriggerCancelHit": "D",
                "vTriggerCancelBlock": "18",
                "moveProperties": "High",
                "moveType": "Special Moves"
            },
            "Tengyo Hadoken": {
                "moveCommand": "",
                "startUpFrames": "17",
                "activeFrames": "27",
                "recoveryFrames": "45 total frames",
                "framesOnHit": "D",
                "framesOnBlock": "4",
                "vTriggerCancelHit": "",
                "vTriggerCancelBlock": "",
                "moveProperties": "High",
                "moveType": "Special Moves"
            },
            "Tengyo Hadoken (Charge)": {
                "moveCommand": "",
                "startUpFrames": "39",
                "activeFrames": "34",
                "recoveryFrames": "75 total frames",
                "framesOnHit": "D",
                "framesOnBlock": "1",
                "vTriggerCancelHit": "",
                "vTriggerCancelBlock": "",
                "moveProperties": "High",
                "moveType": "Special Moves"
            },
            "V-Tengyo Hadoken": {
                "moveCommand": "",
                "startUpFrames": "15",
                "activeFrames": "34",
                "recoveryFrames": "45 total frames",
                "framesOnHit": "D",
                "framesOnBlock": "9",
                "vTriggerCancelHit": "",
                "vTriggerCancelBlock": "",
                "moveProperties": "High",
                "moveType": "Special Moves"
            },
            "V-Tengyo Hadoken (Charge)": {
                "moveCommand": "",
                "startUpFrames": "31",
                "activeFrames": "34",
                "recoveryFrames": "55 total frames",
                "framesOnHit": "D",
                "framesOnBlock": "13",
                "vTriggerCancelHit": "",
                "vTriggerCancelBlock": "",
                "moveProperties": "High",
                "moveType": "Special Moves"
            },
            "EX Tengyo Hadoken": {
                "moveCommand": "",
                "startUpFrames": "15",
                "activeFrames": "34",
                "recoveryFrames": "45 total frames",
                "framesOnHit": "D",
                "framesOnBlock": "-1",
                "vTriggerCancelHit": "D",
                "vTriggerCancelBlock": "9",
                "moveProperties": "High",
                "moveType": "Special Moves"
            },
            "L Shouoken": {
                "moveCommand": "",
                "startUpFrames": "4",
                "activeFrames": "7",
                "recoveryFrames": "26+18 frame(s) after landing",
                "framesOnHit": "D",
                "framesOnBlock": "-31",
                "vTriggerCancelHit": "",
                "vTriggerCancelBlock": "",
                "moveProperties": "High",
                "moveType": "Special Moves"
            },
            "M Shouoken": {
                "moveCommand": "",
                "startUpFrames": "9",
                "activeFrames": "7",
                "recoveryFrames": "28+18 frame(s) after landing",
                "framesOnHit": "D",
                "framesOnBlock": "-32",
                "vTriggerCancelHit": "",
                "vTriggerCancelBlock": "",
                "moveProperties": "High",
                "moveType": "Special Moves"
            },
            "H Shouoken": {
                "moveCommand": "",
                "startUpFrames": "14",
                "activeFrames": "12",
                "recoveryFrames": "34+18 frame(s) after landing",
                "framesOnHit": "D",
                "framesOnBlock": "-37",
                "vTriggerCancelHit": "",
                "vTriggerCancelBlock": "",
                "moveProperties": "High",
                "moveType": "Special Moves"
            },
            "EX Shouoken": {
                "moveCommand": "",
                "startUpFrames": "4",
                "activeFrames": "18",
                "recoveryFrames": "36+21 frame(s) after landing",
                "framesOnHit": "D",
                "framesOnBlock": "-45",
                "vTriggerCancelHit": "",
                "vTriggerCancelBlock": "",
                "moveProperties": "High",
                "moveType": "Special Moves"
            },
            "L Shunpukyaku": {
                "moveCommand": "",
                "startUpFrames": "17",
                "activeFrames": "2",
                "recoveryFrames": "13+9 frame(s) after landing",
                "framesOnHit": "1",
                "framesOnBlock": "-2",
                "vTriggerCancelHit": "",
                "vTriggerCancelBlock": "",
                "moveProperties": "High",
                "moveType": "Special Moves"
            },
            "M Shunpukyaku": {
                "moveCommand": "",
                "startUpFrames": "21",
                "activeFrames": "4",
                "recoveryFrames": "10+14 frame(s) after landing",
                "framesOnHit": "3",
                "framesOnBlock": "-6",
                "vTriggerCancelHit": "",
                "vTriggerCancelBlock": "",
                "moveProperties": "High",
                "moveType": "Special Moves"
            },
            "H Shunpukyaku": {
                "moveCommand": "",
                "startUpFrames": "24",
                "activeFrames": "6",
                "recoveryFrames": "8+14 frame(s) after landing",
                "framesOnHit": "2",
                "framesOnBlock": "-2",
                "vTriggerCancelHit": "",
                "vTriggerCancelBlock": "",
                "moveProperties": "High",
                "moveType": "Special Moves"
            },
            "EX Shunpukyaku": {
                "moveCommand": "",
                "startUpFrames": "15(*12)",
                "activeFrames": "6",
                "recoveryFrames": "4+18 frame(s) after landing",
                "framesOnHit": "",
                "framesOnBlock": "-2",
                "vTriggerCancelHit": "",
                "vTriggerCancelBlock": "",
                "moveProperties": "High",
                "moveType": "Special Moves"
            },
            "EX Shunpukyaku (Hit)": {
                "moveCommand": "",
                "startUpFrames": "15",
                "activeFrames": "11",
                "recoveryFrames": "23",
                "framesOnHit": "D",
                "framesOnBlock": "",
                "vTriggerCancelHit": "",
                "vTriggerCancelBlock": "",
                "moveProperties": "High",
                "moveType": "Special Moves"
            },
            "Airborne Shunpukyaku": {
                "moveCommand": "",
                "startUpFrames": "13",
                "activeFrames": "4",
                "recoveryFrames": "16 frame(s) after landing",
                "framesOnHit": "D",
                "framesOnBlock": "",
                "vTriggerCancelHit": "",
                "vTriggerCancelBlock": "",
                "moveProperties": "High",
                "moveType": "Special Moves"
            },
            "EX Airborne Shunpukyaku": {
                "moveCommand": "",
                "startUpFrames": "12",
                "activeFrames": "19",
                "recoveryFrames": "16 frame(s) after landing",
                "framesOnHit": "D",
                "framesOnBlock": "",
                "vTriggerCancelHit": "",
                "vTriggerCancelBlock": "",
                "moveProperties": "High",
                "moveType": "Special Moves"
            },
            "Hogasho": {
                "moveCommand": "",
                "startUpFrames": "21",
                "activeFrames": "7",
                "recoveryFrames": "22",
                "framesOnHit": "9",
                "framesOnBlock": "5",
                "vTriggerCancelHit": "",
                "vTriggerCancelBlock": "",
                "moveProperties": "High",
                "moveType": "Special Moves"
            },
            "V-Shouoken": {
                "moveCommand": "",
                "startUpFrames": "4",
                "activeFrames": "22",
                "recoveryFrames": "26+25 frame(s) after landing",
                "framesOnHit": "D",
                "framesOnBlock": "-33",
                "vTriggerCancelHit": "",
                "vTriggerCancelBlock": "",
                "moveProperties": "High",
                "moveType": "Special Moves"
            },
            "V-Shunpukyaku (Swish or Guard)": {
                "moveCommand": "",
                "startUpFrames": "12",
                "activeFrames": "6",
                "recoveryFrames": "4+22 frame(s) after landing",
                "framesOnHit": "",
                "framesOnBlock": "-10",
                "vTriggerCancelHit": "",
                "vTriggerCancelBlock": "",
                "moveProperties": "High",
                "moveType": "Special Moves"
            },
            "V-Shunpukyaku (Hit)": {
                "moveCommand": "",
                "startUpFrames": "12",
                "activeFrames": "11",
                "recoveryFrames": "29",
                "framesOnHit": "D",
                "framesOnBlock": "",
                "vTriggerCancelHit": "",
                "vTriggerCancelBlock": "",
                "moveProperties": "High",
                "moveType": "Special Moves"
            }
        },
        "Critical Art": {
            "Sakura Rain": {
                "moveCommand": "",
                "startUpFrames": "1+5",
                "activeFrames": "",
                "recoveryFrames": "77 total frames",
                "framesOnHit": "D",
                "framesOnBlock": "-23",
                "vTriggerCancelHit": "",
                "vTriggerCancelBlock": "",
                "moveProperties": "High",
                "moveType": "Critical Art"
            },
            "V-Sakura Rain": {
                "moveCommand": "",
                "startUpFrames": "1+5",
                "activeFrames": "",
                "recoveryFrames": "77 total frames",
                "framesOnHit": "D",
                "framesOnBlock": "-23",
                "vTriggerCancelHit": "",
                "vTriggerCancelBlock": "",
                "moveProperties": "High",
                "moveType": "Critical Art"
            }
        },
        "V-System": {
            "[VS1] Harukaze": {
                "moveCommand": "",
                "startUpFrames": "",
                "activeFrames": "",
                "recoveryFrames": "54+15 frame(s) after landing",
                "framesOnHit": "",
                "framesOnBlock": "",
                "vTriggerCancelHit": "",
                "vTriggerCancelBlock": "",
                "moveProperties": "",
                "moveType": "V-System"
            },
            "[VS1] Sakura Otoshi": {
                "moveCommand": "",
                "startUpFrames": "11",
                "activeFrames": "3",
                "recoveryFrames": "6 frame(s) after landing(*115)",
                "framesOnHit": "D",
                "framesOnBlock": "-2",
                "vTriggerCancelHit": "",
                "vTriggerCancelBlock": "",
                "moveProperties": "Mid",
                "moveType": "V-System"
            },
            "[VS1] Oukakyaku": {
                "moveCommand": "",
                "startUpFrames": "18",
                "activeFrames": "Until landing",
                "recoveryFrames": "11 frame(s) after landing",
                "framesOnHit": "3",
                "framesOnBlock": "-2",
                "vTriggerCancelHit": "",
                "vTriggerCancelBlock": "",
                "moveProperties": "High",
                "moveType": "V-System"
            },
            "[VS1] Kashinfu": {
                "moveCommand": "",
                "startUpFrames": "8",
                "activeFrames": "3",
                "recoveryFrames": "15 frame(s) after landing",
                "framesOnHit": "D",
                "framesOnBlock": "",
                "vTriggerCancelHit": "",
                "vTriggerCancelBlock": "",
                "moveProperties": "Throw",
                "moveType": "V-System"
            },
            "[VS2] Haru Hayate": {
                "moveCommand": "",
                "startUpFrames": "",
                "activeFrames": "",
                "recoveryFrames": "34 total frames",
                "framesOnHit": "",
                "framesOnBlock": "",
                "vTriggerCancelHit": "",
                "vTriggerCancelBlock": "",
                "moveProperties": "",
                "moveType": "V-System"
            },
            "[VS2] Haru Hayate (Attack)": {
                "moveCommand": "",
                "startUpFrames": "26",
                "activeFrames": "5",
                "recoveryFrames": "14+11 frame(s) after landing",
                "framesOnHit": "D",
                "framesOnBlock": "-7",
                "vTriggerCancelHit": "",
                "vTriggerCancelBlock": "",
                "moveProperties": "High",
                "moveType": "V-System"
            },
            "Haruarashi": {
                "moveCommand": "",
                "startUpFrames": "1",
                "activeFrames": "",
                "recoveryFrames": "5",
                "framesOnHit": "",
                "framesOnBlock": "",
                "vTriggerCancelHit": "",
                "vTriggerCancelBlock": "",
                "moveProperties": "",
                "moveType": "V-System"
            },
            "Floral Spin": {
                "moveCommand": "",
                "startUpFrames": "17",
                "activeFrames": "2",
                "recoveryFrames": "24(*27)",
                "framesOnHit": "D",
                "framesOnBlock": "-2",
                "vTriggerCancelHit": "",
                "vTriggerCancelBlock": "",
                "moveProperties": "High",
                "moveType": "V-System"
            },
            "Sakura Senpu": {
                "moveCommand": "",
                "startUpFrames": "1",
                "activeFrames": "",
                "recoveryFrames": "5",
                "framesOnHit": "",
                "framesOnBlock": "",
                "vTriggerCancelHit": "",
                "vTriggerCancelBlock": "",
                "moveProperties": "",
                "moveType": "V-System"
            }
        },
        "Normal Throws": {
            "Hanakaze": {
                "moveCommand": "",
                "startUpFrames": "5",
                "activeFrames": "3",
                "recoveryFrames": "17",
                "framesOnHit": "",
                "framesOnBlock": "",
                "vTriggerCancelHit": "",
                "vTriggerCancelBlock": "",
                "moveProperties": "Throw",
                "moveType": "Normal Throws"
            },
            "Sakura Shoulder Throw": {
                "moveCommand": "",
                "startUpFrames": "5",
                "activeFrames": "3",
                "recoveryFrames": "17",
                "framesOnHit": "",
                "framesOnBlock": "",
                "vTriggerCancelHit": "",
                "vTriggerCancelBlock": "",
                "moveProperties": "Throw",
                "moveType": "Normal Throws"
            },
            "Sailor Hop": {
                "moveCommand": "",
                "startUpFrames": "5",
                "activeFrames": "2",
                "recoveryFrames": "6 frame(s) after landing",
                "framesOnHit": "",
                "framesOnBlock": "",
                "vTriggerCancelHit": "",
                "vTriggerCancelBlock": "",
                "moveProperties": "Throw",
                "moveType": "Normal Throws"
            }
        }
    }
}
