{
  "Seth": {
    "DP": "Mad Cradle",
    "Normal Moves": {
      "Standing LP": {
        "moveCommand": "",
        "startUpFrames": "4",
        "activeFrames": "3",
        "recoveryFrames": "6",
        "framesOnHit": "4",
        "framesOnBlock": "3",
        "vTriggerCancelHit": "1",
        "vTriggerCancelBlock": "0",
        "moveProperties": "High",
        "moveType": "Normal Moves"
      },
      "Standing MP": {
        "moveCommand": "",
        "startUpFrames": "5",
        "activeFrames": "3",
        "recoveryFrames": "16(*19)",
        "framesOnHit": "2",
        "framesOnBlock": "-2",
        "vTriggerCancelHit": "9",
        "vTriggerCancelBlock": "5",
        "moveProperties": "High",
        "moveType": "Normal Moves"
      },
      "Standing HP": {
        "moveCommand": "",
        "startUpFrames": "7",
        "activeFrames": "3",
        "recoveryFrames": "23(*20)",
        "framesOnHit": "2",
        "framesOnBlock": "-4",
        "vTriggerCancelHit": "16",
        "vTriggerCancelBlock": "7",
        "moveProperties": "High",
        "moveType": "Normal Moves"
      },
      "Standing LK": {
        "moveCommand": "",
        "startUpFrames": "4",
        "activeFrames": "3",
        "recoveryFrames": "11",
        "framesOnHit": "4",
        "framesOnBlock": "3",
        "vTriggerCancelHit": "6",
        "vTriggerCancelBlock": "5",
        "moveProperties": "High",
        "moveType": "Normal Moves"
      },
      "Standing MK": {
        "moveCommand": "",
        "startUpFrames": "7",
        "activeFrames": "3",
        "recoveryFrames": "18",
        "framesOnHit": "1",
        "framesOnBlock": "-2",
        "vTriggerCancelHit": "10",
        "vTriggerCancelBlock": "7",
        "moveProperties": "High",
        "moveType": "Normal Moves"
      },
      "Standing HK": {
        "moveCommand": "",
        "startUpFrames": "10 ",
        "activeFrames": "9",
        "recoveryFrames": "22",
        "framesOnHit": "D",
        "framesOnBlock": "-6",
        "vTriggerCancelHit": "D",
        "vTriggerCancelBlock": "8",
        "moveProperties": "High",
        "moveType": "Normal Moves"
      },
      "Crouching LP": {
        "moveCommand": "",
        "startUpFrames": "3",
        "activeFrames": "2",
        "recoveryFrames": "8",
        "framesOnHit": "4",
        "framesOnBlock": "2",
        "vTriggerCancelHit": "2",
        "vTriggerCancelBlock": "0",
        "moveProperties": "High",
        "moveType": "Normal Moves"
      },
      "Crouching MP": {
        "moveCommand": "",
        "startUpFrames": "6",
        "activeFrames": "3",
        "recoveryFrames": "14",
        "framesOnHit": "5",
        "framesOnBlock": "2",
        "vTriggerCancelHit": "10",
        "vTriggerCancelBlock": "7",
        "moveProperties": "High",
        "moveType": "Normal Moves"
      },
      "Crouching HP": {
        "moveCommand": "",
        "startUpFrames": "12",
        "activeFrames": "4",
        "recoveryFrames": "26",
        "framesOnHit": "D",
        "framesOnBlock": "-10",
        "vTriggerCancelHit": "D",
        "vTriggerCancelBlock": "8",
        "moveProperties": "Low",
        "moveType": "Normal Moves"
      },
      "Crouching LK": {
        "moveCommand": "",
        "startUpFrames": "4",
        "activeFrames": "3",
        "recoveryFrames": "7",
        "framesOnHit": "3",
        "framesOnBlock": "2",
        "vTriggerCancelHit": "0",
        "vTriggerCancelBlock": "-1",
        "moveProperties": "Low",
        "moveType": "Normal Moves"
      },
      "Crouching MK": {
        "moveCommand": "",
        "startUpFrames": "7",
        "activeFrames": "3",
        "recoveryFrames": "13(*12)",
        "framesOnHit": "2",
        "framesOnBlock": "-2",
        "vTriggerCancelHit": "6",
        "vTriggerCancelBlock": "1",
        "moveProperties": "Low",
        "moveType": "Normal Moves"
      },
      "Crouching HK": {
        "moveCommand": "",
        "startUpFrames": "11",
        "activeFrames": "4",
        "recoveryFrames": "22",
        "framesOnHit": "2",
        "framesOnBlock": "-4",
        "vTriggerCancelHit": "14",
        "vTriggerCancelBlock": "8",
        "moveProperties": "High",
        "moveType": "Normal Moves"
      },
      "Jumping LP": {
        "moveCommand": "",
        "startUpFrames": "4",
        "activeFrames": "5",
        "recoveryFrames": "",
        "framesOnHit": "",
        "framesOnBlock": "",
        "vTriggerCancelHit": "",
        "vTriggerCancelBlock": "",
        "moveProperties": "Mid",
        "moveType": "Normal Moves"
      },
      "Jumping MP": {
        "moveCommand": "",
        "startUpFrames": "7",
        "activeFrames": "6",
        "recoveryFrames": "",
        "framesOnHit": "",
        "framesOnBlock": "",
        "vTriggerCancelHit": "",
        "vTriggerCancelBlock": "",
        "moveProperties": "Mid/High",
        "moveType": "Normal Moves"
      },
      "Jumping HP": {
        "moveCommand": "",
        "startUpFrames": "9",
        "activeFrames": "6",
        "recoveryFrames": "",
        "framesOnHit": "",
        "framesOnBlock": "",
        "vTriggerCancelHit": "",
        "vTriggerCancelBlock": "",
        "moveProperties": "Mid",
        "moveType": "Normal Moves"
      },
      "Jumping LK": {
        "moveCommand": "",
        "startUpFrames": "4",
        "activeFrames": "6",
        "recoveryFrames": "",
        "framesOnHit": "",
        "framesOnBlock": "",
        "vTriggerCancelHit": "",
        "vTriggerCancelBlock": "",
        "moveProperties": "Mid",
        "moveType": "Normal Moves"
      },
      "Jumping MK": {
        "moveCommand": "",
        "startUpFrames": "7",
        "activeFrames": "7",
        "recoveryFrames": "",
        "framesOnHit": "",
        "framesOnBlock": "",
        "vTriggerCancelHit": "",
        "vTriggerCancelBlock": "",
        "moveProperties": "Mid",
        "moveType": "Normal Moves"
      },
      "Jumping HK": {
        "moveCommand": "",
        "startUpFrames": "10",
        "activeFrames": "5",
        "recoveryFrames": "",
        "framesOnHit": "",
        "framesOnBlock": "",
        "vTriggerCancelHit": "",
        "vTriggerCancelBlock": "",
        "moveProperties": "Mid",
        "moveType": "Normal Moves"
      }
    },
    "Special Moves": {
      "Step Shoot": {
        "moveCommand": "Forward Strong",
        "startUpFrames": "9",
        "activeFrames": "3",
        "recoveryFrames": "17",
        "framesOnHit": "2",
        "framesOnBlock": "-2",
        "vTriggerCancelHit": "10",
        "vTriggerCancelBlock": "6",
        "moveProperties": "High",
        "moveType": "Special Moves"
      },
      "Hazard Blow": {
        "moveCommand": "Forward Fierce",
        "startUpFrames": "20",
        "activeFrames": "3",
        "recoveryFrames": "23",
        "framesOnHit": "1",
        "framesOnBlock": "-4",
        "vTriggerCancelHit": "14",
        "vTriggerCancelBlock": "9",
        "moveProperties": "High",
        "moveType": "Special Moves"
      },
      "Head Hunter": {
        "moveCommand": "Forward Roundhouse",
        "startUpFrames": "23",
        "activeFrames": "2",
        "recoveryFrames": "21",
        "framesOnHit": "1",
        "framesOnBlock": "-7",
        "vTriggerCancelHit": "",
        "vTriggerCancelBlock": "",
        "moveProperties": "Mid",
        "moveType": "Special Moves"
      },
      "Turning Slicer": {
        "moveCommand": "Down forward Roundhouse",
        "startUpFrames": "23",
        "activeFrames": "3",
        "recoveryFrames": "15",
        "framesOnHit": "4",
        "framesOnBlock": "-2",
        "vTriggerCancelHit": "10",
        "vTriggerCancelBlock": "4",
        "moveProperties": "Low",
        "moveType": "Special Moves"
      },
      "Twin Claw": {
        "moveCommand": "",
        "startUpFrames": "10",
        "activeFrames": "4",
        "recoveryFrames": "28",
        "framesOnHit": "-5",
        "framesOnBlock": "-12",
        "vTriggerCancelHit": "4",
        "vTriggerCancelBlock": "-3",
        "moveProperties": "High",
        "moveType": "Special Moves"
      },
      "Tanden Combination": {
        "moveCommand": "",
        "startUpFrames": "18",
        "activeFrames": "25",
        "recoveryFrames": "19",
        "framesOnHit": "2",
        "framesOnBlock": "",
        "vTriggerCancelHit": "",
        "vTriggerCancelBlock": "",
        "moveProperties": "High",
        "moveType": "Special Moves"
      },
      "Shoot Slicer": {
        "moveCommand": "",
        "startUpFrames": "11",
        "activeFrames": "3",
        "recoveryFrames": "21(*26)",
        "framesOnHit": "2",
        "framesOnBlock": "-5",
        "vTriggerCancelHit": "12",
        "vTriggerCancelBlock": "5",
        "moveProperties": "High",
        "moveType": "Special Moves"
      },
      "Fatal Rush": {
        "moveCommand": "",
        "startUpFrames": "12",
        "activeFrames": "3",
        "recoveryFrames": "29",
        "framesOnHit": "D",
        "framesOnBlock": "-12",
        "vTriggerCancelHit": "D",
        "vTriggerCancelBlock": "8",
        "moveProperties": "High",
        "moveType": "Special Moves"
      },
      "L Hecatoncheires": {
        "moveCommand": "",
        "startUpFrames": "11",
        "activeFrames": "8",
        "recoveryFrames": "20",
        "framesOnHit": "2",
        "framesOnBlock": "-4",
        "vTriggerCancelHit": "12",
        "vTriggerCancelBlock": "6",
        "moveProperties": "High",
        "moveType": "Special Moves"
      },
      "M Hecatoncheires": {
        "moveCommand": "",
        "startUpFrames": "17",
        "activeFrames": "12",
        "recoveryFrames": "20",
        "framesOnHit": "2",
        "framesOnBlock": "-4",
        "vTriggerCancelHit": "12",
        "vTriggerCancelBlock": "6",
        "moveProperties": "High",
        "moveType": "Special Moves"
      },
      "H Hecatoncheires": {
        "moveCommand": "",
        "startUpFrames": "25",
        "activeFrames": "16",
        "recoveryFrames": "20",
        "framesOnHit": "3",
        "framesOnBlock": "-2",
        "vTriggerCancelHit": "13",
        "vTriggerCancelBlock": "8",
        "moveProperties": "High",
        "moveType": "Special Moves"
      },
      "EX Hecatoncheires": {
        "moveCommand": "",
        "startUpFrames": "10",
        "activeFrames": "16",
        "recoveryFrames": "24",
        "framesOnHit": "D",
        "framesOnBlock": "-2",
        "vTriggerCancelHit": "D",
        "vTriggerCancelBlock": "12",
        "moveProperties": "High",
        "moveType": "Special Moves"
      },
      "L Mad Cradle": {
        "moveCommand": "",
        "startUpFrames": "4",
        "activeFrames": "10",
        "recoveryFrames": "22+11 frame(s) after landing",
        "framesOnHit": "D",
        "framesOnBlock": "-25",
        "vTriggerCancelHit": "",
        "vTriggerCancelBlock": "",
        "moveProperties": "High",
        "moveType": "Special Moves"
      },
      "M Mad Cradle": {
        "moveCommand": "",
        "startUpFrames": "5",
        "activeFrames": "10",
        "recoveryFrames": "28+13 frame(s) after landing",
        "framesOnHit": "D",
        "framesOnBlock": "-33",
        "vTriggerCancelHit": "",
        "vTriggerCancelBlock": "",
        "moveProperties": "High",
        "moveType": "Special Moves"
      },
      "H Mad Cradle": {
        "moveCommand": "",
        "startUpFrames": "10",
        "activeFrames": "10",
        "recoveryFrames": "34+15 frame(s) after landing",
        "framesOnHit": "D",
        "framesOnBlock": "-41",
        "vTriggerCancelHit": "",
        "vTriggerCancelBlock": "",
        "moveProperties": "High",
        "moveType": "Special Moves"
      },
      "EX Mad Cradle": {
        "moveCommand": "",
        "startUpFrames": "4",
        "activeFrames": "16",
        "recoveryFrames": "30+15 frame(s) after landing",
        "framesOnHit": "D",
        "framesOnBlock": "-40",
        "vTriggerCancelHit": "",
        "vTriggerCancelBlock": "",
        "moveProperties": "High",
        "moveType": "Special Moves"
      },
      "L Cruel Distaster": {
        "moveCommand": "",
        "startUpFrames": "14",
        "activeFrames": "3",
        "recoveryFrames": "26",
        "framesOnHit": "D",
        "framesOnBlock": "-8",
        "vTriggerCancelHit": "",
        "vTriggerCancelBlock": "",
        "moveProperties": "High",
        "moveType": "Special Moves"
      },
      "M Cruel Distaster": {
        "moveCommand": "",
        "startUpFrames": "21",
        "activeFrames": "3",
        "recoveryFrames": "28(*26)",
        "framesOnHit": "D",
        "framesOnBlock": "-4",
        "vTriggerCancelHit": "",
        "vTriggerCancelBlock": "",
        "moveProperties": "High",
        "moveType": "Special Moves"
      },
      "H Cruel Distaster": {
        "moveCommand": "",
        "startUpFrames": "27",
        "activeFrames": "3",
        "recoveryFrames": "28(*21)",
        "framesOnHit": "D",
        "framesOnBlock": "2",
        "vTriggerCancelHit": "",
        "vTriggerCancelBlock": "",
        "moveProperties": "High",
        "moveType": "Special Moves"
      },
      "EX Cruel Distaster": {
        "moveCommand": "",
        "startUpFrames": "15",
        "activeFrames": "3",
        "recoveryFrames": "33",
        "framesOnHit": "D",
        "framesOnBlock": "-12",
        "vTriggerCancelHit": "",
        "vTriggerCancelBlock": "",
        "moveProperties": "High",
        "moveType": "Special Moves"
      },
      "L Annihilate Sword": {
        "moveCommand": "",
        "startUpFrames": "14",
        "activeFrames": "6",
        "recoveryFrames": "9 frame(s) after landing",
        "framesOnHit": "",
        "framesOnBlock": "",
        "vTriggerCancelHit": "",
        "vTriggerCancelBlock": "",
        "moveProperties": "High",
        "moveType": "Special Moves"
      },
      "M Annihilate Sword": {
        "moveCommand": "",
        "startUpFrames": "23",
        "activeFrames": "6",
        "recoveryFrames": "9 frame(s) after landing",
        "framesOnHit": "",
        "framesOnBlock": "",
        "vTriggerCancelHit": "",
        "vTriggerCancelBlock": "",
        "moveProperties": "High",
        "moveType": "Special Moves"
      },
      "H Annihilate Sword": {
        "moveCommand": "",
        "startUpFrames": "27",
        "activeFrames": "6",
        "recoveryFrames": "16 frame(s) after landing",
        "framesOnHit": "D",
        "framesOnBlock": "",
        "vTriggerCancelHit": "",
        "vTriggerCancelBlock": "",
        "moveProperties": "High",
        "moveType": "Special Moves"
      },
      "EX Annihilate Sword": {
        "moveCommand": "",
        "startUpFrames": "10",
        "activeFrames": "12",
        "recoveryFrames": "13 frame(s) after landing",
        "framesOnHit": "D",
        "framesOnBlock": "",
        "vTriggerCancelHit": "",
        "vTriggerCancelBlock": "",
        "moveProperties": "High",
        "moveType": "Special Moves"
      },
      "Tanden Maneuver Additional Control (forward)": {
        "moveCommand": "",
        "startUpFrames": "7",
        "activeFrames": "150",
        "recoveryFrames": "40 total frames",
        "framesOnHit": "3",
        "framesOnBlock": "-4",
        "vTriggerCancelHit": "",
        "vTriggerCancelBlock": "",
        "moveProperties": "High",
        "moveType": "Special Moves"
      },
      "Tanden Maneuver Additional Control (backward)": {
        "moveCommand": "",
        "startUpFrames": "7",
        "activeFrames": "150",
        "recoveryFrames": "40 total frames",
        "framesOnHit": "-4",
        "framesOnBlock": "-4",
        "vTriggerCancelHit": "",
        "vTriggerCancelBlock": "",
        "moveProperties": "High",
        "moveType": "Special Moves"
      },
      "Tanden Maneuver Additional Control (upward directions)": {
        "moveCommand": "",
        "startUpFrames": "7",
        "activeFrames": "150",
        "recoveryFrames": "40 total frames",
        "framesOnHit": "D",
        "framesOnBlock": "-4",
        "vTriggerCancelHit": "",
        "vTriggerCancelBlock": "",
        "moveProperties": "High",
        "moveType": "Special Moves"
      },
      "Tanden Maneuver Additional Control (down)": {
        "moveCommand": "",
        "startUpFrames": "7",
        "activeFrames": "150",
        "recoveryFrames": "40 total frames",
        "framesOnHit": "D",
        "framesOnBlock": "-4",
        "vTriggerCancelHit": "",
        "vTriggerCancelBlock": "",
        "moveProperties": "High",
        "moveType": "Special Moves"
      },
      "Tanden Maneuver Additional Control (down-forward)": {
        "moveCommand": "",
        "startUpFrames": "7",
        "activeFrames": "150",
        "recoveryFrames": "40 total frames",
        "framesOnHit": "3",
        "framesOnBlock": "-4",
        "vTriggerCancelHit": "",
        "vTriggerCancelBlock": "",
        "moveProperties": "High",
        "moveType": "Special Moves"
      },
      "Tanden Maneuver Additional Control (down-backward)": {
        "moveCommand": "",
        "startUpFrames": "7",
        "activeFrames": "150",
        "recoveryFrames": "40 total frames",
        "framesOnHit": "-4",
        "framesOnBlock": "-4",
        "vTriggerCancelHit": "",
        "vTriggerCancelBlock": "",
        "moveProperties": "High",
        "moveType": "Special Moves"
      },
      "Tanden Maneuver Additional Control (ground bounce)": {
        "moveCommand": "",
        "startUpFrames": "7",
        "activeFrames": "150",
        "recoveryFrames": "40 total frames",
        "framesOnHit": "D",
        "framesOnBlock": "",
        "vTriggerCancelHit": "",
        "vTriggerCancelBlock": "",
        "moveProperties": "High",
        "moveType": "Special Moves"
      },
      "Tanden Explode": {
        "moveCommand": "",
        "startUpFrames": "9",
        "activeFrames": "12",
        "recoveryFrames": "37 total frames",
        "framesOnHit": "D",
        "framesOnBlock": "8",
        "vTriggerCancelHit": "",
        "vTriggerCancelBlock": "",
        "moveProperties": "High",
        "moveType": "Special Moves"
      },
      "V-Titanomachy": {
        "moveCommand": "",
        "startUpFrames": "14",
        "activeFrames": "5",
        "recoveryFrames": "31",
        "framesOnHit": "D",
        "framesOnBlock": "2",
        "vTriggerCancelHit": "",
        "vTriggerCancelBlock": "",
        "moveProperties": "High",
        "moveType": "Special Moves"
      },
      "V-Mad Spin": {
        "moveCommand": "",
        "startUpFrames": "7",
        "activeFrames": "Until landing+2",
        "recoveryFrames": "21 frame(s) after landing",
        "framesOnHit": "2",
        "framesOnBlock": "-2",
        "vTriggerCancelHit": "",
        "vTriggerCancelBlock": "",
        "moveProperties": "High",
        "moveType": "Special Moves"
      },
      "V-Mad Spin (Special Edition)": {
        "moveCommand": "",
        "startUpFrames": "11",
        "activeFrames": "2",
        "recoveryFrames": "75",
        "framesOnHit": "D",
        "framesOnBlock": "-56",
        "vTriggerCancelHit": "",
        "vTriggerCancelBlock": "",
        "moveProperties": "High",
        "moveType": "Special Moves"
      },
      "V-Cyclone Disaster": {
        "moveCommand": "",
        "startUpFrames": "11",
        "activeFrames": "11",
        "recoveryFrames": "21",
        "framesOnHit": "D",
        "framesOnBlock": "-4",
        "vTriggerCancelHit": "",
        "vTriggerCancelBlock": "",
        "moveProperties": "High",
        "moveType": "Special Moves"
      },
      "V-Hell's Gate": {
        "moveCommand": "",
        "startUpFrames": "5",
        "activeFrames": "8",
        "recoveryFrames": "17",
        "framesOnHit": "D",
        "framesOnBlock": "-4",
        "vTriggerCancelHit": "",
        "vTriggerCancelBlock": "",
        "moveProperties": "High",
        "moveType": "Special Moves"
      }
    },
    "Critical Art": {
      "Tanden Destruction": {
        "moveCommand": "",
        "startUpFrames": "6",
        "activeFrames": "10",
        "recoveryFrames": "42",
        "framesOnHit": "D",
        "framesOnBlock": "30",
        "vTriggerCancelHit": "",
        "vTriggerCancelBlock": "",
        "moveProperties": "High",
        "moveType": "Critical Art"
      },
      "V-Tanden Extreme": {
        "moveCommand": "",
        "startUpFrames": "6",
        "activeFrames": "10",
        "recoveryFrames": "42",
        "framesOnHit": "D",
        "framesOnBlock": "-30",
        "vTriggerCancelHit": "",
        "vTriggerCancelBlock": "",
        "moveProperties": "High",
        "moveType": "Critical Art"
      }
    },
    "V-System": {
      "[VS1] Tanden Engine": {
        "moveCommand": "",
        "startUpFrames": "20",
        "activeFrames": "25",
        "recoveryFrames": "21",
        "framesOnHit": "2",
        "framesOnBlock": "-2",
        "vTriggerCancelHit": "",
        "vTriggerCancelBlock": "",
        "moveProperties": "High",
        "moveType": "V-System"
      },
      "[VS1] Tanden Install": {
        "moveCommand": "",
        "startUpFrames": "4",
        "activeFrames": "5",
        "recoveryFrames": "25",
        "framesOnHit": "D",
        "framesOnBlock": "-16",
        "vTriggerCancelHit": "",
        "vTriggerCancelBlock": "",
        "moveProperties": "High",
        "moveType": "V-System"
      },
      "[VS1] Install Art": {
        "moveCommand": "",
        "startUpFrames": "",
        "activeFrames": "",
        "recoveryFrames": "",
        "framesOnHit": "",
        "framesOnBlock": "",
        "vTriggerCancelHit": "",
        "vTriggerCancelBlock": "",
        "moveProperties": "",
        "moveType": "V-System"
      },
      "[VS2] Tanden Booster": {
        "moveCommand": "",
        "startUpFrames": "",
        "activeFrames": "",
        "recoveryFrames": "49 total frames",
        "framesOnHit": "",
        "framesOnBlock": "",
        "vTriggerCancelHit": "",
        "vTriggerCancelBlock": "",
        "moveProperties": "",
        "moveType": "V-System"
      },
      "[VS2] Tanden Booster (Stop)": {
        "moveCommand": "",
        "startUpFrames": "",
        "activeFrames": "",
        "recoveryFrames": "19 total frames",
        "framesOnHit": "",
        "framesOnBlock": "",
        "vTriggerCancelHit": "",
        "vTriggerCancelBlock": "",
        "moveProperties": "",
        "moveType": "V-System"
      },
      "[VS2] Hecatoncheires Glide": {
        "moveCommand": "",
        "startUpFrames": "14",
        "activeFrames": "16",
        "recoveryFrames": "22",
        "framesOnHit": "2",
        "framesOnBlock": "-2",
        "vTriggerCancelHit": "",
        "vTriggerCancelBlock": "",
        "moveProperties": "High",
        "moveType": "V-System"
      },
      "[VS2] Mad Spiral": {
        "moveCommand": "",
        "startUpFrames": "7",
        "activeFrames": "18",
        "recoveryFrames": "18+29 frame(s) after landing",
        "framesOnHit": "D",
        "framesOnBlock": "-39",
        "vTriggerCancelHit": "",
        "vTriggerCancelBlock": "",
        "moveProperties": "High",
        "moveType": "V-System"
      },
      "[VS2] Spin Pendulum": {
        "moveCommand": "",
        "startUpFrames": "5",
        "activeFrames": "13",
        "recoveryFrames": "25",
        "framesOnHit": "D",
        "framesOnBlock": "-9",
        "vTriggerCancelHit": "",
        "vTriggerCancelBlock": "",
        "moveProperties": "High",
        "moveType": "V-System"
      },
      "Tanden Maneuver": {
        "moveCommand": "",
        "startUpFrames": "13",
        "activeFrames": "150",
        "recoveryFrames": "45 total frames",
        "framesOnHit": "3",
        "framesOnBlock": "-3",
        "vTriggerCancelHit": "",
        "vTriggerCancelBlock": "",
        "moveProperties": "High",
        "moveType": "V-System"
      },
      "Tanden Maneuver Movement (forward)": {
        "moveCommand": "",
        "startUpFrames": "7",
        "activeFrames": "150",
        "recoveryFrames": "40 total frames",
        "framesOnHit": "3",
        "framesOnBlock": "-4",
        "vTriggerCancelHit": "",
        "vTriggerCancelBlock": "",
        "moveProperties": "High",
        "moveType": "V-System"
      },
      "Tanden Maneuver Movement (backward)": {
        "moveCommand": "",
        "startUpFrames": "7",
        "activeFrames": "150",
        "recoveryFrames": "40 total frames",
        "framesOnHit": "-4",
        "framesOnBlock": "-4",
        "vTriggerCancelHit": "",
        "vTriggerCancelBlock": "",
        "moveProperties": "High",
        "moveType": "V-System"
      },
      "Tanden Maneuver Movement (upward directions)": {
        "moveCommand": "",
        "startUpFrames": "7",
        "activeFrames": "150",
        "recoveryFrames": "40 total frames",
        "framesOnHit": "D",
        "framesOnBlock": "-4",
        "vTriggerCancelHit": "",
        "vTriggerCancelBlock": "",
        "moveProperties": "High",
        "moveType": "V-System"
      },
      "Tanden Maneuver Movement (down)": {
        "moveCommand": "",
        "startUpFrames": "7",
        "activeFrames": "150",
        "recoveryFrames": "40 total frames",
        "framesOnHit": "D",
        "framesOnBlock": "-4",
        "vTriggerCancelHit": "",
        "vTriggerCancelBlock": "",
        "moveProperties": "High",
        "moveType": "V-System"
      },
      "Tanden Maneuver Movement (down-forward)": {
        "moveCommand": "",
        "startUpFrames": "7",
        "activeFrames": "150",
        "recoveryFrames": "40 total frames",
        "framesOnHit": "3",
        "framesOnBlock": "-4",
        "vTriggerCancelHit": "",
        "vTriggerCancelBlock": "",
        "moveProperties": "High",
        "moveType": "V-System"
      },
      "Tanden Maneuver Movement (down-backward)": {
        "moveCommand": "",
        "startUpFrames": "7",
        "activeFrames": "150",
        "recoveryFrames": "40 total frames",
        "framesOnHit": "-4",
        "framesOnBlock": "-4",
        "vTriggerCancelHit": "",
        "vTriggerCancelBlock": "",
        "moveProperties": "High",
        "moveType": "V-System"
      },
      "Tanden Maneuver Movement (ground bounce)": {
        "moveCommand": "",
        "startUpFrames": "7",
        "activeFrames": "150",
        "recoveryFrames": "40 total frames",
        "framesOnHit": "D",
        "framesOnBlock": "",
        "vTriggerCancelHit": "",
        "vTriggerCancelBlock": "",
        "moveProperties": "High",
        "moveType": "V-System"
      },
      "Tanden Maneuver Movement (fourth)": {
        "moveCommand": "",
        "startUpFrames": "7",
        "activeFrames": "150",
        "recoveryFrames": "40 total frames",
        "framesOnHit": "D",
        "framesOnBlock": "-6",
        "vTriggerCancelHit": "",
        "vTriggerCancelBlock": "",
        "moveProperties": "High",
        "moveType": "V-System"
      },
      "Calamity Shutter": {
        "moveCommand": "",
        "startUpFrames": "17",
        "activeFrames": "2",
        "recoveryFrames": "24",
        "framesOnHit": "D",
        "framesOnBlock": "-2",
        "vTriggerCancelHit": "",
        "vTriggerCancelBlock": "",
        "moveProperties": "High",
        "moveType": "V-System"
      },
      "Tanden Ignition": {
        "moveCommand": "",
        "startUpFrames": "1",
        "activeFrames": "",
        "recoveryFrames": "10",
        "framesOnHit": "",
        "framesOnBlock": "",
        "vTriggerCancelHit": "",
        "vTriggerCancelBlock": "",
        "moveProperties": "",
        "moveType": "V-System"
      }
    },
    "Normal Throws": {
      "Death Throw": {
        "moveCommand": "",
        "startUpFrames": "5",
        "activeFrames": "3",
        "recoveryFrames": "17",
        "framesOnHit": "",
        "framesOnBlock": "",
        "vTriggerCancelHit": "",
        "vTriggerCancelBlock": "",
        "moveProperties": "Throw",
        "moveType": "Normal Throws"
      }
    }
  }
}
