{
  "Urien": {
    "Fireball": "Metallic Sphere",
    "DP": "Headbutt",
    "Normal Moves": {
      "Standing LP": {
        "moveCommand": "",
        "startUpFrames": "4",
        "activeFrames": "2",
        "recoveryFrames": "10",
        "framesOnHit": "4",
        "framesOnBlock": "2",
        "vTriggerCancelHit": "-4|3|-16",
        "vTriggerCancelBlock": "-6|1|-18",
        "moveProperties": "High",
        "moveType": "Normal Moves"
      },
      "Standing MP": {
        "moveCommand": "",
        "startUpFrames": "7",
        "activeFrames": "3",
        "recoveryFrames": "12",
        "framesOnHit": "6",
        "framesOnBlock": "3",
        "vTriggerCancelHit": "2|9|-10",
        "vTriggerCancelBlock": "-1|6|-13",
        "moveProperties": "High",
        "moveType": "Normal Moves"
      },
      "Standing HP": {
        "moveCommand": "",
        "startUpFrames": "12",
        "activeFrames": "3",
        "recoveryFrames": "18",
        "framesOnHit": "4",
        "framesOnBlock": "-2",
        "vTriggerCancelHit": "7|14|-5",
        "vTriggerCancelBlock": "1|8|-11",
        "moveProperties": "High",
        "moveType": "Normal Moves"
      },
      "Standing HP (Hold Button)": {
        "moveCommand": "",
        "startUpFrames": "22",
        "activeFrames": "3",
        "recoveryFrames": "15",
        "framesOnHit": "9",
        "framesOnBlock": "5",
        "vTriggerCancelHit": "9|16|-3",
        "vTriggerCancelBlock": "5|12|-7",
        "moveProperties": "High",
        "moveType": "Normal Moves"
      },
      "Standing LK": {
        "moveCommand": "",
        "startUpFrames": "5",
        "activeFrames": "2",
        "recoveryFrames": "8",
        "framesOnHit": "4",
        "framesOnBlock": "3",
        "vTriggerCancelHit": "-5|2|-17",
        "vTriggerCancelBlock": "-6|1|-18",
        "moveProperties": "High",
        "moveType": "Normal Moves"
      },
      "Standing MK": {
        "moveCommand": "",
        "startUpFrames": "9",
        "activeFrames": "2",
        "recoveryFrames": "18",
        "framesOnHit": "1",
        "framesOnBlock": "-2",
        "vTriggerCancelHit": "3|10|-9",
        "vTriggerCancelBlock": "0|7|-12",
        "moveProperties": "High",
        "moveType": "Normal Moves"
      },
      "Standing HK": {
        "moveCommand": "",
        "startUpFrames": "9",
        "activeFrames": "6",
        "recoveryFrames": "19",
        "framesOnHit": "4",
        "framesOnBlock": "-2",
        "vTriggerCancelHit": "5|12|-7",
        "vTriggerCancelBlock": "-1|6|-13",
        "moveProperties": "High",
        "moveType": "Normal Moves"
      },
      "Standing HK (Hold Button)": {
        "moveCommand": "",
        "startUpFrames": "22",
        "activeFrames": "5",
        "recoveryFrames": "18",
        "framesOnHit": "8",
        "framesOnBlock": "2",
        "vTriggerCancelHit": "2/9|9/16|-10/-3",
        "vTriggerCancelBlock": "-2/3|5/10|-14/-9",
        "moveProperties": "Mid",
        "moveType": "Normal Moves"
      },
      "Crouching LP": {
        "moveCommand": "",
        "startUpFrames": "4",
        "activeFrames": "3",
        "recoveryFrames": "9",
        "framesOnHit": "4",
        "framesOnBlock": "1",
        "vTriggerCancelHit": "-3|4|-15",
        "vTriggerCancelBlock": "-6|1|-18",
        "moveProperties": "High",
        "moveType": "Normal Moves"
      },
      "Crouching MP": {
        "moveCommand": "",
        "startUpFrames": "6",
        "activeFrames": "2",
        "recoveryFrames": "15",
        "framesOnHit": "5",
        "framesOnBlock": "0",
        "vTriggerCancelHit": "0|7|-12",
        "vTriggerCancelBlock": "-5|2|-17",
        "moveProperties": "High",
        "moveType": "Normal Moves"
      },
      "Crouching HP": {
        "moveCommand": "",
        "startUpFrames": "7",
        "activeFrames": "5",
        "recoveryFrames": "21",
        "framesOnHit": "D",
        "framesOnBlock": "-8",
        "vTriggerCancelHit": "3/D|10/D|-9/D",
        "vTriggerCancelBlock": "0/-1|7/6|-12/-13",
        "moveProperties": "High",
        "moveType": "Normal Moves"
      },
      "Crouching LK": {
        "moveCommand": "",
        "startUpFrames": "4",
        "activeFrames": "2",
        "recoveryFrames": "7",
        "framesOnHit": "4",
        "framesOnBlock": "1",
        "vTriggerCancelHit": "-6|1|-18",
        "vTriggerCancelBlock": "-9|-2|-21",
        "moveProperties": "Low",
        "moveType": "Normal Moves"
      },
      "Crouching MK": {
        "moveCommand": "",
        "startUpFrames": "8",
        "activeFrames": "2",
        "recoveryFrames": "17",
        "framesOnHit": "4",
        "framesOnBlock": "-2",
        "vTriggerCancelHit": "5|12|-7",
        "vTriggerCancelBlock": "-1|6|-13",
        "moveProperties": "Low",
        "moveType": "Normal Moves"
      },
      "Crouching HK": {
        "moveCommand": "",
        "startUpFrames": "11",
        "activeFrames": "2",
        "recoveryFrames": "27",
        "framesOnHit": "D",
        "framesOnBlock": "-14",
        "vTriggerCancelHit": "D|D|D",
        "vTriggerCancelBlock": "-3|4|-15",
        "moveProperties": "Low",
        "moveType": "Normal Moves"
      },
      "Jumping LP": {
        "moveCommand": "",
        "startUpFrames": "3",
        "activeFrames": "5",
        "recoveryFrames": "",
        "framesOnHit": "",
        "framesOnBlock": "",
        "vTriggerCancelHit": "",
        "vTriggerCancelBlock": "",
        "moveProperties": "Mid",
        "moveType": "Normal Moves"
      },
      "Jumping MP": {
        "moveCommand": "",
        "startUpFrames": "5",
        "activeFrames": "5",
        "recoveryFrames": "",
        "framesOnHit": "",
        "framesOnBlock": "",
        "vTriggerCancelHit": "",
        "vTriggerCancelBlock": "",
        "moveProperties": "Mid",
        "moveType": "Normal Moves"
      },
      "Jumping HP": {
        "moveCommand": "",
        "startUpFrames": "8",
        "activeFrames": "4",
        "recoveryFrames": "",
        "framesOnHit": "",
        "framesOnBlock": "",
        "vTriggerCancelHit": "",
        "vTriggerCancelBlock": "",
        "moveProperties": "Mid",
        "moveType": "Normal Moves"
      },
      "Jumping LK": {
        "moveCommand": "",
        "startUpFrames": "4",
        "activeFrames": "6",
        "recoveryFrames": "",
        "framesOnHit": "",
        "framesOnBlock": "",
        "vTriggerCancelHit": "",
        "vTriggerCancelBlock": "",
        "moveProperties": "Mid",
        "moveType": "Normal Moves"
      },
      "Jumping MK": {
        "moveCommand": "",
        "startUpFrames": "7",
        "activeFrames": "5",
        "recoveryFrames": "",
        "framesOnHit": "",
        "framesOnBlock": "",
        "vTriggerCancelHit": "",
        "vTriggerCancelBlock": "",
        "moveProperties": "Mid",
        "moveType": "Normal Moves"
      },
      "Jumping HK": {
        "moveCommand": "",
        "startUpFrames": "9",
        "activeFrames": "4",
        "recoveryFrames": "",
        "framesOnHit": "",
        "framesOnBlock": "",
        "vTriggerCancelHit": "",
        "vTriggerCancelBlock": "",
        "moveProperties": "Mid",
        "moveType": "Normal Moves"
      }
    },
    "Special Moves": {
      "Quarrel Punch": {
        "moveCommand": "Forward Strong",
        "startUpFrames": "7",
        "activeFrames": "4",
        "recoveryFrames": "14",
        "framesOnHit": "2",
        "framesOnBlock": "-2",
        "vTriggerCancelHit": "4|11|-8",
        "vTriggerCancelBlock": "0|7|-12",
        "moveProperties": "High",
        "moveType": "Special Moves"
      },
      "Quarrel Kick": {
        "moveCommand": "Down forward Roundhouse",
        "startUpFrames": "15",
        "activeFrames": "4",
        "recoveryFrames": "18",
        "framesOnHit": "4",
        "framesOnBlock": "-4",
        "vTriggerCancelHit": "8|15|-4",
        "vTriggerCancelBlock": "0|7|-12",
        "moveProperties": "High",
        "moveType": "Special Moves"
      },
      "Terrible Smash": {
        "moveCommand": "Forward Fierce",
        "startUpFrames": "21",
        "activeFrames": "2",
        "recoveryFrames": "20",
        "framesOnHit": "1",
        "framesOnBlock": "-8",
        "vTriggerCancelHit": "",
        "vTriggerCancelBlock": "",
        "moveProperties": "Mid",
        "moveType": "Special Moves"
      },
      "Killer Straight": {
        "moveCommand": "",
        "startUpFrames": "5",
        "activeFrames": "3",
        "recoveryFrames": "14",
        "framesOnHit": "1",
        "framesOnBlock": "-4",
        "vTriggerCancelHit": "-1|6|-13",
        "vTriggerCancelBlock": "-6|1|-18",
        "moveProperties": "High",
        "moveType": "Special Moves"
      },
      "Break Rush": {
        "moveCommand": "",
        "startUpFrames": "17",
        "activeFrames": "2",
        "recoveryFrames": "20",
        "framesOnHit": "1",
        "framesOnBlock": "-8",
        "vTriggerCancelHit": "2|9|-10",
        "vTriggerCancelBlock": "-7|0|-19",
        "moveProperties": "Mid",
        "moveType": "Special Moves"
      },
      "L Chariot Tackle": {
        "moveCommand": "",
        "startUpFrames": "10",
        "activeFrames": "6",
        "recoveryFrames": "22",
        "framesOnHit": "0",
        "framesOnBlock": "-5",
        "vTriggerCancelHit": "",
        "vTriggerCancelBlock": "",
        "moveProperties": "High",
        "moveType": "Special Moves"
      },
      "M Chariot Tackle": {
        "moveCommand": "",
        "startUpFrames": "13",
        "activeFrames": "11",
        "recoveryFrames": "21",
        "framesOnHit": "-3",
        "framesOnBlock": "-9",
        "vTriggerCancelHit": "",
        "vTriggerCancelBlock": "",
        "moveProperties": "High",
        "moveType": "Special Moves"
      },
      "H Chariot Tackle": {
        "moveCommand": "",
        "startUpFrames": "16",
        "activeFrames": "8",
        "recoveryFrames": "21",
        "framesOnHit": "D",
        "framesOnBlock": "-6",
        "vTriggerCancelHit": "",
        "vTriggerCancelBlock": "",
        "moveProperties": "High",
        "moveType": "Special Moves"
      },
      "EX Chariot Tackle": {
        "moveCommand": "",
        "startUpFrames": "7",
        "activeFrames": "13",
        "recoveryFrames": "20",
        "framesOnHit": "D",
        "framesOnBlock": "-2",
        "vTriggerCancelHit": "5/D|12/D|-7/D",
        "vTriggerCancelBlock": "-4/-2|3/5|-16/-14",
        "moveProperties": "High",
        "moveType": "Special Moves"
      },
      "L Dangerous Headbutt": {
        "moveCommand": "",
        "startUpFrames": "8",
        "activeFrames": "3",
        "recoveryFrames": "18",
        "framesOnHit": "1",
        "framesOnBlock": "-2",
        "vTriggerCancelHit": "",
        "vTriggerCancelBlock": "",
        "moveProperties": "High",
        "moveType": "Special Moves"
      },
      "M Dangerous Headbutt": {
        "moveCommand": "",
        "startUpFrames": "11",
        "activeFrames": "4",
        "recoveryFrames": "18",
        "framesOnHit": "1",
        "framesOnBlock": "-2",
        "vTriggerCancelHit": "",
        "vTriggerCancelBlock": "",
        "moveProperties": "High",
        "moveType": "Special Moves"
      },
      "H Dangerous Headbutt": {
        "moveCommand": "",
        "startUpFrames": "13",
        "activeFrames": "5",
        "recoveryFrames": "17",
        "framesOnHit": "D",
        "framesOnBlock": "-2",
        "vTriggerCancelHit": "",
        "vTriggerCancelBlock": "",
        "moveProperties": "High",
        "moveType": "Special Moves"
      },
      "EX Dangerous Headbutt": {
        "moveCommand": "",
        "startUpFrames": "12",
        "activeFrames": "5",
        "recoveryFrames": "29\n(*119)\n(*224)",
        "framesOnHit": "D",
        "framesOnBlock": "-17",
        "vTriggerCancelHit": "",
        "vTriggerCancelBlock": "",
        "moveProperties": "High",
        "moveType": "Special Moves"
      },
      "L Violence Knee Drop": {
        "moveCommand": "",
        "startUpFrames": "25",
        "activeFrames": "Until landing",
        "recoveryFrames": "11 frame(s) after landing",
        "framesOnHit": "D",
        "framesOnBlock": "-3",
        "vTriggerCancelHit": "",
        "vTriggerCancelBlock": "",
        "moveProperties": "Mid",
        "moveType": "Special Moves"
      },
      "M Violence Knee Drop": {
        "moveCommand": "",
        "startUpFrames": "25",
        "activeFrames": "Until landing",
        "recoveryFrames": "13 frame(s) after landing",
        "framesOnHit": "D",
        "framesOnBlock": "-5",
        "vTriggerCancelHit": "",
        "vTriggerCancelBlock": "",
        "moveProperties": "Mid",
        "moveType": "Special Moves"
      },
      "H Violence Knee Drop": {
        "moveCommand": "",
        "startUpFrames": "25",
        "activeFrames": "Until landing",
        "recoveryFrames": "14 frame(s) after landing",
        "framesOnHit": "D",
        "framesOnBlock": "-6",
        "vTriggerCancelHit": "",
        "vTriggerCancelBlock": "",
        "moveProperties": "Mid",
        "moveType": "Special Moves"
      },
      "EX Violence Knee Drop": {
        "moveCommand": "",
        "startUpFrames": "25",
        "activeFrames": "Until landing",
        "recoveryFrames": "10 frame(s) after landing",
        "framesOnHit": "D",
        "framesOnBlock": "2",
        "vTriggerCancelHit": "",
        "vTriggerCancelBlock": "",
        "moveProperties": "Mid",
        "moveType": "Special Moves"
      },
      "L Metallic Sphere": {
        "moveCommand": "",
        "startUpFrames": "14",
        "activeFrames": "",
        "recoveryFrames": "50 total frames",
        "framesOnHit": "-1",
        "framesOnBlock": "-7",
        "vTriggerCancelHit": "",
        "vTriggerCancelBlock": "",
        "moveProperties": "High",
        "moveType": "Special Moves"
      },
      "M Metallic Sphere": {
        "moveCommand": "",
        "startUpFrames": "14",
        "activeFrames": "",
        "recoveryFrames": "50 total frames",
        "framesOnHit": "1",
        "framesOnBlock": "-7",
        "vTriggerCancelHit": "",
        "vTriggerCancelBlock": "",
        "moveProperties": "High",
        "moveType": "Special Moves"
      },
      "H Metallic Sphere": {
        "moveCommand": "",
        "startUpFrames": "13",
        "activeFrames": "",
        "recoveryFrames": "49 total frames",
        "framesOnHit": "D",
        "framesOnBlock": "",
        "vTriggerCancelHit": "",
        "vTriggerCancelBlock": "",
        "moveProperties": "High",
        "moveType": "Special Moves"
      },
      "L Metallic Sphere (Hold Button)": {
        "moveCommand": "",
        "startUpFrames": "53",
        "activeFrames": "",
        "recoveryFrames": "81 total frames",
        "framesOnHit": "7",
        "framesOnBlock": "4",
        "vTriggerCancelHit": "",
        "vTriggerCancelBlock": "",
        "moveProperties": "High",
        "moveType": "Special Moves"
      },
      "M Metallic Sphere (Hold Button)": {
        "moveCommand": "",
        "startUpFrames": "53",
        "activeFrames": "",
        "recoveryFrames": "83 total frames",
        "framesOnHit": "5",
        "framesOnBlock": "2",
        "vTriggerCancelHit": "",
        "vTriggerCancelBlock": "",
        "moveProperties": "High",
        "moveType": "Special Moves"
      },
      "H Metallic Sphere (Hold Button)": {
        "moveCommand": "",
        "startUpFrames": "42",
        "activeFrames": "",
        "recoveryFrames": "72 total frames",
        "framesOnHit": "D",
        "framesOnBlock": "",
        "vTriggerCancelHit": "",
        "vTriggerCancelBlock": "",
        "moveProperties": "High",
        "moveType": "Special Moves"
      },
      "EX L Metallic Sphere": {
        "moveCommand": "",
        "startUpFrames": "12",
        "activeFrames": "",
        "recoveryFrames": "44 total frames",
        "framesOnHit": "3",
        "framesOnBlock": "2",
        "vTriggerCancelHit": "14|21|2",
        "vTriggerCancelBlock": "13|20|1",
        "moveProperties": "High",
        "moveType": "Special Moves"
      },
      "EX M Metallic Sphere": {
        "moveCommand": "",
        "startUpFrames": "12",
        "activeFrames": "",
        "recoveryFrames": "44 total frames",
        "framesOnHit": "3",
        "framesOnBlock": "2",
        "vTriggerCancelHit": "14|21|2",
        "vTriggerCancelBlock": "13|20|1",
        "moveProperties": "High",
        "moveType": "Special Moves"
      },
      "EX H Metallic Sphere": {
        "moveCommand": "",
        "startUpFrames": "13",
        "activeFrames": "",
        "recoveryFrames": "45 total frames",
        "framesOnHit": "D",
        "framesOnBlock": "",
        "vTriggerCancelHit": "D|D|D",
        "vTriggerCancelBlock": "-|-|-",
        "moveProperties": "High",
        "moveType": "Special Moves"
      },
      "EX L Metallic Sphere (Hold Button)": {
        "moveCommand": "",
        "startUpFrames": "41",
        "activeFrames": "",
        "recoveryFrames": "68 total frames",
        "framesOnHit": "17",
        "framesOnBlock": "13",
        "vTriggerCancelHit": "23|30|11",
        "vTriggerCancelBlock": "19|26|7",
        "moveProperties": "High",
        "moveType": "Special Moves"
      },
      "EX M Metallic Sphere (Hold Button)": {
        "moveCommand": "",
        "startUpFrames": "41",
        "activeFrames": "",
        "recoveryFrames": "68 total frames",
        "framesOnHit": "17",
        "framesOnBlock": "13",
        "vTriggerCancelHit": "23|30|11",
        "vTriggerCancelBlock": "19|26|7",
        "moveProperties": "High",
        "moveType": "Special Moves"
      },
      "EX H Metallic Sphere (Hold Button)": {
        "moveCommand": "",
        "startUpFrames": "32",
        "activeFrames": "",
        "recoveryFrames": "59 total frames",
        "framesOnHit": "D",
        "framesOnBlock": "",
        "vTriggerCancelHit": "D|D|D",
        "vTriggerCancelBlock": "-|-|-",
        "moveProperties": "High",
        "moveType": "Special Moves"
      },
      "L Metallic Sphere V-Skill 2 Version": {
        "moveCommand": "",
        "startUpFrames": "14",
        "activeFrames": "",
        "recoveryFrames": "50 total frames",
        "framesOnHit": "3",
        "framesOnBlock": "2",
        "vTriggerCancelHit": "",
        "vTriggerCancelBlock": "",
        "moveProperties": "High",
        "moveType": "Special Moves"
      },
      "M Metallic Sphere V-Skill 2 Version": {
        "moveCommand": "",
        "startUpFrames": "14",
        "activeFrames": "",
        "recoveryFrames": "50 total frames",
        "framesOnHit": "3",
        "framesOnBlock": "2",
        "vTriggerCancelHit": "",
        "vTriggerCancelBlock": "",
        "moveProperties": "High",
        "moveType": "Special Moves"
      },
      "H Metallic Sphere V-Skill 2 Version": {
        "moveCommand": "",
        "startUpFrames": "13",
        "activeFrames": "",
        "recoveryFrames": "49 total frames",
        "framesOnHit": "D",
        "framesOnBlock": "",
        "vTriggerCancelHit": "",
        "vTriggerCancelBlock": "",
        "moveProperties": "High",
        "moveType": "Special Moves"
      },
      "EX Metallic Sphere L V-Skill 2 Version": {
        "moveCommand": "",
        "startUpFrames": "12",
        "activeFrames": "",
        "recoveryFrames": "44 total frames",
        "framesOnHit": "D",
        "framesOnBlock": "12",
        "vTriggerCancelHit": "D|D|D",
        "vTriggerCancelBlock": "23|30|11",
        "moveProperties": "High",
        "moveType": "Special Moves"
      },
      "EX Metallic Sphere M V-Skill 2 Version": {
        "moveCommand": "",
        "startUpFrames": "12",
        "activeFrames": "",
        "recoveryFrames": "44 total frames",
        "framesOnHit": "D",
        "framesOnBlock": "12",
        "vTriggerCancelHit": "D|D|D",
        "vTriggerCancelBlock": "23|30|11",
        "moveProperties": "High",
        "moveType": "Special Moves"
      },
      "EX Metallic Sphere H V-Skill 2 Version": {
        "moveCommand": "",
        "startUpFrames": "13",
        "activeFrames": "",
        "recoveryFrames": "45 total frames",
        "framesOnHit": "D",
        "framesOnBlock": "",
        "vTriggerCancelHit": "D|D|D",
        "vTriggerCancelBlock": "",
        "moveProperties": "High",
        "moveType": "Special Moves"
      },
      "V-2nd Aegis Reflector (Forward)": {
        "moveCommand": "",
        "startUpFrames": "14",
        "activeFrames": "250",
        "recoveryFrames": "30 total frames",
        "framesOnHit": "6",
        "framesOnBlock": "1",
        "vTriggerCancelHit": "",
        "vTriggerCancelBlock": "",
        "moveProperties": "High",
        "moveType": "Special Moves"
      },
      "V-2nd Aegis Reflector (Back)": {
        "moveCommand": "",
        "startUpFrames": "24",
        "activeFrames": "230",
        "recoveryFrames": "30 total frames",
        "framesOnHit": "16",
        "framesOnBlock": "11",
        "vTriggerCancelHit": "",
        "vTriggerCancelBlock": "",
        "moveProperties": "High",
        "moveType": "Special Moves"
      },
      "V-2nd Aegis Reflector (Up)": {
        "moveCommand": "",
        "startUpFrames": "16",
        "activeFrames": "250",
        "recoveryFrames": "32 total frames",
        "framesOnHit": "6",
        "framesOnBlock": "1",
        "vTriggerCancelHit": "",
        "vTriggerCancelBlock": "",
        "moveProperties": "High",
        "moveType": "Special Moves"
      },
      "V-Tyrant Blaze": {
        "moveCommand": "",
        "startUpFrames": "20",
        "activeFrames": "14",
        "recoveryFrames": "21",
        "framesOnHit": "D",
        "framesOnBlock": "-2",
        "vTriggerCancelHit": "",
        "vTriggerCancelBlock": "",
        "moveProperties": "High",
        "moveType": "Special Moves"
      },
      "V-Tyrant Blaze (Charge Attack)": {
        "moveCommand": "",
        "startUpFrames": "66",
        "activeFrames": "27",
        "recoveryFrames": "21",
        "framesOnHit": "D",
        "framesOnBlock": "GB",
        "vTriggerCancelHit": "",
        "vTriggerCancelBlock": "",
        "moveProperties": "High",
        "moveType": "Special Moves"
      }
    },
    "Critical Art": {
      "Dominant Crush": {
        "moveCommand": "",
        "startUpFrames": "1+5",
        "activeFrames": "19",
        "recoveryFrames": "60",
        "framesOnHit": "D",
        "framesOnBlock": "-47",
        "vTriggerCancelHit": "",
        "vTriggerCancelBlock": "",
        "moveProperties": "High",
        "moveType": "Critical Art"
      }
    },
    "V-System": {
      "[VS1] Metallic Aura": {
        "moveCommand": "",
        "startUpFrames": "",
        "activeFrames": "",
        "recoveryFrames": "50 total frames",
        "framesOnHit": "",
        "framesOnBlock": "",
        "vTriggerCancelHit": "",
        "vTriggerCancelBlock": "",
        "moveProperties": "",
        "moveType": "V-System"
      },
      "[VS2] Indignant Thunder": {
        "moveCommand": "",
        "startUpFrames": "",
        "activeFrames": "",
        "recoveryFrames": "50 total frames",
        "framesOnHit": "",
        "framesOnBlock": "",
        "vTriggerCancelHit": "",
        "vTriggerCancelBlock": "",
        "moveProperties": "",
        "moveType": "V-System"
      },
      "Aegis Reflector (Forward)": {
        "moveCommand": "",
        "startUpFrames": "1+9",
        "activeFrames": "250",
        "recoveryFrames": "20 total frames",
        "framesOnHit": "12",
        "framesOnBlock": "7",
        "vTriggerCancelHit": "",
        "vTriggerCancelBlock": "",
        "moveProperties": "High",
        "moveType": "V-System"
      },
      "Aegis Reflector (Back)": {
        "moveCommand": "",
        "startUpFrames": "1+4",
        "activeFrames": "230",
        "recoveryFrames": "13 total frames",
        "framesOnHit": "14",
        "framesOnBlock": "9",
        "vTriggerCancelHit": "",
        "vTriggerCancelBlock": "",
        "moveProperties": "High",
        "moveType": "V-System"
      },
      "Aegis Reflector (Up)": {
        "moveCommand": "",
        "startUpFrames": "1+14",
        "activeFrames": "250",
        "recoveryFrames": "32 total frames",
        "framesOnHit": "5",
        "framesOnBlock": "0",
        "vTriggerCancelHit": "",
        "vTriggerCancelBlock": "",
        "moveProperties": "High",
        "moveType": "V-System"
      },
      "Anger Snap Fist": {
        "moveCommand": "",
        "startUpFrames": "17",
        "activeFrames": "2",
        "recoveryFrames": "24",
        "framesOnHit": "D",
        "framesOnBlock": "-2",
        "vTriggerCancelHit": "",
        "vTriggerCancelBlock": "",
        "moveProperties": "High",
        "moveType": "V-System"
      },
      "Tyrant Pressure": {
        "moveCommand": "",
        "startUpFrames": "1",
        "activeFrames": "",
        "recoveryFrames": "4",
        "framesOnHit": "",
        "framesOnBlock": "",
        "vTriggerCancelHit": "",
        "vTriggerCancelBlock": "",
        "moveProperties": "",
        "moveType": "V-System"
      }
    },
    "Normal Throws": {
      "Spartan Bomb (Forward)": {
        "moveCommand": "",
        "startUpFrames": "5",
        "activeFrames": "3",
        "recoveryFrames": "17",
        "framesOnHit": "D",
        "framesOnBlock": "",
        "vTriggerCancelHit": "",
        "vTriggerCancelBlock": "",
        "moveProperties": "Throw",
        "moveType": "Normal Throws"
      },
      "Spartan Bomb (Back)": {
        "moveCommand": "",
        "startUpFrames": "5",
        "activeFrames": "3",
        "recoveryFrames": "17",
        "framesOnHit": "D",
        "framesOnBlock": "",
        "vTriggerCancelHit": "",
        "vTriggerCancelBlock": "",
        "moveProperties": "Throw",
        "moveType": "Normal Throws"
      }
    }
  }
}
