{
  "Zangief": {
    "Normal Moves": {
      "Standing LP": {
        "moveCommand": "",
        "startUpFrames": "5",
        "activeFrames": "4",
        "recoveryFrames": "7",
        "framesOnHit": "5",
        "framesOnBlock": "3",
        "vTriggerCancelHit": "6",
        "vTriggerCancelBlock": "4",
        "moveProperties": "High",
        "moveType": "Normal Moves"
      },
      "Standing MP": {
        "moveCommand": "",
        "startUpFrames": "7",
        "activeFrames": "3",
        "recoveryFrames": "15",
        "framesOnHit": "4",
        "framesOnBlock": "2",
        "vTriggerCancelHit": "16",
        "vTriggerCancelBlock": "14",
        "moveProperties": "High",
        "moveType": "Normal Moves"
      },
      "Standing HP": {
        "moveCommand": "",
        "startUpFrames": "13",
        "activeFrames": "4",
        "recoveryFrames": "23",
        "framesOnHit": "2",
        "framesOnBlock": "-3",
        "vTriggerCancelHit": "18",
        "vTriggerCancelBlock": "9(*11)",
        "moveProperties": "High",
        "moveType": "Normal Moves"
      },
      "Standing HP (Hold Button)": {
        "moveCommand": "",
        "startUpFrames": "37",
        "activeFrames": "4",
        "recoveryFrames": "23",
        "framesOnHit": "D",
        "framesOnBlock": "1",
        "vTriggerCancelHit": "D",
        "vTriggerCancelBlock": "18(*22)",
        "moveProperties": "High",
        "moveType": "Normal Moves"
      },
      "Standing LK": {
        "moveCommand": "",
        "startUpFrames": "5",
        "activeFrames": "2",
        "recoveryFrames": "12",
        "framesOnHit": "-1",
        "framesOnBlock": "-3",
        "vTriggerCancelHit": "4",
        "vTriggerCancelBlock": "2",
        "moveProperties": "High",
        "moveType": "Normal Moves"
      },
      "Standing MK": {
        "moveCommand": "",
        "startUpFrames": "10",
        "activeFrames": "3",
        "recoveryFrames": "17",
        "framesOnHit": "2",
        "framesOnBlock": "-3",
        "vTriggerCancelHit": "15",
        "vTriggerCancelBlock": "10",
        "moveProperties": "High",
        "moveType": "Normal Moves"
      },
      "Standing HK": {
        "moveCommand": "",
        "startUpFrames": "11",
        "activeFrames": "4",
        "recoveryFrames": "22",
        "framesOnHit": "2",
        "framesOnBlock": "-2",
        "vTriggerCancelHit": "18",
        "vTriggerCancelBlock": "14",
        "moveProperties": "High",
        "moveType": "Normal Moves"
      },
      "Crouching LP": {
        "moveCommand": "",
        "startUpFrames": "4",
        "activeFrames": "3",
        "recoveryFrames": "6",
        "framesOnHit": "3",
        "framesOnBlock": "3",
        "vTriggerCancelHit": "4",
        "vTriggerCancelBlock": "4",
        "moveProperties": "High",
        "moveType": "Normal Moves"
      },
      "Crouching MP": {
        "moveCommand": "",
        "startUpFrames": "6",
        "activeFrames": "3",
        "recoveryFrames": "12",
        "framesOnHit": "5",
        "framesOnBlock": "3",
        "vTriggerCancelHit": "13",
        "vTriggerCancelBlock": "11",
        "moveProperties": "High",
        "moveType": "Normal Moves"
      },
      "Crouching HP": {
        "moveCommand": "",
        "startUpFrames": "9",
        "activeFrames": "6",
        "recoveryFrames": "7+13 frame(s) after landing",
        "framesOnHit": "2",
        "framesOnBlock": "-4",
        "vTriggerCancelHit": "22",
        "vTriggerCancelBlock": "16",
        "moveProperties": "High",
        "moveType": "Normal Moves"
      },
      "Crouching LK": {
        "moveCommand": "",
        "startUpFrames": "4",
        "activeFrames": "2",
        "recoveryFrames": "8",
        "framesOnHit": "4",
        "framesOnBlock": "2",
        "vTriggerCancelHit": "4",
        "vTriggerCancelBlock": "1",
        "moveProperties": "Low",
        "moveType": "Normal Moves"
      },
      "Crouching MK": {
        "moveCommand": "",
        "startUpFrames": "8",
        "activeFrames": "2",
        "recoveryFrames": "16",
        "framesOnHit": "2",
        "framesOnBlock": "-4",
        "vTriggerCancelHit": "14",
        "vTriggerCancelBlock": "8",
        "moveProperties": "Low",
        "moveType": "Normal Moves"
      },
      "Crouching HK": {
        "moveCommand": "",
        "startUpFrames": "10",
        "activeFrames": "3",
        "recoveryFrames": "26",
        "framesOnHit": "D",
        "framesOnBlock": "-10",
        "vTriggerCancelHit": "D",
        "vTriggerCancelBlock": "13",
        "moveProperties": "Low",
        "moveType": "Normal Moves"
      },
      "Jumping LP": {
        "moveCommand": "",
        "startUpFrames": "5",
        "activeFrames": "5",
        "recoveryFrames": "",
        "framesOnHit": "",
        "framesOnBlock": "",
        "vTriggerCancelHit": "",
        "vTriggerCancelBlock": "",
        "moveProperties": "Mid",
        "moveType": "Normal Moves"
      },
      "Jumping MP": {
        "moveCommand": "",
        "startUpFrames": "6",
        "activeFrames": "4",
        "recoveryFrames": "",
        "framesOnHit": "",
        "framesOnBlock": "",
        "vTriggerCancelHit": "",
        "vTriggerCancelBlock": "",
        "moveProperties": "Mid",
        "moveType": "Normal Moves"
      },
      "Jumping HP": {
        "moveCommand": "",
        "startUpFrames": "7",
        "activeFrames": "6",
        "recoveryFrames": "",
        "framesOnHit": "",
        "framesOnBlock": "",
        "vTriggerCancelHit": "",
        "vTriggerCancelBlock": "",
        "moveProperties": "Mid",
        "moveType": "Normal Moves"
      },
      "Jumping LK": {
        "moveCommand": "",
        "startUpFrames": "6",
        "activeFrames": "5",
        "recoveryFrames": "",
        "framesOnHit": "",
        "framesOnBlock": "",
        "vTriggerCancelHit": "",
        "vTriggerCancelBlock": "",
        "moveProperties": "Mid",
        "moveType": "Normal Moves"
      },
      "Jumping MK": {
        "moveCommand": "",
        "startUpFrames": "7",
        "activeFrames": "3",
        "recoveryFrames": "",
        "framesOnHit": "",
        "framesOnBlock": "",
        "vTriggerCancelHit": "",
        "vTriggerCancelBlock": "",
        "moveProperties": "Mid",
        "moveType": "Normal Moves"
      },
      "Jumping HK": {
        "moveCommand": "",
        "startUpFrames": "9",
        "activeFrames": "5",
        "recoveryFrames": "",
        "framesOnHit": "",
        "framesOnBlock": "",
        "vTriggerCancelHit": "",
        "vTriggerCancelBlock": "",
        "moveProperties": "Mid",
        "moveType": "Normal Moves"
      }
    },
    "Special Moves": {
      "Head Butt": {
        "moveCommand": "Forward Fierce",
        "startUpFrames": "12",
        "activeFrames": "4",
        "recoveryFrames": "14",
        "framesOnHit": "7",
        "framesOnBlock": "2",
        "vTriggerCancelHit": "",
        "vTriggerCancelBlock": "",
        "moveProperties": "High",
        "moveType": "Special Moves"
      },
      "Knee Hammer": {
        "moveCommand": "Forward Forward",
        "startUpFrames": "12",
        "activeFrames": "4",
        "recoveryFrames": "5+10 frame(s) after landing",
        "framesOnHit": "3",
        "framesOnBlock": "-3",
        "vTriggerCancelHit": "",
        "vTriggerCancelBlock": "",
        "moveProperties": "High",
        "moveType": "Special Moves"
      },
      "Flying Body Press": {
        "moveCommand": "",
        "startUpFrames": "7",
        "activeFrames": "7",
        "recoveryFrames": "",
        "framesOnHit": "",
        "framesOnBlock": "",
        "vTriggerCancelHit": "",
        "vTriggerCancelBlock": "",
        "moveProperties": "Mid",
        "moveType": "Special Moves"
      },
      "Flyng Headbutt": {
        "moveCommand": "",
        "startUpFrames": "8",
        "activeFrames": "5",
        "recoveryFrames": "",
        "framesOnHit": "",
        "framesOnBlock": "",
        "vTriggerCancelHit": "",
        "vTriggerCancelBlock": "",
        "moveProperties": "Mid",
        "moveType": "Special Moves"
      },
      "L Screw Pile Driver": {
        "moveCommand": "",
        "startUpFrames": "5",
        "activeFrames": "2",
        "recoveryFrames": "60",
        "framesOnHit": "D",
        "framesOnBlock": "",
        "vTriggerCancelHit": "",
        "vTriggerCancelBlock": "",
        "moveProperties": "Throw",
        "moveType": "Special Moves"
      },
      "M Screw Pile Driver": {
        "moveCommand": "",
        "startUpFrames": "5",
        "activeFrames": "2",
        "recoveryFrames": "60",
        "framesOnHit": "D",
        "framesOnBlock": "",
        "vTriggerCancelHit": "",
        "vTriggerCancelBlock": "",
        "moveProperties": "Throw",
        "moveType": "Special Moves"
      },
      "H Screw Pile Driver": {
        "moveCommand": "",
        "startUpFrames": "5",
        "activeFrames": "2",
        "recoveryFrames": "60",
        "framesOnHit": "D",
        "framesOnBlock": "",
        "vTriggerCancelHit": "",
        "vTriggerCancelBlock": "",
        "moveProperties": "Throw",
        "moveType": "Special Moves"
      },
      "V-L Screw Pile Driver": {
        "moveCommand": "",
        "startUpFrames": "5",
        "activeFrames": "2",
        "recoveryFrames": "60",
        "framesOnHit": "D",
        "framesOnBlock": "",
        "vTriggerCancelHit": "",
        "vTriggerCancelBlock": "",
        "moveProperties": "Throw",
        "moveType": "Special Moves"
      },
      "V-M Screw Pile Driver": {
        "moveCommand": "",
        "startUpFrames": "5",
        "activeFrames": "2",
        "recoveryFrames": "60",
        "framesOnHit": "D",
        "framesOnBlock": "",
        "vTriggerCancelHit": "",
        "vTriggerCancelBlock": "",
        "moveProperties": "Throw",
        "moveType": "Special Moves"
      },
      "V-H Screw Pile Driver": {
        "moveCommand": "",
        "startUpFrames": "5",
        "activeFrames": "2",
        "recoveryFrames": "60",
        "framesOnHit": "D",
        "framesOnBlock": "",
        "vTriggerCancelHit": "",
        "vTriggerCancelBlock": "",
        "moveProperties": "Throw",
        "moveType": "Special Moves"
      },
      "V-L Screw Pile Driver (special move cancel)": {
        "moveCommand": "",
        "startUpFrames": "5",
        "activeFrames": "2",
        "recoveryFrames": "60",
        "framesOnHit": "D",
        "framesOnBlock": "",
        "vTriggerCancelHit": "",
        "vTriggerCancelBlock": "",
        "moveProperties": "Throw",
        "moveType": "Special Moves"
      },
      "V-M Screw Pile Driver (special move cancel)": {
        "moveCommand": "",
        "startUpFrames": "5",
        "activeFrames": "2",
        "recoveryFrames": "60",
        "framesOnHit": "D",
        "framesOnBlock": "",
        "vTriggerCancelHit": "",
        "vTriggerCancelBlock": "",
        "moveProperties": "Throw",
        "moveType": "Special Moves"
      },
      "V-H Screw Pile Driver (special move cancel)": {
        "moveCommand": "",
        "startUpFrames": "5",
        "activeFrames": "2",
        "recoveryFrames": "60",
        "framesOnHit": "D",
        "framesOnBlock": "",
        "vTriggerCancelHit": "",
        "vTriggerCancelBlock": "",
        "moveProperties": "Throw",
        "moveType": "Special Moves"
      },
      "EX Screw Pile Driver": {
        "moveCommand": "",
        "startUpFrames": "5",
        "activeFrames": "2",
        "recoveryFrames": "60",
        "framesOnHit": "D",
        "framesOnBlock": "",
        "vTriggerCancelHit": "",
        "vTriggerCancelBlock": "",
        "moveProperties": "Throw",
        "moveType": "Special Moves"
      },
      "V-EX Screw Pile Driver": {
        "moveCommand": "",
        "startUpFrames": "5",
        "activeFrames": "2",
        "recoveryFrames": "60",
        "framesOnHit": "D",
        "framesOnBlock": "",
        "vTriggerCancelHit": "",
        "vTriggerCancelBlock": "",
        "moveProperties": "Throw",
        "moveType": "Special Moves"
      },
      "V-EX Screw Pile Driver (special move cancel)": {
        "moveCommand": "",
        "startUpFrames": "5",
        "activeFrames": "2",
        "recoveryFrames": "60",
        "framesOnHit": "D",
        "framesOnBlock": "",
        "vTriggerCancelHit": "",
        "vTriggerCancelBlock": "",
        "moveProperties": "Throw",
        "moveType": "Special Moves"
      },
      "L Siberian Express": {
        "moveCommand": "",
        "startUpFrames": "1  frames after contact",
        "activeFrames": "2",
        "recoveryFrames": "52",
        "framesOnHit": "D",
        "framesOnBlock": "",
        "vTriggerCancelHit": "",
        "vTriggerCancelBlock": "",
        "moveProperties": "Throw",
        "moveType": "Special Moves"
      },
      "M Siberian Express": {
        "moveCommand": "",
        "startUpFrames": "1  frames after contact",
        "activeFrames": "2",
        "recoveryFrames": "52",
        "framesOnHit": "D",
        "framesOnBlock": "",
        "vTriggerCancelHit": "",
        "vTriggerCancelBlock": "",
        "moveProperties": "Throw",
        "moveType": "Special Moves"
      },
      "H Siberian Express": {
        "moveCommand": "",
        "startUpFrames": "1  frames after contact",
        "activeFrames": "2",
        "recoveryFrames": "52",
        "framesOnHit": "D",
        "framesOnBlock": "",
        "vTriggerCancelHit": "",
        "vTriggerCancelBlock": "",
        "moveProperties": "Throw",
        "moveType": "Special Moves"
      },
      "EX Siberian Express": {
        "moveCommand": "",
        "startUpFrames": "1  frames after contact",
        "activeFrames": "2",
        "recoveryFrames": "52",
        "framesOnHit": "D",
        "framesOnBlock": "",
        "vTriggerCancelHit": "",
        "vTriggerCancelBlock": "",
        "moveProperties": "Throw",
        "moveType": "Special Moves"
      },
      "L Borscht Dynamite": {
        "moveCommand": "",
        "startUpFrames": "3",
        "activeFrames": "4",
        "recoveryFrames": "12 frame(s) after landing",
        "framesOnHit": "D",
        "framesOnBlock": "",
        "vTriggerCancelHit": "",
        "vTriggerCancelBlock": "",
        "moveProperties": "Throw",
        "moveType": "Special Moves"
      },
      "M Borscht Dynamite": {
        "moveCommand": "",
        "startUpFrames": "3",
        "activeFrames": "4",
        "recoveryFrames": "12 frame(s) after landing",
        "framesOnHit": "D",
        "framesOnBlock": "",
        "vTriggerCancelHit": "",
        "vTriggerCancelBlock": "",
        "moveProperties": "Throw",
        "moveType": "Special Moves"
      },
      "H Borscht Dynamite": {
        "moveCommand": "",
        "startUpFrames": "3",
        "activeFrames": "4",
        "recoveryFrames": "12 frame(s) after landing",
        "framesOnHit": "D",
        "framesOnBlock": "",
        "vTriggerCancelHit": "",
        "vTriggerCancelBlock": "",
        "moveProperties": "Throw",
        "moveType": "Special Moves"
      },
      "V-L Borscht Dynamite": {
        "moveCommand": "",
        "startUpFrames": "3",
        "activeFrames": "4",
        "recoveryFrames": "12 frame(s) after landing",
        "framesOnHit": "D",
        "framesOnBlock": "",
        "vTriggerCancelHit": "",
        "vTriggerCancelBlock": "",
        "moveProperties": "Throw",
        "moveType": "Special Moves"
      },
      "V-M Borscht Dynamite": {
        "moveCommand": "",
        "startUpFrames": "3",
        "activeFrames": "4",
        "recoveryFrames": "12 frame(s) after landing",
        "framesOnHit": "D",
        "framesOnBlock": "",
        "vTriggerCancelHit": "",
        "vTriggerCancelBlock": "",
        "moveProperties": "Throw",
        "moveType": "Special Moves"
      },
      "V-H Borscht Dynamite": {
        "moveCommand": "",
        "startUpFrames": "3",
        "activeFrames": "4",
        "recoveryFrames": "12 frame(s) after landing",
        "framesOnHit": "D",
        "framesOnBlock": "",
        "vTriggerCancelHit": "",
        "vTriggerCancelBlock": "",
        "moveProperties": "Throw",
        "moveType": "Special Moves"
      },
      "EX Borscht Dynamite": {
        "moveCommand": "",
        "startUpFrames": "3",
        "activeFrames": "4",
        "recoveryFrames": "12 frame(s) after landing",
        "framesOnHit": "D",
        "framesOnBlock": "",
        "vTriggerCancelHit": "",
        "vTriggerCancelBlock": "",
        "moveProperties": "Throw",
        "moveType": "Special Moves"
      },
      "V-EX Borscht Dynamite": {
        "moveCommand": "",
        "startUpFrames": "3",
        "activeFrames": "4",
        "recoveryFrames": "12 frame(s) after landing",
        "framesOnHit": "D",
        "framesOnBlock": "",
        "vTriggerCancelHit": "",
        "vTriggerCancelBlock": "",
        "moveProperties": "Throw",
        "moveType": "Special Moves"
      },
      "Double Lariat": {
        "moveCommand": "",
        "startUpFrames": "9",
        "activeFrames": "13",
        "recoveryFrames": "36",
        "framesOnHit": "D",
        "framesOnBlock": "-38",
        "vTriggerCancelHit": "",
        "vTriggerCancelBlock": "",
        "moveProperties": "High",
        "moveType": "Special Moves"
      },
      "Tundra Storm": {
        "moveCommand": "",
        "startUpFrames": "2",
        "activeFrames": "12",
        "recoveryFrames": "22",
        "framesOnHit": "D",
        "framesOnBlock": "",
        "vTriggerCancelHit": "",
        "vTriggerCancelBlock": "",
        "moveProperties": "",
        "moveType": "Special Moves"
      },
      "V-Cyclone Lariat": {
        "moveCommand": "",
        "startUpFrames": "9",
        "activeFrames": "19",
        "recoveryFrames": "16",
        "framesOnHit": "3",
        "framesOnBlock": "-6",
        "vTriggerCancelHit": "",
        "vTriggerCancelBlock": "",
        "moveProperties": "High",
        "moveType": "Special Moves"
      },
      "V-Trigger Activation Cyclone Lariat": {
        "moveCommand": "",
        "startUpFrames": "9",
        "activeFrames": "",
        "recoveryFrames": "27",
        "framesOnHit": "D",
        "framesOnBlock": "-3",
        "vTriggerCancelHit": "",
        "vTriggerCancelBlock": "",
        "moveProperties": "High",
        "moveType": "Special Moves"
      },
      "V-Cyclone Lariat (during V-Trigger Activation)": {
        "moveCommand": "",
        "startUpFrames": "9",
        "activeFrames": "",
        "recoveryFrames": "26",
        "framesOnHit": "D",
        "framesOnBlock": "-3",
        "vTriggerCancelHit": "",
        "vTriggerCancelBlock": "",
        "moveProperties": "High",
        "moveType": "Special Moves"
      }
    },
    "Critical Art": {
      "Bolshoi Russian Suplex": {
        "moveCommand": "",
        "startUpFrames": "1+0",
        "activeFrames": "2",
        "recoveryFrames": "65",
        "framesOnHit": "D",
        "framesOnBlock": "",
        "vTriggerCancelHit": "",
        "vTriggerCancelBlock": "",
        "moveProperties": "Throw",
        "moveType": "Critical Art"
      }
    },
    "V-System": {
      "[VS1] Iron Muscle": {
        "moveCommand": "",
        "startUpFrames": "",
        "activeFrames": "",
        "recoveryFrames": "25 total frames",
        "framesOnHit": "",
        "framesOnBlock": "",
        "vTriggerCancelHit": "",
        "vTriggerCancelBlock": "",
        "moveProperties": "",
        "moveType": "V-System"
      },
      "[VS1] Iron Muscle (Attack)": {
        "moveCommand": "",
        "startUpFrames": "58",
        "activeFrames": "5",
        "recoveryFrames": "15",
        "framesOnHit": "2",
        "framesOnBlock": "-2",
        "vTriggerCancelHit": "",
        "vTriggerCancelBlock": "",
        "moveProperties": "High",
        "moveType": "V-System"
      },
      "[VS1] Muscle Walk": {
        "moveCommand": "",
        "startUpFrames": "",
        "activeFrames": "",
        "recoveryFrames": "",
        "framesOnHit": "",
        "framesOnBlock": "",
        "vTriggerCancelHit": "",
        "vTriggerCancelBlock": "",
        "moveProperties": "",
        "moveType": "V-System"
      },
      "[VS1] Iron Muscle (Attack after forward walk)": {
        "moveCommand": "",
        "startUpFrames": "9",
        "activeFrames": "5",
        "recoveryFrames": "15",
        "framesOnHit": "2",
        "framesOnBlock": "-2",
        "vTriggerCancelHit": "",
        "vTriggerCancelBlock": "",
        "moveProperties": "High",
        "moveType": "V-System"
      },
      "[VS2] Super Russian Kick": {
        "moveCommand": "",
        "startUpFrames": "33",
        "activeFrames": "7",
        "recoveryFrames": "22",
        "framesOnHit": "3",
        "framesOnBlock": "-4",
        "vTriggerCancelHit": "21",
        "vTriggerCancelBlock": "14",
        "moveProperties": "High",
        "moveType": "V-System"
      },
      "[VS2] Super Russian Kick (Hold Button)": {
        "moveCommand": "",
        "startUpFrames": "98",
        "activeFrames": "7",
        "recoveryFrames": "23",
        "framesOnHit": "D",
        "framesOnBlock": "GB",
        "vTriggerCancelHit": "",
        "vTriggerCancelBlock": "",
        "moveProperties": "High",
        "moveType": "V-System"
      },
      "Cossacck Muscle": {
        "moveCommand": "",
        "startUpFrames": "1",
        "activeFrames": "",
        "recoveryFrames": "4",
        "framesOnHit": "",
        "framesOnBlock": "",
        "vTriggerCancelHit": "",
        "vTriggerCancelBlock": "",
        "moveProperties": "",
        "moveType": "V-System"
      },
      "Muscle Explosion": {
        "moveCommand": "",
        "startUpFrames": "12",
        "activeFrames": "2",
        "recoveryFrames": "24",
        "framesOnHit": "3",
        "framesOnBlock": "-2",
        "vTriggerCancelHit": "",
        "vTriggerCancelBlock": "",
        "moveProperties": "High",
        "moveType": "V-System"
      },
      "Cyclone Lariat": {
        "moveCommand": "",
        "startUpFrames": "1+18",
        "activeFrames": "19",
        "recoveryFrames": "16",
        "framesOnHit": "3",
        "framesOnBlock": "-6",
        "vTriggerCancelHit": "",
        "vTriggerCancelBlock": "",
        "moveProperties": "High",
        "moveType": "V-System"
      },
      "Activation Cyclone Lariat": {
        "moveCommand": "",
        "startUpFrames": "1+18",
        "activeFrames": "",
        "recoveryFrames": "27",
        "framesOnHit": "D",
        "framesOnBlock": "-3",
        "vTriggerCancelHit": "",
        "vTriggerCancelBlock": "",
        "moveProperties": "High",
        "moveType": "V-System"
      },
      "Post-activation Cyclone Lariat": {
        "moveCommand": "",
        "startUpFrames": "1+18",
        "activeFrames": "",
        "recoveryFrames": "26",
        "framesOnHit": "D",
        "framesOnBlock": "-3",
        "vTriggerCancelHit": "",
        "vTriggerCancelBlock": "",
        "moveProperties": "High",
        "moveType": "V-System"
      }
    },
    "Normal Throws": {
      "Atomic Drop": {
        "moveCommand": "",
        "startUpFrames": "5",
        "activeFrames": "3",
        "recoveryFrames": "17",
        "framesOnHit": "",
        "framesOnBlock": "",
        "vTriggerCancelHit": "",
        "vTriggerCancelBlock": "",
        "moveProperties": "Throw",
        "moveType": "Normal Throws"
      },
      "Captured": {
        "moveCommand": "",
        "startUpFrames": "5",
        "activeFrames": "3",
        "recoveryFrames": "17",
        "framesOnHit": "",
        "framesOnBlock": "",
        "vTriggerCancelHit": "",
        "vTriggerCancelBlock": "",
        "moveProperties": "Throw",
        "moveType": "Normal Throws"
      },
      "Horosho Chokeslam": {
        "moveCommand": "",
        "startUpFrames": "5",
        "activeFrames": "3",
        "recoveryFrames": "17",
        "framesOnHit": "",
        "framesOnBlock": "",
        "vTriggerCancelHit": "",
        "vTriggerCancelBlock": "",
        "moveProperties": "Throw",
        "moveType": "Normal Throws"
      }
    }
  }
}
