{
    "Zeku Old": {
        "DP": "Bushin Gram Ban",
        "Normal Moves": {
            "Standing LP": {
                "moveCommand": "",
                "startUpFrames": "4",
                "activeFrames": "2",
                "recoveryFrames": "9",
                "framesOnHit": "4",
                "framesOnBlock": "2",
                "vTriggerCancelHit": "",
                "vTriggerCancelBlock": "",
                "moveProperties": "High",
                "moveType": "Normal Moves"
            },
            "Standing MP": {
                "moveCommand": "",
                "startUpFrames": "6",
                "activeFrames": "2",
                "recoveryFrames": "14",
                "framesOnHit": "5",
                "framesOnBlock": "3",
                "vTriggerCancelHit": "",
                "vTriggerCancelBlock": "",
                "moveProperties": "High",
                "moveType": "Normal Moves"
            },
            "Standing HP": {
                "moveCommand": "",
                "startUpFrames": "9",
                "activeFrames": "2",
                "recoveryFrames": "30",
                "framesOnHit": "-2",
                "framesOnBlock": "-5",
                "vTriggerCancelHit": "",
                "vTriggerCancelBlock": "",
                "moveProperties": "High",
                "moveType": "Normal Moves"
            },
            "Standing LK": {
                "moveCommand": "",
                "startUpFrames": "5",
                "activeFrames": "4",
                "recoveryFrames": "6",
                "framesOnHit": "4",
                "framesOnBlock": "2",
                "vTriggerCancelHit": "",
                "vTriggerCancelBlock": "",
                "moveProperties": "High",
                "moveType": "Normal Moves"
            },
            "Standing MK": {
                "moveCommand": "",
                "startUpFrames": "7",
                "activeFrames": "3",
                "recoveryFrames": "12",
                "framesOnHit": "7",
                "framesOnBlock": "2",
                "vTriggerCancelHit": "",
                "vTriggerCancelBlock": "",
                "moveProperties": "High",
                "moveType": "Normal Moves"
            },
            "Standing HK": {
                "moveCommand": "",
                "startUpFrames": "13",
                "activeFrames": "2",
                "recoveryFrames": "24",
                "framesOnHit": "5",
                "framesOnBlock": "-2",
                "vTriggerCancelHit": "",
                "vTriggerCancelBlock": "",
                "moveProperties": "High",
                "moveType": "Normal Moves"
            },
            "Crouching LP": {
                "moveCommand": "",
                "startUpFrames": "4",
                "activeFrames": "2",
                "recoveryFrames": "7",
                "framesOnHit": "4",
                "framesOnBlock": "2",
                "vTriggerCancelHit": "",
                "vTriggerCancelBlock": "",
                "moveProperties": "High",
                "moveType": "Normal Moves"
            },
            "Crouching MP": {
                "moveCommand": "",
                "startUpFrames": "8",
                "activeFrames": "2",
                "recoveryFrames": "14",
                "framesOnHit": "5",
                "framesOnBlock": "1",
                "vTriggerCancelHit": "",
                "vTriggerCancelBlock": "",
                "moveProperties": "High",
                "moveType": "Normal Moves"
            },
            "Crouching HP": {
                "moveCommand": "",
                "startUpFrames": "10",
                "activeFrames": "4",
                "recoveryFrames": "16",
                "framesOnHit": "7",
                "framesOnBlock": "2",
                "vTriggerCancelHit": "",
                "vTriggerCancelBlock": "",
                "moveProperties": "High",
                "moveType": "Normal Moves"
            },
            "Crouching LK": {
                "moveCommand": "",
                "startUpFrames": "5",
                "activeFrames": "2",
                "recoveryFrames": "8",
                "framesOnHit": "4",
                "framesOnBlock": "2",
                "vTriggerCancelHit": "",
                "vTriggerCancelBlock": "",
                "moveProperties": "Low",
                "moveType": "Normal Moves"
            },
            "Crouching MK": {
                "moveCommand": "",
                "startUpFrames": "8",
                "activeFrames": "3",
                "recoveryFrames": "17",
                "framesOnHit": "2",
                "framesOnBlock": "-2",
                "vTriggerCancelHit": "",
                "vTriggerCancelBlock": "",
                "moveProperties": "Low",
                "moveType": "Normal Moves"
            },
            "Crouching HK": {
                "moveCommand": "",
                "startUpFrames": "10",
                "activeFrames": "2",
                "recoveryFrames": "25",
                "framesOnHit": "D",
                "framesOnBlock": "-8",
                "vTriggerCancelHit": "",
                "vTriggerCancelBlock": "",
                "moveProperties": "Low",
                "moveType": "Normal Moves"
            },
            "Jumping LP": {
                "moveCommand": "",
                "startUpFrames": "4",
                "activeFrames": "6",
                "recoveryFrames": "",
                "framesOnHit": "",
                "framesOnBlock": "",
                "vTriggerCancelHit": "",
                "vTriggerCancelBlock": "",
                "moveProperties": "Mid",
                "moveType": "Normal Moves"
            },
            "Jumping MP": {
                "moveCommand": "",
                "startUpFrames": "7",
                "activeFrames": "4",
                "recoveryFrames": "",
                "framesOnHit": "",
                "framesOnBlock": "",
                "vTriggerCancelHit": "",
                "vTriggerCancelBlock": "",
                "moveProperties": "Mid",
                "moveType": "Normal Moves"
            },
            "Jumping HP": {
                "moveCommand": "",
                "startUpFrames": "8",
                "activeFrames": "5",
                "recoveryFrames": "",
                "framesOnHit": "",
                "framesOnBlock": "",
                "vTriggerCancelHit": "",
                "vTriggerCancelBlock": "",
                "moveProperties": "Mid",
                "moveType": "Normal Moves"
            },
            "Jumping LK": {
                "moveCommand": "",
                "startUpFrames": "4",
                "activeFrames": "6",
                "recoveryFrames": "",
                "framesOnHit": "",
                "framesOnBlock": "",
                "vTriggerCancelHit": "",
                "vTriggerCancelBlock": "",
                "moveProperties": "Mid",
                "moveType": "Normal Moves"
            },
            "Jumping MK": {
                "moveCommand": "",
                "startUpFrames": "7",
                "activeFrames": "4",
                "recoveryFrames": "",
                "framesOnHit": "",
                "framesOnBlock": "",
                "vTriggerCancelHit": "",
                "vTriggerCancelBlock": "",
                "moveProperties": "Mid",
                "moveType": "Normal Moves"
            },
            "Jumping HK": {
                "moveCommand": "",
                "startUpFrames": "10",
                "activeFrames": "4",
                "recoveryFrames": "",
                "framesOnHit": "",
                "framesOnBlock": "",
                "vTriggerCancelHit": "",
                "vTriggerCancelBlock": "",
                "moveProperties": "Mid",
                "moveType": "Normal Moves"
            },
            "Standing LP (from Idaten)": {
                "moveCommand": "",
                "startUpFrames": "4",
                "activeFrames": "2",
                "recoveryFrames": "11",
                "framesOnHit": "2",
                "framesOnBlock": "0",
                "vTriggerCancelHit": "",
                "vTriggerCancelBlock": "",
                "moveProperties": "High",
                "moveType": "Normal Moves"
            },
            "Standing MP (from Idaten)": {
                "moveCommand": "",
                "startUpFrames": "6",
                "activeFrames": "2",
                "recoveryFrames": "19",
                "framesOnHit": "0",
                "framesOnBlock": "-3",
                "vTriggerCancelHit": "",
                "vTriggerCancelBlock": "",
                "moveProperties": "High",
                "moveType": "Normal Moves"
            },
            "Standing HP (from Idaten)": {
                "moveCommand": "",
                "startUpFrames": "8",
                "activeFrames": "2",
                "recoveryFrames": "34",
                "framesOnHit": "-8",
                "framesOnBlock": "-11",
                "vTriggerCancelHit": "",
                "vTriggerCancelBlock": "",
                "moveProperties": "High",
                "moveType": "Normal Moves"
            },
            "Standing LK (from Idaten)": {
                "moveCommand": "",
                "startUpFrames": "5",
                "activeFrames": "4",
                "recoveryFrames": "9",
                "framesOnHit": "1",
                "framesOnBlock": "-1",
                "vTriggerCancelHit": "",
                "vTriggerCancelBlock": "",
                "moveProperties": "High",
                "moveType": "Normal Moves"
            },
            "Standing MK (from Idaten)": {
                "moveCommand": "",
                "startUpFrames": "6",
                "activeFrames": "2",
                "recoveryFrames": "18",
                "framesOnHit": "1",
                "framesOnBlock": "-2",
                "vTriggerCancelHit": "",
                "vTriggerCancelBlock": "",
                "moveProperties": "High",
                "moveType": "Normal Moves"
            },
            "Standing HK (from Idaten)": {
                "moveCommand": "",
                "startUpFrames": "13",
                "activeFrames": "2",
                "recoveryFrames": "30",
                "framesOnHit": "-4",
                "framesOnBlock": "-11",
                "vTriggerCancelHit": "",
                "vTriggerCancelBlock": "",
                "moveProperties": "High",
                "moveType": "Normal Moves"
            },
            "Crouching LP (from Idaten)": {
                "moveCommand": "",
                "startUpFrames": "4",
                "activeFrames": "2",
                "recoveryFrames": "9",
                "framesOnHit": "2",
                "framesOnBlock": "-1",
                "vTriggerCancelHit": "",
                "vTriggerCancelBlock": "",
                "moveProperties": "High",
                "moveType": "Normal Moves"
            },
            "Crouching MP (from Idaten)": {
                "moveCommand": "",
                "startUpFrames": "8",
                "activeFrames": "2",
                "recoveryFrames": "21",
                "framesOnHit": "0",
                "framesOnBlock": "-4",
                "vTriggerCancelHit": "",
                "vTriggerCancelBlock": "",
                "moveProperties": "High",
                "moveType": "Normal Moves"
            },
            "Crouching HP (from Idaten)": {
                "moveCommand": "",
                "startUpFrames": "10",
                "activeFrames": "4",
                "recoveryFrames": "22",
                "framesOnHit": "1",
                "framesOnBlock": "-4",
                "vTriggerCancelHit": "",
                "vTriggerCancelBlock": "",
                "moveProperties": "High",
                "moveType": "Normal Moves"
            },
            "Crouching LK (from Idaten)": {
                "moveCommand": "",
                "startUpFrames": "5",
                "activeFrames": "2",
                "recoveryFrames": "10",
                "framesOnHit": "2",
                "framesOnBlock": "0",
                "vTriggerCancelHit": "",
                "vTriggerCancelBlock": "",
                "moveProperties": "Low",
                "moveType": "Normal Moves"
            },
            "Crouching MK (from Idaten)": {
                "moveCommand": "",
                "startUpFrames": "8",
                "activeFrames": "3",
                "recoveryFrames": "22",
                "framesOnHit": "-7",
                "framesOnBlock": "-11",
                "vTriggerCancelHit": "",
                "vTriggerCancelBlock": "",
                "moveProperties": "Low",
                "moveType": "Normal Moves"
            },
            "Crouching HK (from Idaten)": {
                "moveCommand": "",
                "startUpFrames": "12",
                "activeFrames": "2",
                "recoveryFrames": "31",
                "framesOnHit": "D",
                "framesOnBlock": "-14",
                "vTriggerCancelHit": "",
                "vTriggerCancelBlock": "",
                "moveProperties": "Low",
                "moveType": "Normal Moves"
            }
        },
        "Special Moves": {
            "Nouten Wari": {
                "moveCommand": "Forward Fierce",
                "startUpFrames": "22",
                "activeFrames": "4",
                "recoveryFrames": "20",
                "framesOnHit": "1",
                "framesOnBlock": "-7",
                "vTriggerCancelHit": "",
                "vTriggerCancelBlock": "",
                "moveProperties": "Mid",
                "moveType": "Special Moves"
            },
            "L Bushin Gram Koku (base hit)": {
                "moveCommand": "",
                "startUpFrames": "14",
                "activeFrames": "1",
                "recoveryFrames": "31",
                "framesOnHit": "D",
                "framesOnBlock": "-6",
                "vTriggerCancelHit": "",
                "vTriggerCancelBlock": "",
                "moveProperties": "High",
                "moveType": "Special Moves"
            },
            "M Bushin Gram Koku (base hit)": {
                "moveCommand": "",
                "startUpFrames": "20",
                "activeFrames": "1",
                "recoveryFrames": "30",
                "framesOnHit": "D",
                "framesOnBlock": "-4",
                "vTriggerCancelHit": "",
                "vTriggerCancelBlock": "",
                "moveProperties": "High",
                "moveType": "Special Moves"
            },
            "H Bushin Gram Koku (base hit)": {
                "moveCommand": "",
                "startUpFrames": "25",
                "activeFrames": "1",
                "recoveryFrames": "30",
                "framesOnHit": "D",
                "framesOnBlock": "-2",
                "vTriggerCancelHit": "",
                "vTriggerCancelBlock": "",
                "moveProperties": "High",
                "moveType": "Special Moves"
            },
            "EX Bushin Gram Koku (base hit)": {
                "moveCommand": "",
                "startUpFrames": "17",
                "activeFrames": "1",
                "recoveryFrames": "40",
                "framesOnHit": "D",
                "framesOnBlock": "1",
                "vTriggerCancelHit": "",
                "vTriggerCancelBlock": "",
                "moveProperties": "High",
                "moveType": "Special Moves"
            },
            "L Bushin Gram Koku": {
                "moveCommand": "",
                "startUpFrames": "15",
                "activeFrames": "8",
                "recoveryFrames": "45 total frames",
                "framesOnHit": "4",
                "framesOnBlock": "-3",
                "vTriggerCancelHit": "",
                "vTriggerCancelBlock": "",
                "moveProperties": "High",
                "moveType": "Special Moves"
            },
            "M Bushin Gram Koku": {
                "moveCommand": "",
                "startUpFrames": "21",
                "activeFrames": "9",
                "recoveryFrames": "48 total frames",
                "framesOnHit": "2",
                "framesOnBlock": "-4",
                "vTriggerCancelHit": "",
                "vTriggerCancelBlock": "",
                "moveProperties": "High",
                "moveType": "Special Moves"
            },
            "H Bushin Gram Koku": {
                "moveCommand": "",
                "startUpFrames": "26",
                "activeFrames": "10",
                "recoveryFrames": "50 total frames",
                "framesOnHit": "2",
                "framesOnBlock": "-5",
                "vTriggerCancelHit": "",
                "vTriggerCancelBlock": "",
                "moveProperties": "High",
                "moveType": "Special Moves"
            },
            "EX Bushin Gram Koku": {
                "moveCommand": "",
                "startUpFrames": "18",
                "activeFrames": "20",
                "recoveryFrames": "57 total frames",
                "framesOnHit": "D",
                "framesOnBlock": "-1",
                "vTriggerCancelHit": "",
                "vTriggerCancelBlock": "",
                "moveProperties": "High",
                "moveType": "Special Moves"
            },
            "L Bushin Gram Ban (base hit)": {
                "moveCommand": "",
                "startUpFrames": "5",
                "activeFrames": "2",
                "recoveryFrames": "18+22 frame(s) after landing",
                "framesOnHit": "D",
                "framesOnBlock": "-23",
                "vTriggerCancelHit": "",
                "vTriggerCancelBlock": "",
                "moveProperties": "High",
                "moveType": "Special Moves"
            },
            "M Bushin Gram Ban (base hit)": {
                "moveCommand": "",
                "startUpFrames": "7",
                "activeFrames": "2",
                "recoveryFrames": "21+23 frame(s) after landing",
                "framesOnHit": "D",
                "framesOnBlock": "-29",
                "vTriggerCancelHit": "",
                "vTriggerCancelBlock": "",
                "moveProperties": "High",
                "moveType": "Special Moves"
            },
            "H Bushin Gram Ban (base hit)": {
                "moveCommand": "",
                "startUpFrames": "7",
                "activeFrames": "2",
                "recoveryFrames": "31+20 frame(s) after landing",
                "framesOnHit": "D",
                "framesOnBlock": "-33",
                "vTriggerCancelHit": "",
                "vTriggerCancelBlock": "",
                "moveProperties": "High",
                "moveType": "Special Moves"
            },
            "EX Bushin Gram Ban (base hit)": {
                "moveCommand": "",
                "startUpFrames": "5",
                "activeFrames": "1",
                "recoveryFrames": "32+31 frame(s) after landing",
                "framesOnHit": "D",
                "framesOnBlock": "-33",
                "vTriggerCancelHit": "",
                "vTriggerCancelBlock": "",
                "moveProperties": "High",
                "moveType": "Special Moves"
            },
            "L Bushin Gram Ban": {
                "moveCommand": "",
                "startUpFrames": "7",
                "activeFrames": "10",
                "recoveryFrames": "46 total frames",
                "framesOnHit": "D",
                "framesOnBlock": "",
                "vTriggerCancelHit": "",
                "vTriggerCancelBlock": "",
                "moveProperties": "High",
                "moveType": "Special Moves"
            },
            "M Bushin Gram Ban": {
                "moveCommand": "",
                "startUpFrames": "9",
                "activeFrames": "13",
                "recoveryFrames": "51 total frames",
                "framesOnHit": "D",
                "framesOnBlock": "",
                "vTriggerCancelHit": "",
                "vTriggerCancelBlock": "",
                "moveProperties": "High",
                "moveType": "Special Moves"
            },
            "H Bushin Gram Ban": {
                "moveCommand": "",
                "startUpFrames": "9",
                "activeFrames": "14",
                "recoveryFrames": "59 total frames",
                "framesOnHit": "D",
                "framesOnBlock": "",
                "vTriggerCancelHit": "",
                "vTriggerCancelBlock": "",
                "moveProperties": "High",
                "moveType": "Special Moves"
            },
            "EX Bushin Gram Ban": {
                "moveCommand": "",
                "startUpFrames": "7",
                "activeFrames": "14",
                "recoveryFrames": "68 total frames",
                "framesOnHit": "D",
                "framesOnBlock": "",
                "vTriggerCancelHit": "",
                "vTriggerCancelBlock": "",
                "moveProperties": "High",
                "moveType": "Special Moves"
            },
            "L Bushin Gram Teki (base hit)": {
                "moveCommand": "",
                "startUpFrames": "15",
                "activeFrames": "2",
                "recoveryFrames": "35",
                "framesOnHit": "D",
                "framesOnBlock": "-14",
                "vTriggerCancelHit": "",
                "vTriggerCancelBlock": "",
                "moveProperties": "High",
                "moveType": "Special Moves"
            },
            "M Bushin Gram Teki (base hit)": {
                "moveCommand": "",
                "startUpFrames": "23",
                "activeFrames": "2",
                "recoveryFrames": "37",
                "framesOnHit": "D",
                "framesOnBlock": "-14",
                "vTriggerCancelHit": "",
                "vTriggerCancelBlock": "",
                "moveProperties": "High",
                "moveType": "Special Moves"
            },
            "H Bushin Gram Teki (base hit)": {
                "moveCommand": "",
                "startUpFrames": "30",
                "activeFrames": "2",
                "recoveryFrames": "35",
                "framesOnHit": "D",
                "framesOnBlock": "-14",
                "vTriggerCancelHit": "",
                "vTriggerCancelBlock": "",
                "moveProperties": "High",
                "moveType": "Special Moves"
            },
            "EX Bushin Gram Teki (base hit)": {
                "moveCommand": "",
                "startUpFrames": "18",
                "activeFrames": "2",
                "recoveryFrames": "35",
                "framesOnHit": "D",
                "framesOnBlock": "-2",
                "vTriggerCancelHit": "",
                "vTriggerCancelBlock": "",
                "moveProperties": "High",
                "moveType": "Special Moves"
            },
            "L Bushin Gram Teki": {
                "moveCommand": "",
                "startUpFrames": "17",
                "activeFrames": "12",
                "recoveryFrames": "51 total frames",
                "framesOnHit": "D",
                "framesOnBlock": "-2",
                "vTriggerCancelHit": "",
                "vTriggerCancelBlock": "",
                "moveProperties": "High",
                "moveType": "Special Moves"
            },
            "M Bushin Gram Teki": {
                "moveCommand": "",
                "startUpFrames": "25",
                "activeFrames": "12",
                "recoveryFrames": "61 total frames",
                "framesOnHit": "D",
                "framesOnBlock": "-4",
                "vTriggerCancelHit": "",
                "vTriggerCancelBlock": "",
                "moveProperties": "High",
                "moveType": "Special Moves"
            },
            "H Bushin Gram Teki": {
                "moveCommand": "",
                "startUpFrames": "32",
                "activeFrames": "12",
                "recoveryFrames": "66 total frames",
                "framesOnHit": "D",
                "framesOnBlock": "-2",
                "vTriggerCancelHit": "",
                "vTriggerCancelBlock": "",
                "moveProperties": "High",
                "moveType": "Special Moves"
            },
            "EX Bushin Gram Teki": {
                "moveCommand": "",
                "startUpFrames": "20",
                "activeFrames": "18",
                "recoveryFrames": "54 total frames",
                "framesOnHit": "D",
                "framesOnBlock": "5",
                "vTriggerCancelHit": "",
                "vTriggerCancelBlock": "",
                "moveProperties": "High",
                "moveType": "Special Moves"
            },
            "L Bushin Jakura": {
                "moveCommand": "",
                "startUpFrames": "",
                "activeFrames": "",
                "recoveryFrames": "49+8 frame(s) after landing",
                "framesOnHit": "",
                "framesOnBlock": "",
                "vTriggerCancelHit": "",
                "vTriggerCancelBlock": "",
                "moveProperties": "",
                "moveType": "Special Moves"
            },
            "M Bushin Jakura": {
                "moveCommand": "",
                "startUpFrames": "",
                "activeFrames": "",
                "recoveryFrames": "47+8 frame(s) after landing",
                "framesOnHit": "",
                "framesOnBlock": "",
                "vTriggerCancelHit": "",
                "vTriggerCancelBlock": "",
                "moveProperties": "",
                "moveType": "Special Moves"
            },
            "H Bushin Jakura": {
                "moveCommand": "",
                "startUpFrames": "",
                "activeFrames": "",
                "recoveryFrames": "47+8 frame(s) after landing",
                "framesOnHit": "",
                "framesOnBlock": "",
                "vTriggerCancelHit": "",
                "vTriggerCancelBlock": "",
                "moveProperties": "",
                "moveType": "Special Moves"
            },
            "EX Bushin Jakura": {
                "moveCommand": "",
                "startUpFrames": "",
                "activeFrames": "",
                "recoveryFrames": "46+7 frame(s) after landing",
                "framesOnHit": "",
                "framesOnBlock": "",
                "vTriggerCancelHit": "",
                "vTriggerCancelBlock": "",
                "moveProperties": "",
                "moveType": "Special Moves"
            },
            "Bushin Gekirinchu": {
                "moveCommand": "",
                "startUpFrames": "9",
                "activeFrames": "Until landing",
                "recoveryFrames": "15 frame(s) after landing",
                "framesOnHit": "",
                "framesOnBlock": "",
                "vTriggerCancelHit": "",
                "vTriggerCancelBlock": "",
                "moveProperties": "High",
                "moveType": "Special Moves"
            },
            "Bushin Kirinkyaku": {
                "moveCommand": "",
                "startUpFrames": "6",
                "activeFrames": "5",
                "recoveryFrames": "15 frame(s) after landing",
                "framesOnHit": "",
                "framesOnBlock": "",
                "vTriggerCancelHit": "",
                "vTriggerCancelBlock": "",
                "moveProperties": "High",
                "moveType": "Special Moves"
            },
            "Bushin Tengen": {
                "moveCommand": "",
                "startUpFrames": "5",
                "activeFrames": "2",
                "recoveryFrames": "17 frame(s) after landing",
                "framesOnHit": "D",
                "framesOnBlock": "",
                "vTriggerCancelHit": "",
                "vTriggerCancelBlock": "",
                "moveProperties": "Throw",
                "moveType": "Special Moves"
            },
            "EX Bushin Gekirinchu": {
                "moveCommand": "",
                "startUpFrames": "9",
                "activeFrames": "Until landing",
                "recoveryFrames": "9 frame(s) after landing",
                "framesOnHit": "",
                "framesOnBlock": "",
                "vTriggerCancelHit": "",
                "vTriggerCancelBlock": "",
                "moveProperties": "High",
                "moveType": "Special Moves"
            },
            "EX Bushin Kirinkyaku": {
                "moveCommand": "",
                "startUpFrames": "6",
                "activeFrames": "5",
                "recoveryFrames": "9 frame(s) after landing",
                "framesOnHit": "",
                "framesOnBlock": "",
                "vTriggerCancelHit": "",
                "vTriggerCancelBlock": "",
                "moveProperties": "High",
                "moveType": "Special Moves"
            },
            "EX Bushin Tengen": {
                "moveCommand": "",
                "startUpFrames": "5",
                "activeFrames": "2",
                "recoveryFrames": "17 frame(s) after landing",
                "framesOnHit": "D",
                "framesOnBlock": "",
                "vTriggerCancelHit": "",
                "vTriggerCancelBlock": "",
                "moveProperties": "Throw",
                "moveType": "Special Moves"
            },
            "Shukumyo": {
                "moveCommand": "",
                "startUpFrames": "",
                "activeFrames": "",
                "recoveryFrames": "25 total frames",
                "framesOnHit": "",
                "framesOnBlock": "",
                "vTriggerCancelHit": "",
                "vTriggerCancelBlock": "",
                "moveProperties": "",
                "moveType": "Special Moves"
            },
            "V-Idaten": {
                "moveCommand": "",
                "startUpFrames": "",
                "activeFrames": "",
                "recoveryFrames": "25 total frames",
                "framesOnHit": "",
                "framesOnBlock": "",
                "vTriggerCancelHit": "",
                "vTriggerCancelBlock": "",
                "moveProperties": "",
                "moveType": "Special Moves"
            },
            "Bushin Bakujasho": {
                "moveCommand": "",
                "startUpFrames": "14",
                "activeFrames": "6",
                "recoveryFrames": "18",
                "framesOnHit": "D",
                "framesOnBlock": "-2",
                "vTriggerCancelHit": "",
                "vTriggerCancelBlock": "",
                "moveProperties": "High",
                "moveType": "Special Moves"
            }
        },
        "Critical Art": {
            "Batsuzan Gaisei": {
                "moveCommand": "",
                "startUpFrames": "1+3",
                "activeFrames": "8",
                "recoveryFrames": "47",
                "framesOnHit": "D",
                "framesOnBlock": "-33",
                "vTriggerCancelHit": "",
                "vTriggerCancelBlock": "",
                "moveProperties": "High",
                "moveType": "Critical Art"
            }
        },
        "V-System": {
            "[VS1] Fukuro": {
                "moveCommand": "",
                "startUpFrames": "14",
                "activeFrames": "4",
                "recoveryFrames": "29",
                "framesOnHit": "D",
                "framesOnBlock": "-7",
                "vTriggerCancelHit": "",
                "vTriggerCancelBlock": "",
                "moveProperties": "High",
                "moveType": "V-System"
            },
            "[VS2] Kuchiyose Shii": {
                "moveCommand": "",
                "startUpFrames": "182*",
                "activeFrames": "5",
                "recoveryFrames": "64 total frames",
                "framesOnHit": "D",
                "framesOnBlock": "",
                "vTriggerCancelHit": "",
                "vTriggerCancelBlock": "",
                "moveProperties": "High",
                "moveType": "V-System"
            },
            "Karura Tenzan": {
                "moveCommand": "",
                "startUpFrames": "1+5",
                "activeFrames": "8",
                "recoveryFrames": "39",
                "framesOnHit": "D",
                "framesOnBlock": "-28",
                "vTriggerCancelHit": "",
                "vTriggerCancelBlock": "",
                "moveProperties": "High",
                "moveType": "V-System"
            },
            "Toushi": {
                "moveCommand": "",
                "startUpFrames": "12",
                "activeFrames": "2",
                "recoveryFrames": "24",
                "framesOnHit": "2",
                "framesOnBlock": "-2",
                "vTriggerCancelHit": "",
                "vTriggerCancelBlock": "",
                "moveProperties": "High",
                "moveType": "V-System"
            },
            "Bushinryu Shingekiko": {
                "moveCommand": "",
                "startUpFrames": "1",
                "activeFrames": "",
                "recoveryFrames": "5",
                "framesOnHit": "",
                "framesOnBlock": "",
                "vTriggerCancelHit": "",
                "vTriggerCancelBlock": "",
                "moveProperties": "",
                "moveType": "V-System"
            }
        },
        "Normal Throws": {
            "Tsurigane Otoshi": {
                "moveCommand": "",
                "startUpFrames": "5",
                "activeFrames": "3",
                "recoveryFrames": "17",
                "framesOnHit": "D",
                "framesOnBlock": "",
                "vTriggerCancelHit": "",
                "vTriggerCancelBlock": "",
                "moveProperties": "Throw",
                "moveType": "Normal Throws"
            },
            "Mikoshi": {
                "moveCommand": "",
                "startUpFrames": "5",
                "activeFrames": "3",
                "recoveryFrames": "17",
                "framesOnHit": "D",
                "framesOnBlock": "",
                "vTriggerCancelHit": "",
                "vTriggerCancelBlock": "",
                "moveProperties": "Throw",
                "moveType": "Normal Throws"
            }
        }
    }
}
