{
    "Zeku Young": {
        "Normal Moves": {
            "Standing LP": {
                "moveCommand": "",
                "startUpFrames": "4",
                "activeFrames": "2",
                "recoveryFrames": "9",
                "framesOnHit": "3",
                "framesOnBlock": "2",
                "vTriggerCancelHit": "2",
                "vTriggerCancelBlock": "1",
                "moveProperties": "High",
                "moveType": "Normal Moves"
            },
            "Standing MP": {
                "moveCommand": "",
                "startUpFrames": "5",
                "activeFrames": "2",
                "recoveryFrames": "16",
                "framesOnHit": "8",
                "framesOnBlock": "2",
                "vTriggerCancelHit": "14",
                "vTriggerCancelBlock": "8",
                "moveProperties": "High",
                "moveType": "Normal Moves"
            },
            "Standing HP": {
                "moveCommand": "",
                "startUpFrames": "12",
                "activeFrames": "2",
                "recoveryFrames": "20(*25)",
                "framesOnHit": "2",
                "framesOnBlock": "-3",
                "vTriggerCancelHit": "12",
                "vTriggerCancelBlock": "7",
                "moveProperties": "High",
                "moveType": "Normal Moves"
            },
            "Standing LK": {
                "moveCommand": "",
                "startUpFrames": "4",
                "activeFrames": "3",
                "recoveryFrames": "10",
                "framesOnHit": "4",
                "framesOnBlock": "-2",
                "vTriggerCancelHit": "5",
                "vTriggerCancelBlock": "-1",
                "moveProperties": "High",
                "moveType": "Normal Moves"
            },
            "Standing MK": {
                "moveCommand": "",
                "startUpFrames": "7",
                "activeFrames": "3",
                "recoveryFrames": "17",
                "framesOnHit": "2",
                "framesOnBlock": "-3",
                "vTriggerCancelHit": "10",
                "vTriggerCancelBlock": "5",
                "moveProperties": "High",
                "moveType": "Normal Moves"
            },
            "Standing HK": {
                "moveCommand": "",
                "startUpFrames": "12",
                "activeFrames": "4",
                "recoveryFrames": "19(*24)",
                "framesOnHit": "3",
                "framesOnBlock": "-2",
                "vTriggerCancelHit": "14",
                "vTriggerCancelBlock": "9",
                "moveProperties": "High",
                "moveType": "Normal Moves"
            },
            "Crouching LP": {
                "moveCommand": "",
                "startUpFrames": "3",
                "activeFrames": "2",
                "recoveryFrames": "8",
                "framesOnHit": "4",
                "framesOnBlock": "2",
                "vTriggerCancelHit": "2",
                "vTriggerCancelBlock": "0",
                "moveProperties": "High",
                "moveType": "Normal Moves"
            },
            "Crouching MP": {
                "moveCommand": "",
                "startUpFrames": "6",
                "activeFrames": "3",
                "recoveryFrames": "14",
                "framesOnHit": "5",
                "framesOnBlock": "1",
                "vTriggerCancelHit": "10",
                "vTriggerCancelBlock": "6",
                "moveProperties": "High",
                "moveType": "Normal Moves"
            },
            "Crouching HP": {
                "moveCommand": "",
                "startUpFrames": "10",
                "activeFrames": "3",
                "recoveryFrames": "20(*25)",
                "framesOnHit": "1",
                "framesOnBlock": "-5",
                "vTriggerCancelHit": "12",
                "vTriggerCancelBlock": "6",
                "moveProperties": "High",
                "moveType": "Normal Moves"
            },
            "Crouching LK": {
                "moveCommand": "",
                "startUpFrames": "5",
                "activeFrames": "2",
                "recoveryFrames": "8",
                "framesOnHit": "3",
                "framesOnBlock": "2",
                "vTriggerCancelHit": "1",
                "vTriggerCancelBlock": "0",
                "moveProperties": "Low",
                "moveType": "Normal Moves"
            },
            "Crouching MK": {
                "moveCommand": "",
                "startUpFrames": "7",
                "activeFrames": "3",
                "recoveryFrames": "16",
                "framesOnHit": "2",
                "framesOnBlock": "-3",
                "vTriggerCancelHit": "9",
                "vTriggerCancelBlock": "4",
                "moveProperties": "Low",
                "moveType": "Normal Moves"
            },
            "Crouching HK": {
                "moveCommand": "",
                "startUpFrames": "10",
                "activeFrames": "11",
                "recoveryFrames": "20",
                "framesOnHit": "D(*3)",
                "framesOnBlock": "-13",
                "vTriggerCancelHit": "D(*15)",
                "vTriggerCancelBlock": "6",
                "moveProperties": "Low",
                "moveType": "Normal Moves"
            },
            "Jumping LP": {
                "moveCommand": "",
                "startUpFrames": "5",
                "activeFrames": "6",
                "recoveryFrames": "",
                "framesOnHit": "",
                "framesOnBlock": "",
                "vTriggerCancelHit": "",
                "vTriggerCancelBlock": "",
                "moveProperties": "Mid",
                "moveType": "Normal Moves"
            },
            "Jumping MP": {
                "moveCommand": "",
                "startUpFrames": "8",
                "activeFrames": "2",
                "recoveryFrames": "",
                "framesOnHit": "",
                "framesOnBlock": "",
                "vTriggerCancelHit": "",
                "vTriggerCancelBlock": "",
                "moveProperties": "Mid",
                "moveType": "Normal Moves"
            },
            "Jumping HP": {
                "moveCommand": "",
                "startUpFrames": "8",
                "activeFrames": "2",
                "recoveryFrames": "",
                "framesOnHit": "",
                "framesOnBlock": "",
                "vTriggerCancelHit": "",
                "vTriggerCancelBlock": "",
                "moveProperties": "Mid",
                "moveType": "Normal Moves"
            },
            "Jumping LK": {
                "moveCommand": "",
                "startUpFrames": "5",
                "activeFrames": "6",
                "recoveryFrames": "",
                "framesOnHit": "",
                "framesOnBlock": "",
                "vTriggerCancelHit": "",
                "vTriggerCancelBlock": "",
                "moveProperties": "Mid",
                "moveType": "Normal Moves"
            },
            "Jumping MK": {
                "moveCommand": "",
                "startUpFrames": "7",
                "activeFrames": "4",
                "recoveryFrames": "",
                "framesOnHit": "",
                "framesOnBlock": "",
                "vTriggerCancelHit": "",
                "vTriggerCancelBlock": "",
                "moveProperties": "Mid",
                "moveType": "Normal Moves"
            },
            "Jumping HK": {
                "moveCommand": "",
                "startUpFrames": "8",
                "activeFrames": "4",
                "recoveryFrames": "",
                "framesOnHit": "",
                "framesOnBlock": "",
                "vTriggerCancelHit": "",
                "vTriggerCancelBlock": "",
                "moveProperties": "Mid",
                "moveType": "Normal Moves"
            },
            "Standing LP (from Idaten)": {
                "moveCommand": "",
                "startUpFrames": "4",
                "activeFrames": "2",
                "recoveryFrames": "11",
                "framesOnHit": "1",
                "framesOnBlock": "-1",
                "vTriggerCancelHit": "",
                "vTriggerCancelBlock": "",
                "moveProperties": "High",
                "moveType": "Normal Moves"
            },
            "Standing MP (from Idaten)": {
                "moveCommand": "",
                "startUpFrames": "5",
                "activeFrames": "2",
                "recoveryFrames": "21",
                "framesOnHit": "1",
                "framesOnBlock": "-3",
                "vTriggerCancelHit": "",
                "vTriggerCancelBlock": "",
                "moveProperties": "High",
                "moveType": "Normal Moves"
            },
            "Standing HP (from Idaten)": {
                "moveCommand": "",
                "startUpFrames": "12",
                "activeFrames": "2",
                "recoveryFrames": "26",
                "framesOnHit": "-4",
                "framesOnBlock": "-8",
                "vTriggerCancelHit": "",
                "vTriggerCancelBlock": "",
                "moveProperties": "High",
                "moveType": "Normal Moves"
            },
            "Standing LK (from Idaten)": {
                "moveCommand": "",
                "startUpFrames": "5",
                "activeFrames": "4",
                "recoveryFrames": "9",
                "framesOnHit": "1",
                "framesOnBlock": "0",
                "vTriggerCancelHit": "",
                "vTriggerCancelBlock": "",
                "moveProperties": "High",
                "moveType": "Normal Moves"
            },
            "Standing MK (from Idaten)": {
                "moveCommand": "",
                "startUpFrames": "8",
                "activeFrames": "4",
                "recoveryFrames": "23",
                "framesOnHit": "-3",
                "framesOnBlock": "-8",
                "vTriggerCancelHit": "",
                "vTriggerCancelBlock": "",
                "moveProperties": "High",
                "moveType": "Normal Moves"
            },
            "Standing HK (from Idaten)": {
                "moveCommand": "",
                "startUpFrames": "12",
                "activeFrames": "4",
                "recoveryFrames": "25",
                "framesOnHit": "-3",
                "framesOnBlock": "-8",
                "vTriggerCancelHit": "",
                "vTriggerCancelBlock": "",
                "moveProperties": "High",
                "moveType": "Normal Moves"
            },
            "Crouching LP (from Idaten)": {
                "moveCommand": "",
                "startUpFrames": "3",
                "activeFrames": "2",
                "recoveryFrames": "10",
                "framesOnHit": "2",
                "framesOnBlock": "0",
                "vTriggerCancelHit": "",
                "vTriggerCancelBlock": "",
                "moveProperties": "High",
                "moveType": "Normal Moves"
            },
            "Crouching MP (from Idaten)": {
                "moveCommand": "",
                "startUpFrames": "6",
                "activeFrames": "3",
                "recoveryFrames": "19",
                "framesOnHit": "-2",
                "framesOnBlock": "-4",
                "vTriggerCancelHit": "",
                "vTriggerCancelBlock": "",
                "moveProperties": "High",
                "moveType": "Normal Moves"
            },
            "Crouching HP (from Idaten)": {
                "moveCommand": "",
                "startUpFrames": "10",
                "activeFrames": "3",
                "recoveryFrames": "26",
                "framesOnHit": "-5",
                "framesOnBlock": "-9",
                "vTriggerCancelHit": "",
                "vTriggerCancelBlock": "",
                "moveProperties": "High",
                "moveType": "Normal Moves"
            },
            "Crouching LK (from Idaten)": {
                "moveCommand": "",
                "startUpFrames": "5",
                "activeFrames": "2",
                "recoveryFrames": "10",
                "framesOnHit": "1",
                "framesOnBlock": "0",
                "vTriggerCancelHit": "",
                "vTriggerCancelBlock": "",
                "moveProperties": "Low",
                "moveType": "Normal Moves"
            },
            "Crouching MK (from Idaten)": {
                "moveCommand": "",
                "startUpFrames": "8",
                "activeFrames": "3",
                "recoveryFrames": "21",
                "framesOnHit": "-4",
                "framesOnBlock": "-8",
                "vTriggerCancelHit": "",
                "vTriggerCancelBlock": "",
                "moveProperties": "Low",
                "moveType": "Normal Moves"
            },
            "Crouching HK (from Idaten)": {
                "moveCommand": "",
                "startUpFrames": "10",
                "activeFrames": "11",
                "recoveryFrames": "26",
                "framesOnHit": "D",
                "framesOnBlock": "-18",
                "vTriggerCancelHit": "",
                "vTriggerCancelBlock": "",
                "moveProperties": "Low",
                "moveType": "Normal Moves"
            }
        },
        "Special Moves": {
            "Kubi Kudaki": {
                "moveCommand": "Forward Fierce",
                "startUpFrames": "22",
                "activeFrames": "2",
                "recoveryFrames": "22",
                "framesOnHit": "1",
                "framesOnBlock": "-7",
                "vTriggerCancelHit": "",
                "vTriggerCancelBlock": "",
                "moveProperties": "Mid",
                "moveType": "Special Moves"
            },
            "Kaeshi Saiha": {
                "moveCommand": "",
                "startUpFrames": "10",
                "activeFrames": "2",
                "recoveryFrames": "25",
                "framesOnHit": "D",
                "framesOnBlock": "-12",
                "vTriggerCancelHit": "D",
                "vTriggerCancelBlock": "3",
                "moveProperties": "High",
                "moveType": "Special Moves"
            },
            "Kaeshi Urasaiha": {
                "moveCommand": "",
                "startUpFrames": "9",
                "activeFrames": "1",
                "recoveryFrames": "28",
                "framesOnHit": "D",
                "framesOnBlock": "-10",
                "vTriggerCancelHit": "D",
                "vTriggerCancelBlock": "7",
                "moveProperties": "High",
                "moveType": "Special Moves"
            },
            "Kagerou": {
                "moveCommand": "",
                "startUpFrames": "14",
                "activeFrames": "2",
                "recoveryFrames": "31",
                "framesOnHit": "D",
                "framesOnBlock": "",
                "vTriggerCancelHit": "",
                "vTriggerCancelBlock": "",
                "moveProperties": "High",
                "moveType": "Special Moves"
            },
            "Urakagerou": {
                "moveCommand": "",
                "startUpFrames": "14",
                "activeFrames": "2",
                "recoveryFrames": "31",
                "framesOnHit": "D",
                "framesOnBlock": "",
                "vTriggerCancelHit": "",
                "vTriggerCancelBlock": "",
                "moveProperties": "High",
                "moveType": "Special Moves"
            },
            "Sekibu No Jin": {
                "moveCommand": "",
                "startUpFrames": "54",
                "activeFrames": "21",
                "recoveryFrames": "64 total frames",
                "framesOnHit": "D",
                "framesOnBlock": "",
                "vTriggerCancelHit": "",
                "vTriggerCancelBlock": "",
                "moveProperties": "High",
                "moveType": "Special Moves"
            },
            "Hakuso No Jin": {
                "moveCommand": "",
                "startUpFrames": "54",
                "activeFrames": "21",
                "recoveryFrames": "64 total frames",
                "framesOnHit": "D",
                "framesOnBlock": "",
                "vTriggerCancelHit": "",
                "vTriggerCancelBlock": "",
                "moveProperties": "High",
                "moveType": "Special Moves"
            },
            "Sankaku Tobi": {
                "moveCommand": "",
                "startUpFrames": "",
                "activeFrames": "",
                "recoveryFrames": "",
                "framesOnHit": "",
                "framesOnBlock": "",
                "vTriggerCancelHit": "",
                "vTriggerCancelBlock": "",
                "moveProperties": "",
                "moveType": "Special Moves"
            },
            "Hassou Tobi": {
                "moveCommand": "",
                "startUpFrames": "",
                "activeFrames": "",
                "recoveryFrames": "",
                "framesOnHit": "",
                "framesOnBlock": "",
                "vTriggerCancelHit": "",
                "vTriggerCancelBlock": "",
                "moveProperties": "",
                "moveType": "Special Moves"
            },
            "Bushin Shidenkyaku": {
                "moveCommand": "",
                "startUpFrames": "27",
                "activeFrames": "Until landing",
                "recoveryFrames": "4 frame(s) after landing",
                "framesOnHit": "",
                "framesOnBlock": "",
                "vTriggerCancelHit": "",
                "vTriggerCancelBlock": "",
                "moveProperties": "Mid",
                "moveType": "Special Moves"
            },
            "Bushin Soukosou": {
                "moveCommand": "",
                "startUpFrames": "13",
                "activeFrames": "2",
                "recoveryFrames": "24",
                "framesOnHit": "-2",
                "framesOnBlock": "-6",
                "vTriggerCancelHit": "12",
                "vTriggerCancelBlock": "8",
                "moveProperties": "High",
                "moveType": "Special Moves"
            },
            "Bushin Gokusanken - Ni": {
                "moveCommand": "",
                "startUpFrames": "5",
                "activeFrames": "3",
                "recoveryFrames": "22",
                "framesOnHit": "-3",
                "framesOnBlock": "-7",
                "vTriggerCancelHit": "",
                "vTriggerCancelBlock": "",
                "moveProperties": "High",
                "moveType": "Special Moves"
            },
            "Bushin Gokusanken - San": {
                "moveCommand": "",
                "startUpFrames": "11",
                "activeFrames": "4",
                "recoveryFrames": "30",
                "framesOnHit": "D",
                "framesOnBlock": "-11",
                "vTriggerCancelHit": "",
                "vTriggerCancelBlock": "",
                "moveProperties": "High",
                "moveType": "Special Moves"
            },
            "Bushin Gokusanken - Shu": {
                "moveCommand": "",
                "startUpFrames": "16",
                "activeFrames": "7",
                "recoveryFrames": "27",
                "framesOnHit": "D",
                "framesOnBlock": "-16",
                "vTriggerCancelHit": "",
                "vTriggerCancelBlock": "",
                "moveProperties": "High",
                "moveType": "Special Moves"
            },
            "Bushin Gokusanage": {
                "moveCommand": "",
                "startUpFrames": "7",
                "activeFrames": "2",
                "recoveryFrames": "29",
                "framesOnHit": "D",
                "framesOnBlock": "",
                "vTriggerCancelHit": "",
                "vTriggerCancelBlock": "",
                "moveProperties": "Throw",
                "moveType": "Special Moves"
            },
            "L Bushin Sho": {
                "moveCommand": "",
                "startUpFrames": "12",
                "activeFrames": "6",
                "recoveryFrames": "20",
                "framesOnHit": "D",
                "framesOnBlock": "-4",
                "vTriggerCancelHit": "",
                "vTriggerCancelBlock": "",
                "moveProperties": "High",
                "moveType": "Special Moves"
            },
            "M Bushin Sho": {
                "moveCommand": "",
                "startUpFrames": "18",
                "activeFrames": "6",
                "recoveryFrames": "16",
                "framesOnHit": "D",
                "framesOnBlock": "-2",
                "vTriggerCancelHit": "",
                "vTriggerCancelBlock": "",
                "moveProperties": "High",
                "moveType": "Special Moves"
            },
            "H Bushin Sho": {
                "moveCommand": "",
                "startUpFrames": "24",
                "activeFrames": "6",
                "recoveryFrames": "15",
                "framesOnHit": "D",
                "framesOnBlock": "2",
                "vTriggerCancelHit": "",
                "vTriggerCancelBlock": "",
                "moveProperties": "High",
                "moveType": "Special Moves"
            },
            "EX Bushin Sho": {
                "moveCommand": "",
                "startUpFrames": "23",
                "activeFrames": "6",
                "recoveryFrames": "21",
                "framesOnHit": "(crumple)",
                "framesOnBlock": "2",
                "vTriggerCancelHit": "",
                "vTriggerCancelBlock": "",
                "moveProperties": "High",
                "moveType": "Special Moves"
            },
            "L Hozanto": {
                "moveCommand": "",
                "startUpFrames": "12",
                "activeFrames": "6",
                "recoveryFrames": "12(*22)",
                "framesOnHit": "D",
                "framesOnBlock": "-6",
                "vTriggerCancelHit": "",
                "vTriggerCancelBlock": "",
                "moveProperties": "High",
                "moveType": "Special Moves"
            },
            "M Hozanto": {
                "moveCommand": "",
                "startUpFrames": "22",
                "activeFrames": "6",
                "recoveryFrames": "13",
                "framesOnHit": "D",
                "framesOnBlock": "-6",
                "vTriggerCancelHit": "",
                "vTriggerCancelBlock": "",
                "moveProperties": "High",
                "moveType": "Special Moves"
            },
            "H Hozanto": {
                "moveCommand": "",
                "startUpFrames": "26",
                "activeFrames": "5",
                "recoveryFrames": "14",
                "framesOnHit": "D",
                "framesOnBlock": "-6",
                "vTriggerCancelHit": "",
                "vTriggerCancelBlock": "",
                "moveProperties": "High",
                "moveType": "Special Moves"
            },
            "EX Hozanto": {
                "moveCommand": "",
                "startUpFrames": "16",
                "activeFrames": "9",
                "recoveryFrames": "14",
                "framesOnHit": "D",
                "framesOnBlock": "-6",
                "vTriggerCancelHit": "",
                "vTriggerCancelBlock": "",
                "moveProperties": "High",
                "moveType": "Special Moves"
            },
            "L Bushin Sangoku Otoshi": {
                "moveCommand": "",
                "startUpFrames": "4",
                "activeFrames": "2",
                "recoveryFrames": "6 frame(s) after landing",
                "framesOnHit": "D",
                "framesOnBlock": "",
                "vTriggerCancelHit": "",
                "vTriggerCancelBlock": "",
                "moveProperties": "Throw",
                "moveType": "Special Moves"
            },
            "M Bushin Sangoku Otoshi": {
                "moveCommand": "",
                "startUpFrames": "5",
                "activeFrames": "2",
                "recoveryFrames": "6 frame(s) after landing",
                "framesOnHit": "D",
                "framesOnBlock": "",
                "vTriggerCancelHit": "",
                "vTriggerCancelBlock": "",
                "moveProperties": "Throw",
                "moveType": "Special Moves"
            },
            "H Bushin Sangoku Otoshi": {
                "moveCommand": "",
                "startUpFrames": "6",
                "activeFrames": "2",
                "recoveryFrames": "6 frame(s) after landing",
                "framesOnHit": "D",
                "framesOnBlock": "",
                "vTriggerCancelHit": "",
                "vTriggerCancelBlock": "",
                "moveProperties": "Throw",
                "moveType": "Special Moves"
            },
            "EX Bushin Sangoku Otoshi": {
                "moveCommand": "",
                "startUpFrames": "4",
                "activeFrames": "2",
                "recoveryFrames": "6 frame(s) after landing",
                "framesOnHit": "D",
                "framesOnBlock": "",
                "vTriggerCancelHit": "",
                "vTriggerCancelBlock": "",
                "moveProperties": "Throw",
                "moveType": "Special Moves"
            },
            "Hayagake": {
                "moveCommand": "",
                "startUpFrames": "",
                "activeFrames": "",
                "recoveryFrames": "69 total frames",
                "framesOnHit": "",
                "framesOnBlock": "",
                "vTriggerCancelHit": "",
                "vTriggerCancelBlock": "",
                "moveProperties": "",
                "moveType": "Special Moves"
            },
            "EX Hayagake": {
                "moveCommand": "",
                "startUpFrames": "",
                "activeFrames": "",
                "recoveryFrames": "40 total frames",
                "framesOnHit": "",
                "framesOnBlock": "",
                "vTriggerCancelHit": "",
                "vTriggerCancelBlock": "",
                "moveProperties": "",
                "moveType": "Special Moves"
            },
            "Tozetsu": {
                "moveCommand": "",
                "startUpFrames": "",
                "activeFrames": "",
                "recoveryFrames": "15 total frames",
                "framesOnHit": "",
                "framesOnBlock": "",
                "vTriggerCancelHit": "",
                "vTriggerCancelBlock": "",
                "moveProperties": "",
                "moveType": "Special Moves"
            },
            "Ashikari": {
                "moveCommand": "",
                "startUpFrames": "9",
                "activeFrames": "9",
                "recoveryFrames": "27",
                "framesOnHit": "D",
                "framesOnBlock": "-21",
                "vTriggerCancelHit": "",
                "vTriggerCancelBlock": "",
                "moveProperties": "Low",
                "moveType": "Special Moves"
            },
            "Gekkou": {
                "moveCommand": "",
                "startUpFrames": "22",
                "activeFrames": "4",
                "recoveryFrames": "24",
                "framesOnHit": "D",
                "framesOnBlock": "-5",
                "vTriggerCancelHit": "",
                "vTriggerCancelBlock": "",
                "moveProperties": "Mid",
                "moveType": "Special Moves"
            },
            "EX Tozetsu": {
                "moveCommand": "",
                "startUpFrames": "",
                "activeFrames": "",
                "recoveryFrames": "12 total frames",
                "framesOnHit": "",
                "framesOnBlock": "",
                "vTriggerCancelHit": "",
                "vTriggerCancelBlock": "",
                "moveProperties": "",
                "moveType": "Special Moves"
            },
            "EX Ashikari": {
                "moveCommand": "",
                "startUpFrames": "9",
                "activeFrames": "9",
                "recoveryFrames": "27",
                "framesOnHit": "D",
                "framesOnBlock": "-21",
                "vTriggerCancelHit": "",
                "vTriggerCancelBlock": "",
                "moveProperties": "Low",
                "moveType": "Special Moves"
            },
            "EX Gekkou": {
                "moveCommand": "",
                "startUpFrames": "22",
                "activeFrames": "4",
                "recoveryFrames": "24",
                "framesOnHit": "D",
                "framesOnBlock": "-2",
                "vTriggerCancelHit": "",
                "vTriggerCancelBlock": "",
                "moveProperties": "Mid",
                "moveType": "Special Moves"
            },
            "Shukumyo": {
                "moveCommand": "",
                "startUpFrames": "",
                "activeFrames": "",
                "recoveryFrames": "25 total frames",
                "framesOnHit": "",
                "framesOnBlock": "",
                "vTriggerCancelHit": "",
                "vTriggerCancelBlock": "",
                "moveProperties": "",
                "moveType": "Special Moves"
            },
            "V-Idaten": {
                "moveCommand": "",
                "startUpFrames": "",
                "activeFrames": "",
                "recoveryFrames": "25 total frames",
                "framesOnHit": "",
                "framesOnBlock": "",
                "vTriggerCancelHit": "",
                "vTriggerCancelBlock": "",
                "moveProperties": "",
                "moveType": "Special Moves"
            },
            "Bushin Seiryukyaku": {
                "moveCommand": "",
                "startUpFrames": "14",
                "activeFrames": "5",
                "recoveryFrames": "21",
                "framesOnHit": "D",
                "framesOnBlock": "-2",
                "vTriggerCancelHit": "",
                "vTriggerCancelBlock": "",
                "moveProperties": "High",
                "moveType": "Special Moves"
            }
        },
        "Critical Art": {
            "Batsuzan Gaisei": {
                "moveCommand": "",
                "startUpFrames": "1+3",
                "activeFrames": "8",
                "recoveryFrames": "47",
                "framesOnHit": "D",
                "framesOnBlock": "-33",
                "vTriggerCancelHit": "",
                "vTriggerCancelBlock": "",
                "moveProperties": "High",
                "moveType": "Critical Art"
            }
        },
        "V-System": {
            "[VS1] Tenpo Kari": {
                "moveCommand": "",
                "startUpFrames": "14",
                "activeFrames": "2",
                "recoveryFrames": "31",
                "framesOnHit": "D",
                "framesOnBlock": "-7",
                "vTriggerCancelHit": "",
                "vTriggerCancelBlock": "",
                "moveProperties": "High",
                "moveType": "V-System"
            },
            "[VS2] Kuchiyose - Bii": {
                "moveCommand": "",
                "startUpFrames": "54",
                "activeFrames": "21",
                "recoveryFrames": "64 total frames",
                "framesOnHit": "D",
                "framesOnBlock": "",
                "vTriggerCancelHit": "",
                "vTriggerCancelBlock": "",
                "moveProperties": "High",
                "moveType": "V-System"
            },
            "Bushinryu Shingekiko": {
                "moveCommand": "",
                "startUpFrames": "1",
                "activeFrames": "",
                "recoveryFrames": "5",
                "framesOnHit": "",
                "framesOnBlock": "",
                "vTriggerCancelHit": "",
                "vTriggerCancelBlock": "",
                "moveProperties": "",
                "moveType": "V-System"
            },
            "Toushi": {
                "moveCommand": "",
                "startUpFrames": "12",
                "activeFrames": "2",
                "recoveryFrames": "24",
                "framesOnHit": "2",
                "framesOnBlock": "-2",
                "vTriggerCancelHit": "",
                "vTriggerCancelBlock": "",
                "moveProperties": "High",
                "moveType": "V-System"
            },
            "Karura Tenzan": {
                "moveCommand": "",
                "startUpFrames": "1+5",
                "activeFrames": "8",
                "recoveryFrames": "39",
                "framesOnHit": "D",
                "framesOnBlock": "-28",
                "vTriggerCancelHit": "",
                "vTriggerCancelBlock": "",
                "moveProperties": "High",
                "moveType": "V-System"
            }
        },
        "Normal Throws": {
            "Tesso": {
                "moveCommand": "",
                "startUpFrames": "5",
                "activeFrames": "3",
                "recoveryFrames": "17",
                "framesOnHit": "D",
                "framesOnBlock": "",
                "vTriggerCancelHit": "",
                "vTriggerCancelBlock": "",
                "moveProperties": "Throw",
                "moveType": "Normal Throws"
            },
            "Raiju": {
                "moveCommand": "",
                "startUpFrames": "5",
                "activeFrames": "3",
                "recoveryFrames": "17",
                "framesOnHit": "D",
                "framesOnBlock": "",
                "vTriggerCancelHit": "",
                "vTriggerCancelBlock": "",
                "moveProperties": "Throw",
                "moveType": "Normal Throws"
            }
        }
    }
}
